[     441ms] [INFO] %cDownload the React DevTools for a better development experience: https://reactjs.org/link/react-devtools font-weight:bold @ webpack-internal:///(pages-dir-browser)/./node_modules/react-dom/cjs/react-dom.development.js:29834
[     462ms] ReferenceError: __turbopack_load_page_chunks__ is not defined
    at http://localhost:3111/_next/static/chunks/pages/_app.js:1:1
[     463ms] ReferenceError: __turbopack_load_page_chunks__ is not defined
    at http://localhost:3111/_next/static/chunks/pages/index.js:1:1
[     467ms] [LOG] [HMR] connected @ webpack-internal:///(pages-dir-browser)/./node_modules/next/dist/next-devtools/shared/forward-logs-shared.js:27
[     467ms] [WARNING] [HMR] Invalid message: {"type":"isrManifest","data":{"/":true}}
TypeError: Cannot read properties of undefined (reading 'components')
    at handleStaticIndicator (webpack-internal:///(pages-dir-browser)/./node_modules/next/dist/client/dev/hot-reloader/pages/hot-reloader-pages.js:177:46)
    at processMessage (webpack-internal:///(pages-dir-browser)/./node_modules/next/dist/client/dev/hot-reloader/pages/hot-reloader-pages.js:191:17)
    at eval (webpack-internal:///(pages-dir-browser)/./node_modules/next/dist/client/dev/hot-reloader/pages/hot-reloader-pages.js:69:13)
    at WebSocket.handleMessage (webpack-internal:///(pages-dir-browser)/./node_modules/next/dist/client/dev/hot-reloader/pages/websocket.js:68:17) @ webpack-internal:///(pages-dir-browser)/./node_modules/next/dist/next-devtools/shared/forward-logs-shared.js:27
[     535ms] [LOG] [Fast Refresh] rebuilding @ webpack-internal:///(pages-dir-browser)/./node_modules/next/dist/next-devtools/shared/forward-logs-shared.js:27
[     536ms] [ERROR] Failed to load resource: the server responded with a status of 404 (Not Found) @ http://localhost:3111/_next/static/webpack/882bcfdc2ebfc3a1.webpack.hot-update.json:0
[     549ms] [ERROR] Failed to load resource: the server responded with a status of 404 (Not Found) @ http://localhost:3111/_next/static/webpack/882bcfdc2ebfc3a1.webpack.hot-update.json:0
[     552ms] [LOG] [Fast Refresh] rebuilding @ webpack-internal:///(pages-dir-browser)/./node_modules/next/dist/next-devtools/shared/forward-logs-shared.js:27
[     564ms] [WARNING] [HMR] Invalid message: {"type":"isrManifest","data":{"/":true}}
TypeError: Cannot read properties of undefined (reading 'components')
    at handleStaticIndicator (webpack-internal:///(pages-dir-browser)/./node_modules/next/dist/client/dev/hot-reloader/pages/hot-reloader-pages.js:177:46)
    at processMessage (webpack-internal:///(pages-dir-browser)/./node_modules/next/dist/client/dev/hot-reloader/pages/hot-reloader-pages.js:191:17)
    at eval (webpack-internal:///(pages-dir-browser)/./node_modules/next/dist/client/dev/hot-reloader/pages/hot-reloader-pages.js:69:13)
    at WebSocket.handleMessage (webpack-internal:///(pages-dir-browser)/./node_modules/next/dist/client/dev/hot-reloader/pages/websocket.js:68:17) @ webpack-internal:///(pages-dir-browser)/./node_modules/next/dist/next-devtools/shared/forward-logs-shared.js:27
[     977ms] [INFO] %cDownload the React DevTools for a better development experience: https://reactjs.org/link/react-devtools font-weight:bold @ webpack-internal:///(pages-dir-browser)/./node_modules/react-dom/cjs/react-dom.development.js:29834
[    1005ms] ReferenceError: __turbopack_load_page_chunks__ is not defined
    at http://localhost:3111/_next/static/chunks/pages/_app.js:1:1
[    1006ms] ReferenceError: __turbopack_load_page_chunks__ is not defined
    at http://localhost:3111/_next/static/chunks/pages/index.js:1:1
[    1010ms] [LOG] [HMR] connected @ webpack-internal:///(pages-dir-browser)/./node_modules/next/dist/next-devtools/shared/forward-logs-shared.js:27
[    1010ms] [WARNING] [HMR] Invalid message: {"type":"isrManifest","data":{"/":true}}
TypeError: Cannot read properties of undefined (reading 'components')
    at handleStaticIndicator (webpack-internal:///(pages-dir-browser)/./node_modules/next/dist/client/dev/hot-reloader/pages/hot-reloader-pages.js:177:46)
    at processMessage (webpack-internal:///(pages-dir-browser)/./node_modules/next/dist/client/dev/hot-reloader/pages/hot-reloader-pages.js:191:17)
    at eval (webpack-internal:///(pages-dir-browser)/./node_modules/next/dist/client/dev/hot-reloader/pages/hot-reloader-pages.js:69:13)
    at WebSocket.handleMessage (webpack-internal:///(pages-dir-browser)/./node_modules/next/dist/client/dev/hot-reloader/pages/websocket.js:68:17) @ webpack-internal:///(pages-dir-browser)/./node_modules/next/dist/next-devtools/shared/forward-logs-shared.js:27
[    1074ms] [ERROR] Failed to load resource: the server responded with a status of 404 (Not Found) @ http://localhost:3111/_next/static/webpack/882bcfdc2ebfc3a1.webpack.hot-update.json:0
[    1090ms] [LOG] [Fast Refresh] rebuilding @ webpack-internal:///(pages-dir-browser)/./node_modules/next/dist/next-devtools/shared/forward-logs-shared.js:27
[    1104ms] [WARNING] [HMR] Invalid message: {"type":"isrManifest","data":{"/":true}}
TypeError: Cannot read properties of undefined (reading 'components')
    at handleStaticIndicator (webpack-internal:///(pages-dir-browser)/./node_modules/next/dist/client/dev/hot-reloader/pages/hot-reloader-pages.js:177:46)
    at processMessage (webpack-internal:///(pages-dir-browser)/./node_modules/next/dist/client/dev/hot-reloader/pages/hot-reloader-pages.js:191:17)
    at eval (webpack-internal:///(pages-dir-browser)/./node_modules/next/dist/client/dev/hot-reloader/pages/hot-reloader-pages.js:69:13)
    at WebSocket.handleMessage (webpack-internal:///(pages-dir-browser)/./node_modules/next/dist/client/dev/hot-reloader/pages/websocket.js:68:17) @ webpack-internal:///(pages-dir-browser)/./node_modules/next/dist/next-devtools/shared/forward-logs-shared.js:27
[    1535ms] [INFO] %cDownload the React DevTools for a better development experience: https://reactjs.org/link/react-devtools font-weight:bold @ webpack-internal:///(pages-dir-browser)/./node_modules/react-dom/cjs/react-dom.development.js:29834
[    1560ms] ReferenceError: __turbopack_load_page_chunks__ is not defined
    at http://localhost:3111/_next/static/chunks/pages/_app.js:1:1
[    1560ms] ReferenceError: __turbopack_load_page_chunks__ is not defined
    at http://localhost:3111/_next/static/chunks/pages/index.js:1:1
[    1564ms] [LOG] [HMR] connected @ webpack-internal:///(pages-dir-browser)/./node_modules/next/dist/next-devtools/shared/forward-logs-shared.js:27
[    1565ms] [WARNING] [HMR] Invalid message: {"type":"isrManifest","data":{"/":true}}
TypeError: Cannot read properties of undefined (reading 'components')
    at handleStaticIndicator (webpack-internal:///(pages-dir-browser)/./node_modules/next/dist/client/dev/hot-reloader/pages/hot-reloader-pages.js:177:46)
    at processMessage (webpack-internal:///(pages-dir-browser)/./node_modules/next/dist/client/dev/hot-reloader/pages/hot-reloader-pages.js:191:17)
    at eval (webpack-internal:///(pages-dir-browser)/./node_modules/next/dist/client/dev/hot-reloader/pages/hot-reloader-pages.js:69:13)
    at WebSocket.handleMessage (webpack-internal:///(pages-dir-browser)/./node_modules/next/dist/client/dev/hot-reloader/pages/websocket.js:68:17) @ webpack-internal:///(pages-dir-browser)/./node_modules/next/dist/next-devtools/shared/forward-logs-shared.js:27
[    1615ms] [ERROR] Failed to load resource: the server responded with a status of 404 (Not Found) @ http://localhost:3111/_next/static/webpack/882bcfdc2ebfc3a1.webpack.hot-update.json:0
[    1639ms] [LOG] [Fast Refresh] rebuilding @ webpack-internal:///(pages-dir-browser)/./node_modules/next/dist/next-devtools/shared/forward-logs-shared.js:27
[    1644ms] [WARNING] [HMR] Invalid message: {"type":"isrManifest","data":{"/":true}}
TypeError: Cannot read properties of undefined (reading 'components')
    at handleStaticIndicator (webpack-internal:///(pages-dir-browser)/./node_modules/next/dist/client/dev/hot-reloader/pages/hot-reloader-pages.js:177:46)
    at processMessage (webpack-internal:///(pages-dir-browser)/./node_modules/next/dist/client/dev/hot-reloader/pages/hot-reloader-pages.js:191:17)
    at eval (webpack-internal:///(pages-dir-browser)/./node_modules/next/dist/client/dev/hot-reloader/pages/hot-reloader-pages.js:69:13)
    at WebSocket.handleMessage (webpack-internal:///(pages-dir-browser)/./node_modules/next/dist/client/dev/hot-reloader/pages/websocket.js:68:17) @ webpack-internal:///(pages-dir-browser)/./node_modules/next/dist/next-devtools/shared/forward-logs-shared.js:27
[    2048ms] [INFO] %cDownload the React DevTools for a better development experience: https://reactjs.org/link/react-devtools font-weight:bold @ webpack-internal:///(pages-dir-browser)/./node_modules/react-dom/cjs/react-dom.development.js:29834
[    2080ms] ReferenceError: __turbopack_load_page_chunks__ is not defined
    at http://localhost:3111/_next/static/chunks/pages/_app.js:1:1
[    2081ms] ReferenceError: __turbopack_load_page_chunks__ is not defined
    at http://localhost:3111/_next/static/chunks/pages/index.js:1:1
[    2085ms] [LOG] [HMR] connected @ webpack-internal:///(pages-dir-browser)/./node_modules/next/dist/next-devtools/shared/forward-logs-shared.js:27
[    2086ms] [WARNING] [HMR] Invalid message: {"type":"isrManifest","data":{"/":true}}
TypeError: Cannot read properties of undefined (reading 'components')
    at handleStaticIndicator (webpack-internal:///(pages-dir-browser)/./node_modules/next/dist/client/dev/hot-reloader/pages/hot-reloader-pages.js:177:46)
    at processMessage (webpack-internal:///(pages-dir-browser)/./node_modules/next/dist/client/dev/hot-reloader/pages/hot-reloader-pages.js:191:17)
    at eval (webpack-internal:///(pages-dir-browser)/./node_modules/next/dist/client/dev/hot-reloader/pages/hot-reloader-pages.js:69:13)
    at WebSocket.handleMessage (webpack-internal:///(pages-dir-browser)/./node_modules/next/dist/client/dev/hot-reloader/pages/websocket.js:68:17) @ webpack-internal:///(pages-dir-browser)/./node_modules/next/dist/next-devtools/shared/forward-logs-shared.js:27
[    2104ms] [ERROR] Failed to load resource: the server responded with a status of 404 (Not Found) @ http://localhost:3111/_next/static/webpack/882bcfdc2ebfc3a1.webpack.hot-update.json:0
[    2556ms] [INFO] %cDownload the React DevTools for a better development experience: https://reactjs.org/link/react-devtools font-weight:bold @ webpack-internal:///(pages-dir-browser)/./node_modules/react-dom/cjs/react-dom.development.js:29834
[    2574ms] ReferenceError: __turbopack_load_page_chunks__ is not defined
    at http://localhost:3111/_next/static/chunks/pages/_app.js:1:1
[    2574ms] ReferenceError: __turbopack_load_page_chunks__ is not defined
    at http://localhost:3111/_next/static/chunks/pages/index.js:1:1
[    2580ms] [LOG] [HMR] connected @ webpack-internal:///(pages-dir-browser)/./node_modules/next/dist/next-devtools/shared/forward-logs-shared.js:27
[    2580ms] [WARNING] [HMR] Invalid message: {"type":"isrManifest","data":{"/":true}}
TypeError: Cannot read properties of undefined (reading 'components')
    at handleStaticIndicator (webpack-internal:///(pages-dir-browser)/./node_modules/next/dist/client/dev/hot-reloader/pages/hot-reloader-pages.js:177:46)
    at processMessage (webpack-internal:///(pages-dir-browser)/./node_modules/next/dist/client/dev/hot-reloader/pages/hot-reloader-pages.js:191:17)
    at eval (webpack-internal:///(pages-dir-browser)/./node_modules/next/dist/client/dev/hot-reloader/pages/hot-reloader-pages.js:69:13)
    at WebSocket.handleMessage (webpack-internal:///(pages-dir-browser)/./node_modules/next/dist/client/dev/hot-reloader/pages/websocket.js:68:17) @ webpack-internal:///(pages-dir-browser)/./node_modules/next/dist/next-devtools/shared/forward-logs-shared.js:27
[    2593ms] [ERROR] Failed to load resource: the server responded with a status of 404 (Not Found) @ http://localhost:3111/_next/static/webpack/882bcfdc2ebfc3a1.webpack.hot-update.json:0
[    2611ms] [LOG] [Fast Refresh] rebuilding @ webpack-internal:///(pages-dir-browser)/./node_modules/next/dist/next-devtools/shared/forward-logs-shared.js:27
[    2623ms] [WARNING] [HMR] Invalid message: {"type":"isrManifest","data":{"/":true}}
TypeError: Cannot read properties of undefined (reading 'components')
    at handleStaticIndicator (webpack-internal:///(pages-dir-browser)/./node_modules/next/dist/client/dev/hot-reloader/pages/hot-reloader-pages.js:177:46)
    at processMessage (webpack-internal:///(pages-dir-browser)/./node_modules/next/dist/client/dev/hot-reloader/pages/hot-reloader-pages.js:191:17)
    at eval (webpack-internal:///(pages-dir-browser)/./node_modules/next/dist/client/dev/hot-reloader/pages/hot-reloader-pages.js:69:13)
    at WebSocket.handleMessage (webpack-internal:///(pages-dir-browser)/./node_modules/next/dist/client/dev/hot-reloader/pages/websocket.js:68:17) @ webpack-internal:///(pages-dir-browser)/./node_modules/next/dist/next-devtools/shared/forward-logs-shared.js:27
[    3016ms] [INFO] %cDownload the React DevTools for a better development experience: https://reactjs.org/link/react-devtools font-weight:bold @ webpack-internal:///(pages-dir-browser)/./node_modules/react-dom/cjs/react-dom.development.js:29834
[    3033ms] ReferenceError: __turbopack_load_page_chunks__ is not defined
    at http://localhost:3111/_next/static/chunks/pages/_app.js:1:1
[    3033ms] ReferenceError: __turbopack_load_page_chunks__ is not defined
    at http://localhost:3111/_next/static/chunks/pages/index.js:1:1
[    3038ms] [LOG] [HMR] connected @ webpack-internal:///(pages-dir-browser)/./node_modules/next/dist/next-devtools/shared/forward-logs-shared.js:27
[    3039ms] [WARNING] [HMR] Invalid message: {"type":"isrManifest","data":{"/":true}}
TypeError: Cannot read properties of undefined (reading 'components')
    at handleStaticIndicator (webpack-internal:///(pages-dir-browser)/./node_modules/next/dist/client/dev/hot-reloader/pages/hot-reloader-pages.js:177:46)
    at processMessage (webpack-internal:///(pages-dir-browser)/./node_modules/next/dist/client/dev/hot-reloader/pages/hot-reloader-pages.js:191:17)
    at eval (webpack-internal:///(pages-dir-browser)/./node_modules/next/dist/client/dev/hot-reloader/pages/hot-reloader-pages.js:69:13)
    at WebSocket.handleMessage (webpack-internal:///(pages-dir-browser)/./node_modules/next/dist/client/dev/hot-reloader/pages/websocket.js:68:17) @ webpack-internal:///(pages-dir-browser)/./node_modules/next/dist/next-devtools/shared/forward-logs-shared.js:27
[    3084ms] [ERROR] Failed to load resource: the server responded with a status of 404 (Not Found) @ http://localhost:3111/_next/static/webpack/882bcfdc2ebfc3a1.webpack.hot-update.json:0
[    3100ms] [LOG] [Fast Refresh] rebuilding @ webpack-internal:///(pages-dir-browser)/./node_modules/next/dist/next-devtools/shared/forward-logs-shared.js:27
[    3110ms] [WARNING] [HMR] Invalid message: {"type":"isrManifest","data":{"/":true}}
TypeError: Cannot read properties of undefined (reading 'components')
    at handleStaticIndicator (webpack-internal:///(pages-dir-browser)/./node_modules/next/dist/client/dev/hot-reloader/pages/hot-reloader-pages.js:177:46)
    at processMessage (webpack-internal:///(pages-dir-browser)/./node_modules/next/dist/client/dev/hot-reloader/pages/hot-reloader-pages.js:191:17)
    at eval (webpack-internal:///(pages-dir-browser)/./node_modules/next/dist/client/dev/hot-reloader/pages/hot-reloader-pages.js:69:13)
    at WebSocket.handleMessage (webpack-internal:///(pages-dir-browser)/./node_modules/next/dist/client/dev/hot-reloader/pages/websocket.js:68:17) @ webpack-internal:///(pages-dir-browser)/./node_modules/next/dist/next-devtools/shared/forward-logs-shared.js:27
[    3508ms] [INFO] %cDownload the React DevTools for a better development experience: https://reactjs.org/link/react-devtools font-weight:bold @ webpack-internal:///(pages-dir-browser)/./node_modules/react-dom/cjs/react-dom.development.js:29834
[    3531ms] ReferenceError: __turbopack_load_page_chunks__ is not defined
    at http://localhost:3111/_next/static/chunks/pages/_app.js:1:1
[    3532ms] ReferenceError: __turbopack_load_page_chunks__ is not defined
    at http://localhost:3111/_next/static/chunks/pages/index.js:1:1
[    3535ms] [LOG] [HMR] connected @ webpack-internal:///(pages-dir-browser)/./node_modules/next/dist/next-devtools/shared/forward-logs-shared.js:27
[    3536ms] [WARNING] [HMR] Invalid message: {"type":"isrManifest","data":{"/":true}}
TypeError: Cannot read properties of undefined (reading 'components')
    at handleStaticIndicator (webpack-internal:///(pages-dir-browser)/./node_modules/next/dist/client/dev/hot-reloader/pages/hot-reloader-pages.js:177:46)
    at processMessage (webpack-internal:///(pages-dir-browser)/./node_modules/next/dist/client/dev/hot-reloader/pages/hot-reloader-pages.js:191:17)
    at eval (webpack-internal:///(pages-dir-browser)/./node_modules/next/dist/client/dev/hot-reloader/pages/hot-reloader-pages.js:69:13)
    at WebSocket.handleMessage (webpack-internal:///(pages-dir-browser)/./node_modules/next/dist/client/dev/hot-reloader/pages/websocket.js:68:17) @ webpack-internal:///(pages-dir-browser)/./node_modules/next/dist/next-devtools/shared/forward-logs-shared.js:27
[    3581ms] [ERROR] Failed to load resource: the server responded with a status of 404 (Not Found) @ http://localhost:3111/_next/static/webpack/882bcfdc2ebfc3a1.webpack.hot-update.json:0
[    3597ms] [LOG] [Fast Refresh] rebuilding @ webpack-internal:///(pages-dir-browser)/./node_modules/next/dist/next-devtools/shared/forward-logs-shared.js:27
[    3609ms] [WARNING] [HMR] Invalid message: {"type":"isrManifest","data":{"/":true}}
TypeError: Cannot read properties of undefined (reading 'components')
    at handleStaticIndicator (webpack-internal:///(pages-dir-browser)/./node_modules/next/dist/client/dev/hot-reloader/pages/hot-reloader-pages.js:177:46)
    at processMessage (webpack-internal:///(pages-dir-browser)/./node_modules/next/dist/client/dev/hot-reloader/pages/hot-reloader-pages.js:191:17)
    at eval (webpack-internal:///(pages-dir-browser)/./node_modules/next/dist/client/dev/hot-reloader/pages/hot-reloader-pages.js:69:13)
    at WebSocket.handleMessage (webpack-internal:///(pages-dir-browser)/./node_modules/next/dist/client/dev/hot-reloader/pages/websocket.js:68:17) @ webpack-internal:///(pages-dir-browser)/./node_modules/next/dist/next-devtools/shared/forward-logs-shared.js:27
[    4014ms] [INFO] %cDownload the React DevTools for a better development experience: https://reactjs.org/link/react-devtools font-weight:bold @ webpack-internal:///(pages-dir-browser)/./node_modules/react-dom/cjs/react-dom.development.js:29834
[    4040ms] ReferenceError: __turbopack_load_page_chunks__ is not defined
    at http://localhost:3111/_next/static/chunks/pages/_app.js:1:1
[    4041ms] ReferenceError: __turbopack_load_page_chunks__ is not defined
    at http://localhost:3111/_next/static/chunks/pages/index.js:1:1
[    4045ms] [LOG] [HMR] connected @ webpack-internal:///(pages-dir-browser)/./node_modules/next/dist/next-devtools/shared/forward-logs-shared.js:27
[    4046ms] [WARNING] [HMR] Invalid message: {"type":"isrManifest","data":{"/":true}}
TypeError: Cannot read properties of undefined (reading 'components')
    at handleStaticIndicator (webpack-internal:///(pages-dir-browser)/./node_modules/next/dist/client/dev/hot-reloader/pages/hot-reloader-pages.js:177:46)
    at processMessage (webpack-internal:///(pages-dir-browser)/./node_modules/next/dist/client/dev/hot-reloader/pages/hot-reloader-pages.js:191:17)
    at eval (webpack-internal:///(pages-dir-browser)/./node_modules/next/dist/client/dev/hot-reloader/pages/hot-reloader-pages.js:69:13)
    at WebSocket.handleMessage (webpack-internal:///(pages-dir-browser)/./node_modules/next/dist/client/dev/hot-reloader/pages/websocket.js:68:17) @ webpack-internal:///(pages-dir-browser)/./node_modules/next/dist/next-devtools/shared/forward-logs-shared.js:27
[    4097ms] [ERROR] Failed to load resource: the server responded with a status of 404 (Not Found) @ http://localhost:3111/_next/static/webpack/882bcfdc2ebfc3a1.webpack.hot-update.json:0
[    4110ms] [ERROR] Failed to load resource: the server responded with a status of 404 (Not Found) @ http://localhost:3111/_next/static/webpack/882bcfdc2ebfc3a1.webpack.hot-update.json:0
[    4114ms] [LOG] [Fast Refresh] rebuilding @ webpack-internal:///(pages-dir-browser)/./node_modules/next/dist/next-devtools/shared/forward-logs-shared.js:27
[    4125ms] [WARNING] [HMR] Invalid message: {"type":"isrManifest","data":{"/":true}}
TypeError: Cannot read properties of undefined (reading 'components')
    at handleStaticIndicator (webpack-internal:///(pages-dir-browser)/./node_modules/next/dist/client/dev/hot-reloader/pages/hot-reloader-pages.js:177:46)
    at processMessage (webpack-internal:///(pages-dir-browser)/./node_modules/next/dist/client/dev/hot-reloader/pages/hot-reloader-pages.js:191:17)
    at eval (webpack-internal:///(pages-dir-browser)/./node_modules/next/dist/client/dev/hot-reloader/pages/hot-reloader-pages.js:69:13)
    at WebSocket.handleMessage (webpack-internal:///(pages-dir-browser)/./node_modules/next/dist/client/dev/hot-reloader/pages/websocket.js:68:17) @ webpack-internal:///(pages-dir-browser)/./node_modules/next/dist/next-devtools/shared/forward-logs-shared.js:27
[    4152ms] [WARNING] [HMR] Invalid message: {"type":"isrManifest","data":{"/":true}}
TypeError: Cannot read properties of undefined (reading 'components')
    at handleStaticIndicator (webpack-internal:///(pages-dir-browser)/./node_modules/next/dist/client/dev/hot-reloader/pages/hot-reloader-pages.js:177:46)
    at processMessage (webpack-internal:///(pages-dir-browser)/./node_modules/next/dist/client/dev/hot-reloader/pages/hot-reloader-pages.js:191:17)
    at eval (webpack-internal:///(pages-dir-browser)/./node_modules/next/dist/client/dev/hot-reloader/pages/hot-reloader-pages.js:69:13)
    at WebSocket.handleMessage (webpack-internal:///(pages-dir-browser)/./node_modules/next/dist/client/dev/hot-reloader/pages/websocket.js:68:17) @ webpack-internal:///(pages-dir-browser)/./node_modules/next/dist/next-devtools/shared/forward-logs-shared.js:27
[    4555ms] [INFO] %cDownload the React DevTools for a better development experience: https://reactjs.org/link/react-devtools font-weight:bold @ webpack-internal:///(pages-dir-browser)/./node_modules/react-dom/cjs/react-dom.development.js:29834
[    4577ms] ReferenceError: __turbopack_load_page_chunks__ is not defined
    at http://localhost:3111/_next/static/chunks/pages/_app.js:1:1
[    4578ms] ReferenceError: __turbopack_load_page_chunks__ is not defined
    at http://localhost:3111/_next/static/chunks/pages/index.js:1:1
[    4583ms] [LOG] [HMR] connected @ webpack-internal:///(pages-dir-browser)/./node_modules/next/dist/next-devtools/shared/forward-logs-shared.js:27
[    4584ms] [WARNING] [HMR] Invalid message: {"type":"isrManifest","data":{"/":true}}
TypeError: Cannot read properties of undefined (reading 'components')
    at handleStaticIndicator (webpack-internal:///(pages-dir-browser)/./node_modules/next/dist/client/dev/hot-reloader/pages/hot-reloader-pages.js:177:46)
    at processMessage (webpack-internal:///(pages-dir-browser)/./node_modules/next/dist/client/dev/hot-reloader/pages/hot-reloader-pages.js:191:17)
    at eval (webpack-internal:///(pages-dir-browser)/./node_modules/next/dist/client/dev/hot-reloader/pages/hot-reloader-pages.js:69:13)
    at WebSocket.handleMessage (webpack-internal:///(pages-dir-browser)/./node_modules/next/dist/client/dev/hot-reloader/pages/websocket.js:68:17) @ webpack-internal:///(pages-dir-browser)/./node_modules/next/dist/next-devtools/shared/forward-logs-shared.js:27
[    4631ms] [ERROR] Failed to load resource: the server responded with a status of 404 (Not Found) @ http://localhost:3111/_next/static/webpack/882bcfdc2ebfc3a1.webpack.hot-update.json:0
[    4647ms] [LOG] [Fast Refresh] rebuilding @ webpack-internal:///(pages-dir-browser)/./node_modules/next/dist/next-devtools/shared/forward-logs-shared.js:27
[    4658ms] [WARNING] [HMR] Invalid message: {"type":"isrManifest","data":{"/":true}}
TypeError: Cannot read properties of undefined (reading 'components')
    at handleStaticIndicator (webpack-internal:///(pages-dir-browser)/./node_modules/next/dist/client/dev/hot-reloader/pages/hot-reloader-pages.js:177:46)
    at processMessage (webpack-internal:///(pages-dir-browser)/./node_modules/next/dist/client/dev/hot-reloader/pages/hot-reloader-pages.js:191:17)
    at eval (webpack-internal:///(pages-dir-browser)/./node_modules/next/dist/client/dev/hot-reloader/pages/hot-reloader-pages.js:69:13)
    at WebSocket.handleMessage (webpack-internal:///(pages-dir-browser)/./node_modules/next/dist/client/dev/hot-reloader/pages/websocket.js:68:17) @ webpack-internal:///(pages-dir-browser)/./node_modules/next/dist/next-devtools/shared/forward-logs-shared.js:27
[    5051ms] [INFO] %cDownload the React DevTools for a better development experience: https://reactjs.org/link/react-devtools font-weight:bold @ webpack-internal:///(pages-dir-browser)/./node_modules/react-dom/cjs/react-dom.development.js:29834
[    5075ms] ReferenceError: __turbopack_load_page_chunks__ is not defined
    at http://localhost:3111/_next/static/chunks/pages/_app.js:1:1
[    5077ms] ReferenceError: __turbopack_load_page_chunks__ is not defined
    at http://localhost:3111/_next/static/chunks/pages/index.js:1:1
[    5079ms] [LOG] [HMR] connected @ webpack-internal:///(pages-dir-browser)/./node_modules/next/dist/next-devtools/shared/forward-logs-shared.js:27
[    5079ms] [WARNING] [HMR] Invalid message: {"type":"isrManifest","data":{"/":true}}
TypeError: Cannot read properties of undefined (reading 'components')
    at handleStaticIndicator (webpack-internal:///(pages-dir-browser)/./node_modules/next/dist/client/dev/hot-reloader/pages/hot-reloader-pages.js:177:46)
    at processMessage (webpack-internal:///(pages-dir-browser)/./node_modules/next/dist/client/dev/hot-reloader/pages/hot-reloader-pages.js:191:17)
    at eval (webpack-internal:///(pages-dir-browser)/./node_modules/next/dist/client/dev/hot-reloader/pages/hot-reloader-pages.js:69:13)
    at WebSocket.handleMessage (webpack-internal:///(pages-dir-browser)/./node_modules/next/dist/client/dev/hot-reloader/pages/websocket.js:68:17) @ webpack-internal:///(pages-dir-browser)/./node_modules/next/dist/next-devtools/shared/forward-logs-shared.js:27
[    5127ms] [ERROR] Failed to load resource: the server responded with a status of 404 (Not Found) @ http://localhost:3111/_next/static/webpack/882bcfdc2ebfc3a1.webpack.hot-update.json:0
[    5142ms] [LOG] [Fast Refresh] rebuilding @ webpack-internal:///(pages-dir-browser)/./node_modules/next/dist/next-devtools/shared/forward-logs-shared.js:27
[    5154ms] [WARNING] [HMR] Invalid message: {"type":"isrManifest","data":{"/":true}}
TypeError: Cannot read properties of undefined (reading 'components')
    at handleStaticIndicator (webpack-internal:///(pages-dir-browser)/./node_modules/next/dist/client/dev/hot-reloader/pages/hot-reloader-pages.js:177:46)
    at processMessage (webpack-internal:///(pages-dir-browser)/./node_modules/next/dist/client/dev/hot-reloader/pages/hot-reloader-pages.js:191:17)
    at eval (webpack-internal:///(pages-dir-browser)/./node_modules/next/dist/client/dev/hot-reloader/pages/hot-reloader-pages.js:69:13)
    at WebSocket.handleMessage (webpack-internal:///(pages-dir-browser)/./node_modules/next/dist/client/dev/hot-reloader/pages/websocket.js:68:17) @ webpack-internal:///(pages-dir-browser)/./node_modules/next/dist/next-devtools/shared/forward-logs-shared.js:27
[    5588ms] [INFO] %cDownload the React DevTools for a better development experience: https://reactjs.org/link/react-devtools font-weight:bold @ webpack-internal:///(pages-dir-browser)/./node_modules/react-dom/cjs/react-dom.development.js:29834
[    5612ms] ReferenceError: __turbopack_load_page_chunks__ is not defined
    at http://localhost:3111/_next/static/chunks/pages/_app.js:1:1
[    5613ms] ReferenceError: __turbopack_load_page_chunks__ is not defined
    at http://localhost:3111/_next/static/chunks/pages/index.js:1:1
[    5617ms] [LOG] [HMR] connected @ webpack-internal:///(pages-dir-browser)/./node_modules/next/dist/next-devtools/shared/forward-logs-shared.js:27
[    5617ms] [WARNING] [HMR] Invalid message: {"type":"isrManifest","data":{"/":true}}
TypeError: Cannot read properties of undefined (reading 'components')
    at handleStaticIndicator (webpack-internal:///(pages-dir-browser)/./node_modules/next/dist/client/dev/hot-reloader/pages/hot-reloader-pages.js:177:46)
    at processMessage (webpack-internal:///(pages-dir-browser)/./node_modules/next/dist/client/dev/hot-reloader/pages/hot-reloader-pages.js:191:17)
    at eval (webpack-internal:///(pages-dir-browser)/./node_modules/next/dist/client/dev/hot-reloader/pages/hot-reloader-pages.js:69:13)
    at WebSocket.handleMessage (webpack-internal:///(pages-dir-browser)/./node_modules/next/dist/client/dev/hot-reloader/pages/websocket.js:68:17) @ webpack-internal:///(pages-dir-browser)/./node_modules/next/dist/next-devtools/shared/forward-logs-shared.js:27
[    5636ms] [ERROR] Failed to load resource: the server responded with a status of 404 (Not Found) @ http://localhost:3111/_next/static/webpack/882bcfdc2ebfc3a1.webpack.hot-update.json:0
[    5691ms] [LOG] [Fast Refresh] rebuilding @ webpack-internal:///(pages-dir-browser)/./node_modules/next/dist/next-devtools/shared/forward-logs-shared.js:27
[    6131ms] [INFO] %cDownload the React DevTools for a better development experience: https://reactjs.org/link/react-devtools font-weight:bold @ webpack-internal:///(pages-dir-browser)/./node_modules/react-dom/cjs/react-dom.development.js:29834
[    6156ms] ReferenceError: __turbopack_load_page_chunks__ is not defined
    at http://localhost:3111/_next/static/chunks/pages/_app.js:1:1
[    6157ms] ReferenceError: __turbopack_load_page_chunks__ is not defined
    at http://localhost:3111/_next/static/chunks/pages/index.js:1:1
[    6164ms] [LOG] [HMR] connected @ webpack-internal:///(pages-dir-browser)/./node_modules/next/dist/next-devtools/shared/forward-logs-shared.js:27
[    6166ms] [WARNING] [HMR] Invalid message: {"type":"isrManifest","data":{"/":true}}
TypeError: Cannot read properties of undefined (reading 'components')
    at handleStaticIndicator (webpack-internal:///(pages-dir-browser)/./node_modules/next/dist/client/dev/hot-reloader/pages/hot-reloader-pages.js:177:46)
    at processMessage (webpack-internal:///(pages-dir-browser)/./node_modules/next/dist/client/dev/hot-reloader/pages/hot-reloader-pages.js:191:17)
    at eval (webpack-internal:///(pages-dir-browser)/./node_modules/next/dist/client/dev/hot-reloader/pages/hot-reloader-pages.js:69:13)
    at WebSocket.handleMessage (webpack-internal:///(pages-dir-browser)/./node_modules/next/dist/client/dev/hot-reloader/pages/websocket.js:68:17) @ webpack-internal:///(pages-dir-browser)/./node_modules/next/dist/next-devtools/shared/forward-logs-shared.js:27
[    6182ms] [ERROR] Failed to load resource: the server responded with a status of 404 (Not Found) @ http://localhost:3111/_next/static/webpack/882bcfdc2ebfc3a1.webpack.hot-update.json:0
[    6205ms] [LOG] [Fast Refresh] rebuilding @ webpack-internal:///(pages-dir-browser)/./node_modules/next/dist/next-devtools/shared/forward-logs-shared.js:27
[    6218ms] [WARNING] [HMR] Invalid message: {"type":"isrManifest","data":{"/":true}}
TypeError: Cannot read properties of undefined (reading 'components')
    at handleStaticIndicator (webpack-internal:///(pages-dir-browser)/./node_modules/next/dist/client/dev/hot-reloader/pages/hot-reloader-pages.js:177:46)
    at processMessage (webpack-internal:///(pages-dir-browser)/./node_modules/next/dist/client/dev/hot-reloader/pages/hot-reloader-pages.js:191:17)
    at eval (webpack-internal:///(pages-dir-browser)/./node_modules/next/dist/client/dev/hot-reloader/pages/hot-reloader-pages.js:69:13)
    at WebSocket.handleMessage (webpack-internal:///(pages-dir-browser)/./node_modules/next/dist/client/dev/hot-reloader/pages/websocket.js:68:17) @ webpack-internal:///(pages-dir-browser)/./node_modules/next/dist/next-devtools/shared/forward-logs-shared.js:27
[    6775ms] [INFO] %cDownload the React DevTools for a better development experience: https://reactjs.org/link/react-devtools font-weight:bold @ webpack-internal:///(pages-dir-browser)/./node_modules/react-dom/cjs/react-dom.development.js:29834
[    6806ms] ReferenceError: __turbopack_load_page_chunks__ is not defined
    at http://localhost:3111/_next/static/chunks/pages/_app.js:1:1
[    6808ms] ReferenceError: __turbopack_load_page_chunks__ is not defined
    at http://localhost:3111/_next/static/chunks/pages/index.js:1:1
[    6810ms] [LOG] [HMR] connected @ webpack-internal:///(pages-dir-browser)/./node_modules/next/dist/next-devtools/shared/forward-logs-shared.js:27
[    6811ms] [WARNING] [HMR] Invalid message: {"type":"isrManifest","data":{"/":true}}
TypeError: Cannot read properties of undefined (reading 'components')
    at handleStaticIndicator (webpack-internal:///(pages-dir-browser)/./node_modules/next/dist/client/dev/hot-reloader/pages/hot-reloader-pages.js:177:46)
    at processMessage (webpack-internal:///(pages-dir-browser)/./node_modules/next/dist/client/dev/hot-reloader/pages/hot-reloader-pages.js:191:17)
    at eval (webpack-internal:///(pages-dir-browser)/./node_modules/next/dist/client/dev/hot-reloader/pages/hot-reloader-pages.js:69:13)
    at WebSocket.handleMessage (webpack-internal:///(pages-dir-browser)/./node_modules/next/dist/client/dev/hot-reloader/pages/websocket.js:68:17) @ webpack-internal:///(pages-dir-browser)/./node_modules/next/dist/next-devtools/shared/forward-logs-shared.js:27
[    6843ms] [ERROR] Failed to load resource: the server responded with a status of 404 (Not Found) @ http://localhost:3111/_next/static/webpack/882bcfdc2ebfc3a1.webpack.hot-update.json:0
[    6892ms] [LOG] [Fast Refresh] rebuilding @ webpack-internal:///(pages-dir-browser)/./node_modules/next/dist/next-devtools/shared/forward-logs-shared.js:27
[    6893ms] [WARNING] [HMR] Invalid message: {"type":"isrManifest","data":{"/":true}}
TypeError: Cannot read properties of undefined (reading 'components')
    at handleStaticIndicator (webpack-internal:///(pages-dir-browser)/./node_modules/next/dist/client/dev/hot-reloader/pages/hot-reloader-pages.js:177:46)
    at processMessage (webpack-internal:///(pages-dir-browser)/./node_modules/next/dist/client/dev/hot-reloader/pages/hot-reloader-pages.js:191:17)
    at eval (webpack-internal:///(pages-dir-browser)/./node_modules/next/dist/client/dev/hot-reloader/pages/hot-reloader-pages.js:69:13)
    at WebSocket.handleMessage (webpack-internal:///(pages-dir-browser)/./node_modules/next/dist/client/dev/hot-reloader/pages/websocket.js:68:17) @ webpack-internal:///(pages-dir-browser)/./node_modules/next/dist/next-devtools/shared/forward-logs-shared.js:27
[    7376ms] [INFO] %cDownload the React DevTools for a better development experience: https://reactjs.org/link/react-devtools font-weight:bold @ webpack-internal:///(pages-dir-browser)/./node_modules/react-dom/cjs/react-dom.development.js:29834
[    7403ms] ReferenceError: __turbopack_load_page_chunks__ is not defined
    at http://localhost:3111/_next/static/chunks/pages/_app.js:1:1
[    7403ms] ReferenceError: __turbopack_load_page_chunks__ is not defined
    at http://localhost:3111/_next/static/chunks/pages/index.js:1:1
[    7408ms] [LOG] [HMR] connected @ webpack-internal:///(pages-dir-browser)/./node_modules/next/dist/next-devtools/shared/forward-logs-shared.js:27
[    7409ms] [WARNING] [HMR] Invalid message: {"type":"isrManifest","data":{"/":true}}
TypeError: Cannot read properties of undefined (reading 'components')
    at handleStaticIndicator (webpack-internal:///(pages-dir-browser)/./node_modules/next/dist/client/dev/hot-reloader/pages/hot-reloader-pages.js:177:46)
    at processMessage (webpack-internal:///(pages-dir-browser)/./node_modules/next/dist/client/dev/hot-reloader/pages/hot-reloader-pages.js:191:17)
    at eval (webpack-internal:///(pages-dir-browser)/./node_modules/next/dist/client/dev/hot-reloader/pages/hot-reloader-pages.js:69:13)
    at WebSocket.handleMessage (webpack-internal:///(pages-dir-browser)/./node_modules/next/dist/client/dev/hot-reloader/pages/websocket.js:68:17) @ webpack-internal:///(pages-dir-browser)/./node_modules/next/dist/next-devtools/shared/forward-logs-shared.js:27
[    7431ms] [ERROR] Failed to load resource: the server responded with a status of 404 (Not Found) @ http://localhost:3111/_next/static/webpack/882bcfdc2ebfc3a1.webpack.hot-update.json:0
[    7888ms] [INFO] %cDownload the React DevTools for a better development experience: https://reactjs.org/link/react-devtools font-weight:bold @ webpack-internal:///(pages-dir-browser)/./node_modules/react-dom/cjs/react-dom.development.js:29834
[    7909ms] ReferenceError: __turbopack_load_page_chunks__ is not defined
    at http://localhost:3111/_next/static/chunks/pages/_app.js:1:1
[    7910ms] ReferenceError: __turbopack_load_page_chunks__ is not defined
    at http://localhost:3111/_next/static/chunks/pages/index.js:1:1
[    7916ms] [LOG] [HMR] connected @ webpack-internal:///(pages-dir-browser)/./node_modules/next/dist/next-devtools/shared/forward-logs-shared.js:27
[    7917ms] [WARNING] [HMR] Invalid message: {"type":"isrManifest","data":{"/":true}}
TypeError: Cannot read properties of undefined (reading 'components')
    at handleStaticIndicator (webpack-internal:///(pages-dir-browser)/./node_modules/next/dist/client/dev/hot-reloader/pages/hot-reloader-pages.js:177:46)
    at processMessage (webpack-internal:///(pages-dir-browser)/./node_modules/next/dist/client/dev/hot-reloader/pages/hot-reloader-pages.js:191:17)
    at eval (webpack-internal:///(pages-dir-browser)/./node_modules/next/dist/client/dev/hot-reloader/pages/hot-reloader-pages.js:69:13)
    at WebSocket.handleMessage (webpack-internal:///(pages-dir-browser)/./node_modules/next/dist/client/dev/hot-reloader/pages/websocket.js:68:17) @ webpack-internal:///(pages-dir-browser)/./node_modules/next/dist/next-devtools/shared/forward-logs-shared.js:27
[    7929ms] [ERROR] Failed to load resource: the server responded with a status of 404 (Not Found) @ http://localhost:3111/_next/static/webpack/882bcfdc2ebfc3a1.webpack.hot-update.json:0
[    7950ms] [LOG] [Fast Refresh] rebuilding @ webpack-internal:///(pages-dir-browser)/./node_modules/next/dist/next-devtools/shared/forward-logs-shared.js:27
[    7961ms] [WARNING] [HMR] Invalid message: {"type":"isrManifest","data":{"/":true}}
TypeError: Cannot read properties of undefined (reading 'components')
    at handleStaticIndicator (webpack-internal:///(pages-dir-browser)/./node_modules/next/dist/client/dev/hot-reloader/pages/hot-reloader-pages.js:177:46)
    at processMessage (webpack-internal:///(pages-dir-browser)/./node_modules/next/dist/client/dev/hot-reloader/pages/hot-reloader-pages.js:191:17)
    at eval (webpack-internal:///(pages-dir-browser)/./node_modules/next/dist/client/dev/hot-reloader/pages/hot-reloader-pages.js:69:13)
    at WebSocket.handleMessage (webpack-internal:///(pages-dir-browser)/./node_modules/next/dist/client/dev/hot-reloader/pages/websocket.js:68:17) @ webpack-internal:///(pages-dir-browser)/./node_modules/next/dist/next-devtools/shared/forward-logs-shared.js:27
[    8388ms] [INFO] %cDownload the React DevTools for a better development experience: https://reactjs.org/link/react-devtools font-weight:bold @ webpack-internal:///(pages-dir-browser)/./node_modules/react-dom/cjs/react-dom.development.js:29834
[    8413ms] ReferenceError: __turbopack_load_page_chunks__ is not defined
    at http://localhost:3111/_next/static/chunks/pages/_app.js:1:1
[    8413ms] ReferenceError: __turbopack_load_page_chunks__ is not defined
    at http://localhost:3111/_next/static/chunks/pages/index.js:1:1
[    8421ms] [LOG] [HMR] connected @ webpack-internal:///(pages-dir-browser)/./node_modules/next/dist/next-devtools/shared/forward-logs-shared.js:27
[    8422ms] [WARNING] [HMR] Invalid message: {"type":"isrManifest","data":{"/":true}}
TypeError: Cannot read properties of undefined (reading 'components')
    at handleStaticIndicator (webpack-internal:///(pages-dir-browser)/./node_modules/next/dist/client/dev/hot-reloader/pages/hot-reloader-pages.js:177:46)
    at processMessage (webpack-internal:///(pages-dir-browser)/./node_modules/next/dist/client/dev/hot-reloader/pages/hot-reloader-pages.js:191:17)
    at eval (webpack-internal:///(pages-dir-browser)/./node_modules/next/dist/client/dev/hot-reloader/pages/hot-reloader-pages.js:69:13)
    at WebSocket.handleMessage (webpack-internal:///(pages-dir-browser)/./node_modules/next/dist/client/dev/hot-reloader/pages/websocket.js:68:17) @ webpack-internal:///(pages-dir-browser)/./node_modules/next/dist/next-devtools/shared/forward-logs-shared.js:27
[    8471ms] [ERROR] Failed to load resource: the server responded with a status of 404 (Not Found) @ http://localhost:3111/_next/static/webpack/882bcfdc2ebfc3a1.webpack.hot-update.json:0
[    8487ms] [LOG] [Fast Refresh] rebuilding @ webpack-internal:///(pages-dir-browser)/./node_modules/next/dist/next-devtools/shared/forward-logs-shared.js:27
[    8499ms] [WARNING] [HMR] Invalid message: {"type":"isrManifest","data":{"/":true}}
TypeError: Cannot read properties of undefined (reading 'components')
    at handleStaticIndicator (webpack-internal:///(pages-dir-browser)/./node_modules/next/dist/client/dev/hot-reloader/pages/hot-reloader-pages.js:177:46)
    at processMessage (webpack-internal:///(pages-dir-browser)/./node_modules/next/dist/client/dev/hot-reloader/pages/hot-reloader-pages.js:191:17)
    at eval (webpack-internal:///(pages-dir-browser)/./node_modules/next/dist/client/dev/hot-reloader/pages/hot-reloader-pages.js:69:13)
    at WebSocket.handleMessage (webpack-internal:///(pages-dir-browser)/./node_modules/next/dist/client/dev/hot-reloader/pages/websocket.js:68:17) @ webpack-internal:///(pages-dir-browser)/./node_modules/next/dist/next-devtools/shared/forward-logs-shared.js:27
[    8935ms] [INFO] %cDownload the React DevTools for a better development experience: https://reactjs.org/link/react-devtools font-weight:bold @ webpack-internal:///(pages-dir-browser)/./node_modules/react-dom/cjs/react-dom.development.js:29834
[    8974ms] ReferenceError: __turbopack_load_page_chunks__ is not defined
    at http://localhost:3111/_next/static/chunks/pages/_app.js:1:1
[    8974ms] ReferenceError: __turbopack_load_page_chunks__ is not defined
    at http://localhost:3111/_next/static/chunks/pages/index.js:1:1
[    8987ms] [LOG] [HMR] connected @ webpack-internal:///(pages-dir-browser)/./node_modules/next/dist/next-devtools/shared/forward-logs-shared.js:27
[    8988ms] [WARNING] [HMR] Invalid message: {"type":"isrManifest","data":{"/":true}}
TypeError: Cannot read properties of undefined (reading 'components')
    at handleStaticIndicator (webpack-internal:///(pages-dir-browser)/./node_modules/next/dist/client/dev/hot-reloader/pages/hot-reloader-pages.js:177:46)
    at processMessage (webpack-internal:///(pages-dir-browser)/./node_modules/next/dist/client/dev/hot-reloader/pages/hot-reloader-pages.js:191:17)
    at eval (webpack-internal:///(pages-dir-browser)/./node_modules/next/dist/client/dev/hot-reloader/pages/hot-reloader-pages.js:69:13)
    at WebSocket.handleMessage (webpack-internal:///(pages-dir-browser)/./node_modules/next/dist/client/dev/hot-reloader/pages/websocket.js:68:17) @ webpack-internal:///(pages-dir-browser)/./node_modules/next/dist/next-devtools/shared/forward-logs-shared.js:27
[    8996ms] [LOG] [Fast Refresh] rebuilding @ webpack-internal:///(pages-dir-browser)/./node_modules/next/dist/next-devtools/shared/forward-logs-shared.js:27
[    9042ms] [ERROR] Failed to load resource: the server responded with a status of 404 (Not Found) @ http://localhost:3111/_next/static/webpack/882bcfdc2ebfc3a1.webpack.hot-update.json:0
[    9065ms] [ERROR] Failed to load resource: the server responded with a status of 404 (Not Found) @ http://localhost:3111/_next/static/webpack/882bcfdc2ebfc3a1.webpack.hot-update.json:0
[    9080ms] [LOG] [Fast Refresh] rebuilding @ webpack-internal:///(pages-dir-browser)/./node_modules/next/dist/next-devtools/shared/forward-logs-shared.js:27
[    9095ms] [WARNING] [HMR] Invalid message: {"type":"isrManifest","data":{"/":true}}
TypeError: Cannot read properties of undefined (reading 'components')
    at handleStaticIndicator (webpack-internal:///(pages-dir-browser)/./node_modules/next/dist/client/dev/hot-reloader/pages/hot-reloader-pages.js:177:46)
    at processMessage (webpack-internal:///(pages-dir-browser)/./node_modules/next/dist/client/dev/hot-reloader/pages/hot-reloader-pages.js:191:17)
    at eval (webpack-internal:///(pages-dir-browser)/./node_modules/next/dist/client/dev/hot-reloader/pages/hot-reloader-pages.js:69:13)
    at WebSocket.handleMessage (webpack-internal:///(pages-dir-browser)/./node_modules/next/dist/client/dev/hot-reloader/pages/websocket.js:68:17) @ webpack-internal:///(pages-dir-browser)/./node_modules/next/dist/next-devtools/shared/forward-logs-shared.js:27
[    9119ms] [LOG] [Fast Refresh] rebuilding @ webpack-internal:///(pages-dir-browser)/./node_modules/next/dist/next-devtools/shared/forward-logs-shared.js:27
[    9132ms] [WARNING] [HMR] Invalid message: {"type":"isrManifest","data":{"/":true}}
TypeError: Cannot read properties of undefined (reading 'components')
    at handleStaticIndicator (webpack-internal:///(pages-dir-browser)/./node_modules/next/dist/client/dev/hot-reloader/pages/hot-reloader-pages.js:177:46)
    at processMessage (webpack-internal:///(pages-dir-browser)/./node_modules/next/dist/client/dev/hot-reloader/pages/hot-reloader-pages.js:191:17)
    at eval (webpack-internal:///(pages-dir-browser)/./node_modules/next/dist/client/dev/hot-reloader/pages/hot-reloader-pages.js:69:13)
    at WebSocket.handleMessage (webpack-internal:///(pages-dir-browser)/./node_modules/next/dist/client/dev/hot-reloader/pages/websocket.js:68:17) @ webpack-internal:///(pages-dir-browser)/./node_modules/next/dist/next-devtools/shared/forward-logs-shared.js:27
[    9517ms] [INFO] %cDownload the React DevTools for a better development experience: https://reactjs.org/link/react-devtools font-weight:bold @ webpack-internal:///(pages-dir-browser)/./node_modules/react-dom/cjs/react-dom.development.js:29834
[    9537ms] ReferenceError: __turbopack_load_page_chunks__ is not defined
    at http://localhost:3111/_next/static/chunks/pages/_app.js:1:1
[    9538ms] ReferenceError: __turbopack_load_page_chunks__ is not defined
    at http://localhost:3111/_next/static/chunks/pages/index.js:1:1
[    9543ms] [LOG] [HMR] connected @ webpack-internal:///(pages-dir-browser)/./node_modules/next/dist/next-devtools/shared/forward-logs-shared.js:27
[    9544ms] [WARNING] [HMR] Invalid message: {"type":"isrManifest","data":{"/":true}}
TypeError: Cannot read properties of undefined (reading 'components')
    at handleStaticIndicator (webpack-internal:///(pages-dir-browser)/./node_modules/next/dist/client/dev/hot-reloader/pages/hot-reloader-pages.js:177:46)
    at processMessage (webpack-internal:///(pages-dir-browser)/./node_modules/next/dist/client/dev/hot-reloader/pages/hot-reloader-pages.js:191:17)
    at eval (webpack-internal:///(pages-dir-browser)/./node_modules/next/dist/client/dev/hot-reloader/pages/hot-reloader-pages.js:69:13)
    at WebSocket.handleMessage (webpack-internal:///(pages-dir-browser)/./node_modules/next/dist/client/dev/hot-reloader/pages/websocket.js:68:17) @ webpack-internal:///(pages-dir-browser)/./node_modules/next/dist/next-devtools/shared/forward-logs-shared.js:27
[    9591ms] [ERROR] Failed to load resource: the server responded with a status of 404 (Not Found) @ http://localhost:3111/_next/static/webpack/882bcfdc2ebfc3a1.webpack.hot-update.json:0
[    9608ms] [LOG] [Fast Refresh] rebuilding @ webpack-internal:///(pages-dir-browser)/./node_modules/next/dist/next-devtools/shared/forward-logs-shared.js:27
[    9620ms] [WARNING] [HMR] Invalid message: {"type":"isrManifest","data":{"/":true}}
TypeError: Cannot read properties of undefined (reading 'components')
    at handleStaticIndicator (webpack-internal:///(pages-dir-browser)/./node_modules/next/dist/client/dev/hot-reloader/pages/hot-reloader-pages.js:177:46)
    at processMessage (webpack-internal:///(pages-dir-browser)/./node_modules/next/dist/client/dev/hot-reloader/pages/hot-reloader-pages.js:191:17)
    at eval (webpack-internal:///(pages-dir-browser)/./node_modules/next/dist/client/dev/hot-reloader/pages/hot-reloader-pages.js:69:13)
    at WebSocket.handleMessage (webpack-internal:///(pages-dir-browser)/./node_modules/next/dist/client/dev/hot-reloader/pages/websocket.js:68:17) @ webpack-internal:///(pages-dir-browser)/./node_modules/next/dist/next-devtools/shared/forward-logs-shared.js:27
[   10059ms] [INFO] %cDownload the React DevTools for a better development experience: https://reactjs.org/link/react-devtools font-weight:bold @ webpack-internal:///(pages-dir-browser)/./node_modules/react-dom/cjs/react-dom.development.js:29834
[   10083ms] ReferenceError: __turbopack_load_page_chunks__ is not defined
    at http://localhost:3111/_next/static/chunks/pages/_app.js:1:1
[   10084ms] ReferenceError: __turbopack_load_page_chunks__ is not defined
    at http://localhost:3111/_next/static/chunks/pages/index.js:1:1
[   10088ms] [LOG] [HMR] connected @ webpack-internal:///(pages-dir-browser)/./node_modules/next/dist/next-devtools/shared/forward-logs-shared.js:27
[   10088ms] [WARNING] [HMR] Invalid message: {"type":"isrManifest","data":{"/":true}}
TypeError: Cannot read properties of undefined (reading 'components')
    at handleStaticIndicator (webpack-internal:///(pages-dir-browser)/./node_modules/next/dist/client/dev/hot-reloader/pages/hot-reloader-pages.js:177:46)
    at processMessage (webpack-internal:///(pages-dir-browser)/./node_modules/next/dist/client/dev/hot-reloader/pages/hot-reloader-pages.js:191:17)
    at eval (webpack-internal:///(pages-dir-browser)/./node_modules/next/dist/client/dev/hot-reloader/pages/hot-reloader-pages.js:69:13)
    at WebSocket.handleMessage (webpack-internal:///(pages-dir-browser)/./node_modules/next/dist/client/dev/hot-reloader/pages/websocket.js:68:17) @ webpack-internal:///(pages-dir-browser)/./node_modules/next/dist/next-devtools/shared/forward-logs-shared.js:27
[   10136ms] [ERROR] Failed to load resource: the server responded with a status of 404 (Not Found) @ http://localhost:3111/_next/static/webpack/882bcfdc2ebfc3a1.webpack.hot-update.json:0
[   10155ms] [LOG] [Fast Refresh] rebuilding @ webpack-internal:///(pages-dir-browser)/./node_modules/next/dist/next-devtools/shared/forward-logs-shared.js:27
[   10162ms] [WARNING] [HMR] Invalid message: {"type":"isrManifest","data":{"/":true}}
TypeError: Cannot read properties of undefined (reading 'components')
    at handleStaticIndicator (webpack-internal:///(pages-dir-browser)/./node_modules/next/dist/client/dev/hot-reloader/pages/hot-reloader-pages.js:177:46)
    at processMessage (webpack-internal:///(pages-dir-browser)/./node_modules/next/dist/client/dev/hot-reloader/pages/hot-reloader-pages.js:191:17)
    at eval (webpack-internal:///(pages-dir-browser)/./node_modules/next/dist/client/dev/hot-reloader/pages/hot-reloader-pages.js:69:13)
    at WebSocket.handleMessage (webpack-internal:///(pages-dir-browser)/./node_modules/next/dist/client/dev/hot-reloader/pages/websocket.js:68:17) @ webpack-internal:///(pages-dir-browser)/./node_modules/next/dist/next-devtools/shared/forward-logs-shared.js:27
[   10547ms] [INFO] %cDownload the React DevTools for a better development experience: https://reactjs.org/link/react-devtools font-weight:bold @ webpack-internal:///(pages-dir-browser)/./node_modules/react-dom/cjs/react-dom.development.js:29834
[   10566ms] ReferenceError: __turbopack_load_page_chunks__ is not defined
    at http://localhost:3111/_next/static/chunks/pages/_app.js:1:1
[   10566ms] ReferenceError: __turbopack_load_page_chunks__ is not defined
    at http://localhost:3111/_next/static/chunks/pages/index.js:1:1
[   10571ms] [LOG] [HMR] connected @ webpack-internal:///(pages-dir-browser)/./node_modules/next/dist/next-devtools/shared/forward-logs-shared.js:27
[   10572ms] [WARNING] [HMR] Invalid message: {"type":"isrManifest","data":{"/":true}}
TypeError: Cannot read properties of undefined (reading 'components')
    at handleStaticIndicator (webpack-internal:///(pages-dir-browser)/./node_modules/next/dist/client/dev/hot-reloader/pages/hot-reloader-pages.js:177:46)
    at processMessage (webpack-internal:///(pages-dir-browser)/./node_modules/next/dist/client/dev/hot-reloader/pages/hot-reloader-pages.js:191:17)
    at eval (webpack-internal:///(pages-dir-browser)/./node_modules/next/dist/client/dev/hot-reloader/pages/hot-reloader-pages.js:69:13)
    at WebSocket.handleMessage (webpack-internal:///(pages-dir-browser)/./node_modules/next/dist/client/dev/hot-reloader/pages/websocket.js:68:17) @ webpack-internal:///(pages-dir-browser)/./node_modules/next/dist/next-devtools/shared/forward-logs-shared.js:27
[   10617ms] [ERROR] Failed to load resource: the server responded with a status of 404 (Not Found) @ http://localhost:3111/_next/static/webpack/882bcfdc2ebfc3a1.webpack.hot-update.json:0
[   10632ms] [LOG] [Fast Refresh] rebuilding @ webpack-internal:///(pages-dir-browser)/./node_modules/next/dist/next-devtools/shared/forward-logs-shared.js:27
[   10644ms] [WARNING] [HMR] Invalid message: {"type":"isrManifest","data":{"/":true}}
TypeError: Cannot read properties of undefined (reading 'components')
    at handleStaticIndicator (webpack-internal:///(pages-dir-browser)/./node_modules/next/dist/client/dev/hot-reloader/pages/hot-reloader-pages.js:177:46)
    at processMessage (webpack-internal:///(pages-dir-browser)/./node_modules/next/dist/client/dev/hot-reloader/pages/hot-reloader-pages.js:191:17)
    at eval (webpack-internal:///(pages-dir-browser)/./node_modules/next/dist/client/dev/hot-reloader/pages/hot-reloader-pages.js:69:13)
    at WebSocket.handleMessage (webpack-internal:///(pages-dir-browser)/./node_modules/next/dist/client/dev/hot-reloader/pages/websocket.js:68:17) @ webpack-internal:///(pages-dir-browser)/./node_modules/next/dist/next-devtools/shared/forward-logs-shared.js:27
[   11034ms] [INFO] %cDownload the React DevTools for a better development experience: https://reactjs.org/link/react-devtools font-weight:bold @ webpack-internal:///(pages-dir-browser)/./node_modules/react-dom/cjs/react-dom.development.js:29834
[   11051ms] ReferenceError: __turbopack_load_page_chunks__ is not defined
    at http://localhost:3111/_next/static/chunks/pages/_app.js:1:1
[   11052ms] ReferenceError: __turbopack_load_page_chunks__ is not defined
    at http://localhost:3111/_next/static/chunks/pages/index.js:1:1
[   11058ms] [LOG] [HMR] connected @ webpack-internal:///(pages-dir-browser)/./node_modules/next/dist/next-devtools/shared/forward-logs-shared.js:27
[   11059ms] [WARNING] [HMR] Invalid message: {"type":"isrManifest","data":{"/":true}}
TypeError: Cannot read properties of undefined (reading 'components')
    at handleStaticIndicator (webpack-internal:///(pages-dir-browser)/./node_modules/next/dist/client/dev/hot-reloader/pages/hot-reloader-pages.js:177:46)
    at processMessage (webpack-internal:///(pages-dir-browser)/./node_modules/next/dist/client/dev/hot-reloader/pages/hot-reloader-pages.js:191:17)
    at eval (webpack-internal:///(pages-dir-browser)/./node_modules/next/dist/client/dev/hot-reloader/pages/hot-reloader-pages.js:69:13)
    at WebSocket.handleMessage (webpack-internal:///(pages-dir-browser)/./node_modules/next/dist/client/dev/hot-reloader/pages/websocket.js:68:17) @ webpack-internal:///(pages-dir-browser)/./node_modules/next/dist/next-devtools/shared/forward-logs-shared.js:27
[   11101ms] [ERROR] Failed to load resource: the server responded with a status of 404 (Not Found) @ http://localhost:3111/_next/static/webpack/882bcfdc2ebfc3a1.webpack.hot-update.json:0
[   11117ms] [LOG] [Fast Refresh] rebuilding @ webpack-internal:///(pages-dir-browser)/./node_modules/next/dist/next-devtools/shared/forward-logs-shared.js:27
[   11129ms] [WARNING] [HMR] Invalid message: {"type":"isrManifest","data":{"/":true}}
TypeError: Cannot read properties of undefined (reading 'components')
    at handleStaticIndicator (webpack-internal:///(pages-dir-browser)/./node_modules/next/dist/client/dev/hot-reloader/pages/hot-reloader-pages.js:177:46)
    at processMessage (webpack-internal:///(pages-dir-browser)/./node_modules/next/dist/client/dev/hot-reloader/pages/hot-reloader-pages.js:191:17)
    at eval (webpack-internal:///(pages-dir-browser)/./node_modules/next/dist/client/dev/hot-reloader/pages/hot-reloader-pages.js:69:13)
    at WebSocket.handleMessage (webpack-internal:///(pages-dir-browser)/./node_modules/next/dist/client/dev/hot-reloader/pages/websocket.js:68:17) @ webpack-internal:///(pages-dir-browser)/./node_modules/next/dist/next-devtools/shared/forward-logs-shared.js:27
[   11519ms] [INFO] %cDownload the React DevTools for a better development experience: https://reactjs.org/link/react-devtools font-weight:bold @ webpack-internal:///(pages-dir-browser)/./node_modules/react-dom/cjs/react-dom.development.js:29834
[   11538ms] ReferenceError: __turbopack_load_page_chunks__ is not defined
    at http://localhost:3111/_next/static/chunks/pages/_app.js:1:1
[   11538ms] ReferenceError: __turbopack_load_page_chunks__ is not defined
    at http://localhost:3111/_next/static/chunks/pages/index.js:1:1
[   11543ms] [LOG] [HMR] connected @ webpack-internal:///(pages-dir-browser)/./node_modules/next/dist/next-devtools/shared/forward-logs-shared.js:27
[   11544ms] [WARNING] [HMR] Invalid message: {"type":"isrManifest","data":{"/":true}}
TypeError: Cannot read properties of undefined (reading 'components')
    at handleStaticIndicator (webpack-internal:///(pages-dir-browser)/./node_modules/next/dist/client/dev/hot-reloader/pages/hot-reloader-pages.js:177:46)
    at processMessage (webpack-internal:///(pages-dir-browser)/./node_modules/next/dist/client/dev/hot-reloader/pages/hot-reloader-pages.js:191:17)
    at eval (webpack-internal:///(pages-dir-browser)/./node_modules/next/dist/client/dev/hot-reloader/pages/hot-reloader-pages.js:69:13)
    at WebSocket.handleMessage (webpack-internal:///(pages-dir-browser)/./node_modules/next/dist/client/dev/hot-reloader/pages/websocket.js:68:17) @ webpack-internal:///(pages-dir-browser)/./node_modules/next/dist/next-devtools/shared/forward-logs-shared.js:27
[   11592ms] [ERROR] Failed to load resource: the server responded with a status of 404 (Not Found) @ http://localhost:3111/_next/static/webpack/882bcfdc2ebfc3a1.webpack.hot-update.json:0
[   11608ms] [LOG] [Fast Refresh] rebuilding @ webpack-internal:///(pages-dir-browser)/./node_modules/next/dist/next-devtools/shared/forward-logs-shared.js:27
[   11619ms] [WARNING] [HMR] Invalid message: {"type":"isrManifest","data":{"/":true}}
TypeError: Cannot read properties of undefined (reading 'components')
    at handleStaticIndicator (webpack-internal:///(pages-dir-browser)/./node_modules/next/dist/client/dev/hot-reloader/pages/hot-reloader-pages.js:177:46)
    at processMessage (webpack-internal:///(pages-dir-browser)/./node_modules/next/dist/client/dev/hot-reloader/pages/hot-reloader-pages.js:191:17)
    at eval (webpack-internal:///(pages-dir-browser)/./node_modules/next/dist/client/dev/hot-reloader/pages/hot-reloader-pages.js:69:13)
    at WebSocket.handleMessage (webpack-internal:///(pages-dir-browser)/./node_modules/next/dist/client/dev/hot-reloader/pages/websocket.js:68:17) @ webpack-internal:///(pages-dir-browser)/./node_modules/next/dist/next-devtools/shared/forward-logs-shared.js:27
[   12011ms] [INFO] %cDownload the React DevTools for a better development experience: https://reactjs.org/link/react-devtools font-weight:bold @ webpack-internal:///(pages-dir-browser)/./node_modules/react-dom/cjs/react-dom.development.js:29834
[   12033ms] ReferenceError: __turbopack_load_page_chunks__ is not defined
    at http://localhost:3111/_next/static/chunks/pages/_app.js:1:1
[   12034ms] ReferenceError: __turbopack_load_page_chunks__ is not defined
    at http://localhost:3111/_next/static/chunks/pages/index.js:1:1
[   12058ms] [LOG] [HMR] connected @ webpack-internal:///(pages-dir-browser)/./node_modules/next/dist/next-devtools/shared/forward-logs-shared.js:27
[   12059ms] [WARNING] [HMR] Invalid message: {"type":"isrManifest","data":{"/":true}}
TypeError: Cannot read properties of undefined (reading 'components')
    at handleStaticIndicator (webpack-internal:///(pages-dir-browser)/./node_modules/next/dist/client/dev/hot-reloader/pages/hot-reloader-pages.js:177:46)
    at processMessage (webpack-internal:///(pages-dir-browser)/./node_modules/next/dist/client/dev/hot-reloader/pages/hot-reloader-pages.js:191:17)
    at eval (webpack-internal:///(pages-dir-browser)/./node_modules/next/dist/client/dev/hot-reloader/pages/hot-reloader-pages.js:69:13)
    at WebSocket.handleMessage (webpack-internal:///(pages-dir-browser)/./node_modules/next/dist/client/dev/hot-reloader/pages/websocket.js:68:17) @ webpack-internal:///(pages-dir-browser)/./node_modules/next/dist/next-devtools/shared/forward-logs-shared.js:27
[   12109ms] [ERROR] Failed to load resource: the server responded with a status of 404 (Not Found) @ http://localhost:3111/_next/static/webpack/882bcfdc2ebfc3a1.webpack.hot-update.json:0
[   12125ms] [LOG] [Fast Refresh] rebuilding @ webpack-internal:///(pages-dir-browser)/./node_modules/next/dist/next-devtools/shared/forward-logs-shared.js:27
[   12136ms] [WARNING] [HMR] Invalid message: {"type":"isrManifest","data":{"/":true}}
TypeError: Cannot read properties of undefined (reading 'components')
    at handleStaticIndicator (webpack-internal:///(pages-dir-browser)/./node_modules/next/dist/client/dev/hot-reloader/pages/hot-reloader-pages.js:177:46)
    at processMessage (webpack-internal:///(pages-dir-browser)/./node_modules/next/dist/client/dev/hot-reloader/pages/hot-reloader-pages.js:191:17)
    at eval (webpack-internal:///(pages-dir-browser)/./node_modules/next/dist/client/dev/hot-reloader/pages/hot-reloader-pages.js:69:13)
    at WebSocket.handleMessage (webpack-internal:///(pages-dir-browser)/./node_modules/next/dist/client/dev/hot-reloader/pages/websocket.js:68:17) @ webpack-internal:///(pages-dir-browser)/./node_modules/next/dist/next-devtools/shared/forward-logs-shared.js:27
[   12530ms] [INFO] %cDownload the React DevTools for a better development experience: https://reactjs.org/link/react-devtools font-weight:bold @ webpack-internal:///(pages-dir-browser)/./node_modules/react-dom/cjs/react-dom.development.js:29834
[   12565ms] ReferenceError: __turbopack_load_page_chunks__ is not defined
    at http://localhost:3111/_next/static/chunks/pages/_app.js:1:1
[   12569ms] ReferenceError: __turbopack_load_page_chunks__ is not defined
    at http://localhost:3111/_next/static/chunks/pages/index.js:1:1
[   12570ms] [LOG] [HMR] connected @ webpack-internal:///(pages-dir-browser)/./node_modules/next/dist/next-devtools/shared/forward-logs-shared.js:27
[   12570ms] [WARNING] [HMR] Invalid message: {"type":"isrManifest","data":{"/":true}}
TypeError: Cannot read properties of undefined (reading 'components')
    at handleStaticIndicator (webpack-internal:///(pages-dir-browser)/./node_modules/next/dist/client/dev/hot-reloader/pages/hot-reloader-pages.js:177:46)
    at processMessage (webpack-internal:///(pages-dir-browser)/./node_modules/next/dist/client/dev/hot-reloader/pages/hot-reloader-pages.js:191:17)
    at eval (webpack-internal:///(pages-dir-browser)/./node_modules/next/dist/client/dev/hot-reloader/pages/hot-reloader-pages.js:69:13)
    at WebSocket.handleMessage (webpack-internal:///(pages-dir-browser)/./node_modules/next/dist/client/dev/hot-reloader/pages/websocket.js:68:17) @ webpack-internal:///(pages-dir-browser)/./node_modules/next/dist/next-devtools/shared/forward-logs-shared.js:27
[   12587ms] [ERROR] Failed to load resource: the server responded with a status of 404 (Not Found) @ http://localhost:3111/_next/static/webpack/882bcfdc2ebfc3a1.webpack.hot-update.json:0
[   12630ms] [LOG] [Fast Refresh] rebuilding @ webpack-internal:///(pages-dir-browser)/./node_modules/next/dist/next-devtools/shared/forward-logs-shared.js:27
[   12632ms] [WARNING] [HMR] Invalid message: {"type":"isrManifest","data":{"/":true}}
TypeError: Cannot read properties of undefined (reading 'components')
    at handleStaticIndicator (webpack-internal:///(pages-dir-browser)/./node_modules/next/dist/client/dev/hot-reloader/pages/hot-reloader-pages.js:177:46)
    at processMessage (webpack-internal:///(pages-dir-browser)/./node_modules/next/dist/client/dev/hot-reloader/pages/hot-reloader-pages.js:191:17)
    at eval (webpack-internal:///(pages-dir-browser)/./node_modules/next/dist/client/dev/hot-reloader/pages/hot-reloader-pages.js:69:13)
    at WebSocket.handleMessage (webpack-internal:///(pages-dir-browser)/./node_modules/next/dist/client/dev/hot-reloader/pages/websocket.js:68:17) @ webpack-internal:///(pages-dir-browser)/./node_modules/next/dist/next-devtools/shared/forward-logs-shared.js:27
[   13027ms] [INFO] %cDownload the React DevTools for a better development experience: https://reactjs.org/link/react-devtools font-weight:bold @ webpack-internal:///(pages-dir-browser)/./node_modules/react-dom/cjs/react-dom.development.js:29834
[   13045ms] ReferenceError: __turbopack_load_page_chunks__ is not defined
    at http://localhost:3111/_next/static/chunks/pages/_app.js:1:1
[   13046ms] ReferenceError: __turbopack_load_page_chunks__ is not defined
    at http://localhost:3111/_next/static/chunks/pages/index.js:1:1
[   13053ms] [LOG] [HMR] connected @ webpack-internal:///(pages-dir-browser)/./node_modules/next/dist/next-devtools/shared/forward-logs-shared.js:27
[   13054ms] [WARNING] [HMR] Invalid message: {"type":"isrManifest","data":{"/":true}}
TypeError: Cannot read properties of undefined (reading 'components')
    at handleStaticIndicator (webpack-internal:///(pages-dir-browser)/./node_modules/next/dist/client/dev/hot-reloader/pages/hot-reloader-pages.js:177:46)
    at processMessage (webpack-internal:///(pages-dir-browser)/./node_modules/next/dist/client/dev/hot-reloader/pages/hot-reloader-pages.js:191:17)
    at eval (webpack-internal:///(pages-dir-browser)/./node_modules/next/dist/client/dev/hot-reloader/pages/hot-reloader-pages.js:69:13)
    at WebSocket.handleMessage (webpack-internal:///(pages-dir-browser)/./node_modules/next/dist/client/dev/hot-reloader/pages/websocket.js:68:17) @ webpack-internal:///(pages-dir-browser)/./node_modules/next/dist/next-devtools/shared/forward-logs-shared.js:27
[   13104ms] [ERROR] Failed to load resource: the server responded with a status of 404 (Not Found) @ http://localhost:3111/_next/static/webpack/882bcfdc2ebfc3a1.webpack.hot-update.json:0
[   13120ms] [LOG] [Fast Refresh] rebuilding @ webpack-internal:///(pages-dir-browser)/./node_modules/next/dist/next-devtools/shared/forward-logs-shared.js:27
[   13133ms] [WARNING] [HMR] Invalid message: {"type":"isrManifest","data":{"/":true}}
TypeError: Cannot read properties of undefined (reading 'components')
    at handleStaticIndicator (webpack-internal:///(pages-dir-browser)/./node_modules/next/dist/client/dev/hot-reloader/pages/hot-reloader-pages.js:177:46)
    at processMessage (webpack-internal:///(pages-dir-browser)/./node_modules/next/dist/client/dev/hot-reloader/pages/hot-reloader-pages.js:191:17)
    at eval (webpack-internal:///(pages-dir-browser)/./node_modules/next/dist/client/dev/hot-reloader/pages/hot-reloader-pages.js:69:13)
    at WebSocket.handleMessage (webpack-internal:///(pages-dir-browser)/./node_modules/next/dist/client/dev/hot-reloader/pages/websocket.js:68:17) @ webpack-internal:///(pages-dir-browser)/./node_modules/next/dist/next-devtools/shared/forward-logs-shared.js:27
[   13538ms] [INFO] %cDownload the React DevTools for a better development experience: https://reactjs.org/link/react-devtools font-weight:bold @ webpack-internal:///(pages-dir-browser)/./node_modules/react-dom/cjs/react-dom.development.js:29834
[   13562ms] ReferenceError: __turbopack_load_page_chunks__ is not defined
    at http://localhost:3111/_next/static/chunks/pages/_app.js:1:1
[   13563ms] ReferenceError: __turbopack_load_page_chunks__ is not defined
    at http://localhost:3111/_next/static/chunks/pages/index.js:1:1
[   13567ms] [LOG] [HMR] connected @ webpack-internal:///(pages-dir-browser)/./node_modules/next/dist/next-devtools/shared/forward-logs-shared.js:27
[   13568ms] [WARNING] [HMR] Invalid message: {"type":"isrManifest","data":{"/":true}}
TypeError: Cannot read properties of undefined (reading 'components')
    at handleStaticIndicator (webpack-internal:///(pages-dir-browser)/./node_modules/next/dist/client/dev/hot-reloader/pages/hot-reloader-pages.js:177:46)
    at processMessage (webpack-internal:///(pages-dir-browser)/./node_modules/next/dist/client/dev/hot-reloader/pages/hot-reloader-pages.js:191:17)
    at eval (webpack-internal:///(pages-dir-browser)/./node_modules/next/dist/client/dev/hot-reloader/pages/hot-reloader-pages.js:69:13)
    at WebSocket.handleMessage (webpack-internal:///(pages-dir-browser)/./node_modules/next/dist/client/dev/hot-reloader/pages/websocket.js:68:17) @ webpack-internal:///(pages-dir-browser)/./node_modules/next/dist/next-devtools/shared/forward-logs-shared.js:27
[   13618ms] [ERROR] Failed to load resource: the server responded with a status of 404 (Not Found) @ http://localhost:3111/_next/static/webpack/882bcfdc2ebfc3a1.webpack.hot-update.json:0
[   13634ms] [LOG] [Fast Refresh] rebuilding @ webpack-internal:///(pages-dir-browser)/./node_modules/next/dist/next-devtools/shared/forward-logs-shared.js:27
[   13644ms] [WARNING] [HMR] Invalid message: {"type":"isrManifest","data":{"/":true}}
TypeError: Cannot read properties of undefined (reading 'components')
    at handleStaticIndicator (webpack-internal:///(pages-dir-browser)/./node_modules/next/dist/client/dev/hot-reloader/pages/hot-reloader-pages.js:177:46)
    at processMessage (webpack-internal:///(pages-dir-browser)/./node_modules/next/dist/client/dev/hot-reloader/pages/hot-reloader-pages.js:191:17)
    at eval (webpack-internal:///(pages-dir-browser)/./node_modules/next/dist/client/dev/hot-reloader/pages/hot-reloader-pages.js:69:13)
    at WebSocket.handleMessage (webpack-internal:///(pages-dir-browser)/./node_modules/next/dist/client/dev/hot-reloader/pages/websocket.js:68:17) @ webpack-internal:///(pages-dir-browser)/./node_modules/next/dist/next-devtools/shared/forward-logs-shared.js:27
[   14052ms] [INFO] %cDownload the React DevTools for a better development experience: https://reactjs.org/link/react-devtools font-weight:bold @ webpack-internal:///(pages-dir-browser)/./node_modules/react-dom/cjs/react-dom.development.js:29834
[   14081ms] ReferenceError: __turbopack_load_page_chunks__ is not defined
    at http://localhost:3111/_next/static/chunks/pages/_app.js:1:1
[   14082ms] ReferenceError: __turbopack_load_page_chunks__ is not defined
    at http://localhost:3111/_next/static/chunks/pages/index.js:1:1
[   14085ms] [LOG] [HMR] connected @ webpack-internal:///(pages-dir-browser)/./node_modules/next/dist/next-devtools/shared/forward-logs-shared.js:27
[   14086ms] [WARNING] [HMR] Invalid message: {"type":"isrManifest","data":{"/":true}}
TypeError: Cannot read properties of undefined (reading 'components')
    at handleStaticIndicator (webpack-internal:///(pages-dir-browser)/./node_modules/next/dist/client/dev/hot-reloader/pages/hot-reloader-pages.js:177:46)
    at processMessage (webpack-internal:///(pages-dir-browser)/./node_modules/next/dist/client/dev/hot-reloader/pages/hot-reloader-pages.js:191:17)
    at eval (webpack-internal:///(pages-dir-browser)/./node_modules/next/dist/client/dev/hot-reloader/pages/hot-reloader-pages.js:69:13)
    at WebSocket.handleMessage (webpack-internal:///(pages-dir-browser)/./node_modules/next/dist/client/dev/hot-reloader/pages/websocket.js:68:17) @ webpack-internal:///(pages-dir-browser)/./node_modules/next/dist/next-devtools/shared/forward-logs-shared.js:27
[   14140ms] [ERROR] Failed to load resource: the server responded with a status of 404 (Not Found) @ http://localhost:3111/_next/static/webpack/882bcfdc2ebfc3a1.webpack.hot-update.json:0
[   14158ms] [LOG] [Fast Refresh] rebuilding @ webpack-internal:///(pages-dir-browser)/./node_modules/next/dist/next-devtools/shared/forward-logs-shared.js:27
[   14170ms] [WARNING] [HMR] Invalid message: {"type":"isrManifest","data":{"/":true}}
TypeError: Cannot read properties of undefined (reading 'components')
    at handleStaticIndicator (webpack-internal:///(pages-dir-browser)/./node_modules/next/dist/client/dev/hot-reloader/pages/hot-reloader-pages.js:177:46)
    at processMessage (webpack-internal:///(pages-dir-browser)/./node_modules/next/dist/client/dev/hot-reloader/pages/hot-reloader-pages.js:191:17)
    at eval (webpack-internal:///(pages-dir-browser)/./node_modules/next/dist/client/dev/hot-reloader/pages/hot-reloader-pages.js:69:13)
    at WebSocket.handleMessage (webpack-internal:///(pages-dir-browser)/./node_modules/next/dist/client/dev/hot-reloader/pages/websocket.js:68:17) @ webpack-internal:///(pages-dir-browser)/./node_modules/next/dist/next-devtools/shared/forward-logs-shared.js:27
[   14556ms] [INFO] %cDownload the React DevTools for a better development experience: https://reactjs.org/link/react-devtools font-weight:bold @ webpack-internal:///(pages-dir-browser)/./node_modules/react-dom/cjs/react-dom.development.js:29834
[   14577ms] ReferenceError: __turbopack_load_page_chunks__ is not defined
    at http://localhost:3111/_next/static/chunks/pages/_app.js:1:1
[   14577ms] ReferenceError: __turbopack_load_page_chunks__ is not defined
    at http://localhost:3111/_next/static/chunks/pages/index.js:1:1
[   14582ms] [LOG] [HMR] connected @ webpack-internal:///(pages-dir-browser)/./node_modules/next/dist/next-devtools/shared/forward-logs-shared.js:27
[   14583ms] [WARNING] [HMR] Invalid message: {"type":"isrManifest","data":{"/":true}}
TypeError: Cannot read properties of undefined (reading 'components')
    at handleStaticIndicator (webpack-internal:///(pages-dir-browser)/./node_modules/next/dist/client/dev/hot-reloader/pages/hot-reloader-pages.js:177:46)
    at processMessage (webpack-internal:///(pages-dir-browser)/./node_modules/next/dist/client/dev/hot-reloader/pages/hot-reloader-pages.js:191:17)
    at eval (webpack-internal:///(pages-dir-browser)/./node_modules/next/dist/client/dev/hot-reloader/pages/hot-reloader-pages.js:69:13)
    at WebSocket.handleMessage (webpack-internal:///(pages-dir-browser)/./node_modules/next/dist/client/dev/hot-reloader/pages/websocket.js:68:17) @ webpack-internal:///(pages-dir-browser)/./node_modules/next/dist/next-devtools/shared/forward-logs-shared.js:27
[   14625ms] [ERROR] Failed to load resource: the server responded with a status of 404 (Not Found) @ http://localhost:3111/_next/static/webpack/882bcfdc2ebfc3a1.webpack.hot-update.json:0
[   14641ms] [LOG] [Fast Refresh] rebuilding @ webpack-internal:///(pages-dir-browser)/./node_modules/next/dist/next-devtools/shared/forward-logs-shared.js:27
[   14652ms] [WARNING] [HMR] Invalid message: {"type":"isrManifest","data":{"/":true}}
TypeError: Cannot read properties of undefined (reading 'components')
    at handleStaticIndicator (webpack-internal:///(pages-dir-browser)/./node_modules/next/dist/client/dev/hot-reloader/pages/hot-reloader-pages.js:177:46)
    at processMessage (webpack-internal:///(pages-dir-browser)/./node_modules/next/dist/client/dev/hot-reloader/pages/hot-reloader-pages.js:191:17)
    at eval (webpack-internal:///(pages-dir-browser)/./node_modules/next/dist/client/dev/hot-reloader/pages/hot-reloader-pages.js:69:13)
    at WebSocket.handleMessage (webpack-internal:///(pages-dir-browser)/./node_modules/next/dist/client/dev/hot-reloader/pages/websocket.js:68:17) @ webpack-internal:///(pages-dir-browser)/./node_modules/next/dist/next-devtools/shared/forward-logs-shared.js:27
[   15057ms] [INFO] %cDownload the React DevTools for a better development experience: https://reactjs.org/link/react-devtools font-weight:bold @ webpack-internal:///(pages-dir-browser)/./node_modules/react-dom/cjs/react-dom.development.js:29834
[   15077ms] ReferenceError: __turbopack_load_page_chunks__ is not defined
    at http://localhost:3111/_next/static/chunks/pages/_app.js:1:1
[   15078ms] ReferenceError: __turbopack_load_page_chunks__ is not defined
    at http://localhost:3111/_next/static/chunks/pages/index.js:1:1
[   15083ms] [LOG] [HMR] connected @ webpack-internal:///(pages-dir-browser)/./node_modules/next/dist/next-devtools/shared/forward-logs-shared.js:27
[   15084ms] [WARNING] [HMR] Invalid message: {"type":"isrManifest","data":{"/":true}}
TypeError: Cannot read properties of undefined (reading 'components')
    at handleStaticIndicator (webpack-internal:///(pages-dir-browser)/./node_modules/next/dist/client/dev/hot-reloader/pages/hot-reloader-pages.js:177:46)
    at processMessage (webpack-internal:///(pages-dir-browser)/./node_modules/next/dist/client/dev/hot-reloader/pages/hot-reloader-pages.js:191:17)
    at eval (webpack-internal:///(pages-dir-browser)/./node_modules/next/dist/client/dev/hot-reloader/pages/hot-reloader-pages.js:69:13)
    at WebSocket.handleMessage (webpack-internal:///(pages-dir-browser)/./node_modules/next/dist/client/dev/hot-reloader/pages/websocket.js:68:17) @ webpack-internal:///(pages-dir-browser)/./node_modules/next/dist/next-devtools/shared/forward-logs-shared.js:27
[   15128ms] [ERROR] Failed to load resource: the server responded with a status of 404 (Not Found) @ http://localhost:3111/_next/static/webpack/882bcfdc2ebfc3a1.webpack.hot-update.json:0
[   15144ms] [LOG] [Fast Refresh] rebuilding @ webpack-internal:///(pages-dir-browser)/./node_modules/next/dist/next-devtools/shared/forward-logs-shared.js:27
[   15158ms] [WARNING] [HMR] Invalid message: {"type":"isrManifest","data":{"/":true}}
TypeError: Cannot read properties of undefined (reading 'components')
    at handleStaticIndicator (webpack-internal:///(pages-dir-browser)/./node_modules/next/dist/client/dev/hot-reloader/pages/hot-reloader-pages.js:177:46)
    at processMessage (webpack-internal:///(pages-dir-browser)/./node_modules/next/dist/client/dev/hot-reloader/pages/hot-reloader-pages.js:191:17)
    at eval (webpack-internal:///(pages-dir-browser)/./node_modules/next/dist/client/dev/hot-reloader/pages/hot-reloader-pages.js:69:13)
    at WebSocket.handleMessage (webpack-internal:///(pages-dir-browser)/./node_modules/next/dist/client/dev/hot-reloader/pages/websocket.js:68:17) @ webpack-internal:///(pages-dir-browser)/./node_modules/next/dist/next-devtools/shared/forward-logs-shared.js:27
[   15556ms] [INFO] %cDownload the React DevTools for a better development experience: https://reactjs.org/link/react-devtools font-weight:bold @ webpack-internal:///(pages-dir-browser)/./node_modules/react-dom/cjs/react-dom.development.js:29834
[   15580ms] ReferenceError: __turbopack_load_page_chunks__ is not defined
    at http://localhost:3111/_next/static/chunks/pages/_app.js:1:1
[   15581ms] ReferenceError: __turbopack_load_page_chunks__ is not defined
    at http://localhost:3111/_next/static/chunks/pages/index.js:1:1
[   15586ms] [LOG] [HMR] connected @ webpack-internal:///(pages-dir-browser)/./node_modules/next/dist/next-devtools/shared/forward-logs-shared.js:27
[   15587ms] [WARNING] [HMR] Invalid message: {"type":"isrManifest","data":{"/":true}}
TypeError: Cannot read properties of undefined (reading 'components')
    at handleStaticIndicator (webpack-internal:///(pages-dir-browser)/./node_modules/next/dist/client/dev/hot-reloader/pages/hot-reloader-pages.js:177:46)
    at processMessage (webpack-internal:///(pages-dir-browser)/./node_modules/next/dist/client/dev/hot-reloader/pages/hot-reloader-pages.js:191:17)
    at eval (webpack-internal:///(pages-dir-browser)/./node_modules/next/dist/client/dev/hot-reloader/pages/hot-reloader-pages.js:69:13)
    at WebSocket.handleMessage (webpack-internal:///(pages-dir-browser)/./node_modules/next/dist/client/dev/hot-reloader/pages/websocket.js:68:17) @ webpack-internal:///(pages-dir-browser)/./node_modules/next/dist/next-devtools/shared/forward-logs-shared.js:27
[   15631ms] [ERROR] Failed to load resource: the server responded with a status of 404 (Not Found) @ http://localhost:3111/_next/static/webpack/882bcfdc2ebfc3a1.webpack.hot-update.json:0
[   15646ms] [LOG] [Fast Refresh] rebuilding @ webpack-internal:///(pages-dir-browser)/./node_modules/next/dist/next-devtools/shared/forward-logs-shared.js:27
[   15658ms] [WARNING] [HMR] Invalid message: {"type":"isrManifest","data":{"/":true}}
TypeError: Cannot read properties of undefined (reading 'components')
    at handleStaticIndicator (webpack-internal:///(pages-dir-browser)/./node_modules/next/dist/client/dev/hot-reloader/pages/hot-reloader-pages.js:177:46)
    at processMessage (webpack-internal:///(pages-dir-browser)/./node_modules/next/dist/client/dev/hot-reloader/pages/hot-reloader-pages.js:191:17)
    at eval (webpack-internal:///(pages-dir-browser)/./node_modules/next/dist/client/dev/hot-reloader/pages/hot-reloader-pages.js:69:13)
    at WebSocket.handleMessage (webpack-internal:///(pages-dir-browser)/./node_modules/next/dist/client/dev/hot-reloader/pages/websocket.js:68:17) @ webpack-internal:///(pages-dir-browser)/./node_modules/next/dist/next-devtools/shared/forward-logs-shared.js:27
[   16070ms] [INFO] %cDownload the React DevTools for a better development experience: https://reactjs.org/link/react-devtools font-weight:bold @ webpack-internal:///(pages-dir-browser)/./node_modules/react-dom/cjs/react-dom.development.js:29834
[   16096ms] ReferenceError: __turbopack_load_page_chunks__ is not defined
    at http://localhost:3111/_next/static/chunks/pages/_app.js:1:1
[   16097ms] ReferenceError: __turbopack_load_page_chunks__ is not defined
    at http://localhost:3111/_next/static/chunks/pages/index.js:1:1
[   16101ms] [LOG] [HMR] connected @ webpack-internal:///(pages-dir-browser)/./node_modules/next/dist/next-devtools/shared/forward-logs-shared.js:27
[   16102ms] [WARNING] [HMR] Invalid message: {"type":"isrManifest","data":{"/":true}}
TypeError: Cannot read properties of undefined (reading 'components')
    at handleStaticIndicator (webpack-internal:///(pages-dir-browser)/./node_modules/next/dist/client/dev/hot-reloader/pages/hot-reloader-pages.js:177:46)
    at processMessage (webpack-internal:///(pages-dir-browser)/./node_modules/next/dist/client/dev/hot-reloader/pages/hot-reloader-pages.js:191:17)
    at eval (webpack-internal:///(pages-dir-browser)/./node_modules/next/dist/client/dev/hot-reloader/pages/hot-reloader-pages.js:69:13)
    at WebSocket.handleMessage (webpack-internal:///(pages-dir-browser)/./node_modules/next/dist/client/dev/hot-reloader/pages/websocket.js:68:17) @ webpack-internal:///(pages-dir-browser)/./node_modules/next/dist/next-devtools/shared/forward-logs-shared.js:27
[   16147ms] [ERROR] Failed to load resource: the server responded with a status of 404 (Not Found) @ http://localhost:3111/_next/static/webpack/882bcfdc2ebfc3a1.webpack.hot-update.json:0
[   16162ms] [LOG] [Fast Refresh] rebuilding @ webpack-internal:///(pages-dir-browser)/./node_modules/next/dist/next-devtools/shared/forward-logs-shared.js:27
[   16173ms] [WARNING] [HMR] Invalid message: {"type":"isrManifest","data":{"/":true}}
TypeError: Cannot read properties of undefined (reading 'components')
    at handleStaticIndicator (webpack-internal:///(pages-dir-browser)/./node_modules/next/dist/client/dev/hot-reloader/pages/hot-reloader-pages.js:177:46)
    at processMessage (webpack-internal:///(pages-dir-browser)/./node_modules/next/dist/client/dev/hot-reloader/pages/hot-reloader-pages.js:191:17)
    at eval (webpack-internal:///(pages-dir-browser)/./node_modules/next/dist/client/dev/hot-reloader/pages/hot-reloader-pages.js:69:13)
    at WebSocket.handleMessage (webpack-internal:///(pages-dir-browser)/./node_modules/next/dist/client/dev/hot-reloader/pages/websocket.js:68:17) @ webpack-internal:///(pages-dir-browser)/./node_modules/next/dist/next-devtools/shared/forward-logs-shared.js:27
[   16570ms] [INFO] %cDownload the React DevTools for a better development experience: https://reactjs.org/link/react-devtools font-weight:bold @ webpack-internal:///(pages-dir-browser)/./node_modules/react-dom/cjs/react-dom.development.js:29834
[   16593ms] ReferenceError: __turbopack_load_page_chunks__ is not defined
    at http://localhost:3111/_next/static/chunks/pages/_app.js:1:1
[   16594ms] ReferenceError: __turbopack_load_page_chunks__ is not defined
    at http://localhost:3111/_next/static/chunks/pages/index.js:1:1
[   16599ms] [LOG] [HMR] connected @ webpack-internal:///(pages-dir-browser)/./node_modules/next/dist/next-devtools/shared/forward-logs-shared.js:27
[   16600ms] [WARNING] [HMR] Invalid message: {"type":"isrManifest","data":{"/":true}}
TypeError: Cannot read properties of undefined (reading 'components')
    at handleStaticIndicator (webpack-internal:///(pages-dir-browser)/./node_modules/next/dist/client/dev/hot-reloader/pages/hot-reloader-pages.js:177:46)
    at processMessage (webpack-internal:///(pages-dir-browser)/./node_modules/next/dist/client/dev/hot-reloader/pages/hot-reloader-pages.js:191:17)
    at eval (webpack-internal:///(pages-dir-browser)/./node_modules/next/dist/client/dev/hot-reloader/pages/hot-reloader-pages.js:69:13)
    at WebSocket.handleMessage (webpack-internal:///(pages-dir-browser)/./node_modules/next/dist/client/dev/hot-reloader/pages/websocket.js:68:17) @ webpack-internal:///(pages-dir-browser)/./node_modules/next/dist/next-devtools/shared/forward-logs-shared.js:27
[   16651ms] [ERROR] Failed to load resource: the server responded with a status of 404 (Not Found) @ http://localhost:3111/_next/static/webpack/882bcfdc2ebfc3a1.webpack.hot-update.json:0
[   16670ms] [LOG] [Fast Refresh] rebuilding @ webpack-internal:///(pages-dir-browser)/./node_modules/next/dist/next-devtools/shared/forward-logs-shared.js:27
[   16682ms] [WARNING] [HMR] Invalid message: {"type":"isrManifest","data":{"/":true}}
TypeError: Cannot read properties of undefined (reading 'components')
    at handleStaticIndicator (webpack-internal:///(pages-dir-browser)/./node_modules/next/dist/client/dev/hot-reloader/pages/hot-reloader-pages.js:177:46)
    at processMessage (webpack-internal:///(pages-dir-browser)/./node_modules/next/dist/client/dev/hot-reloader/pages/hot-reloader-pages.js:191:17)
    at eval (webpack-internal:///(pages-dir-browser)/./node_modules/next/dist/client/dev/hot-reloader/pages/hot-reloader-pages.js:69:13)
    at WebSocket.handleMessage (webpack-internal:///(pages-dir-browser)/./node_modules/next/dist/client/dev/hot-reloader/pages/websocket.js:68:17) @ webpack-internal:///(pages-dir-browser)/./node_modules/next/dist/next-devtools/shared/forward-logs-shared.js:27
[   17090ms] [INFO] %cDownload the React DevTools for a better development experience: https://reactjs.org/link/react-devtools font-weight:bold @ webpack-internal:///(pages-dir-browser)/./node_modules/react-dom/cjs/react-dom.development.js:29834
[   17115ms] ReferenceError: __turbopack_load_page_chunks__ is not defined
    at http://localhost:3111/_next/static/chunks/pages/_app.js:1:1
[   17116ms] ReferenceError: __turbopack_load_page_chunks__ is not defined
    at http://localhost:3111/_next/static/chunks/pages/index.js:1:1
[   17122ms] [LOG] [HMR] connected @ webpack-internal:///(pages-dir-browser)/./node_modules/next/dist/next-devtools/shared/forward-logs-shared.js:27
[   17123ms] [WARNING] [HMR] Invalid message: {"type":"isrManifest","data":{"/":true}}
TypeError: Cannot read properties of undefined (reading 'components')
    at handleStaticIndicator (webpack-internal:///(pages-dir-browser)/./node_modules/next/dist/client/dev/hot-reloader/pages/hot-reloader-pages.js:177:46)
    at processMessage (webpack-internal:///(pages-dir-browser)/./node_modules/next/dist/client/dev/hot-reloader/pages/hot-reloader-pages.js:191:17)
    at eval (webpack-internal:///(pages-dir-browser)/./node_modules/next/dist/client/dev/hot-reloader/pages/hot-reloader-pages.js:69:13)
    at WebSocket.handleMessage (webpack-internal:///(pages-dir-browser)/./node_modules/next/dist/client/dev/hot-reloader/pages/websocket.js:68:17) @ webpack-internal:///(pages-dir-browser)/./node_modules/next/dist/next-devtools/shared/forward-logs-shared.js:27
[   17172ms] [ERROR] Failed to load resource: the server responded with a status of 404 (Not Found) @ http://localhost:3111/_next/static/webpack/882bcfdc2ebfc3a1.webpack.hot-update.json:0
[   17188ms] [LOG] [Fast Refresh] rebuilding @ webpack-internal:///(pages-dir-browser)/./node_modules/next/dist/next-devtools/shared/forward-logs-shared.js:27
[   17202ms] [WARNING] [HMR] Invalid message: {"type":"isrManifest","data":{"/":true}}
TypeError: Cannot read properties of undefined (reading 'components')
    at handleStaticIndicator (webpack-internal:///(pages-dir-browser)/./node_modules/next/dist/client/dev/hot-reloader/pages/hot-reloader-pages.js:177:46)
    at processMessage (webpack-internal:///(pages-dir-browser)/./node_modules/next/dist/client/dev/hot-reloader/pages/hot-reloader-pages.js:191:17)
    at eval (webpack-internal:///(pages-dir-browser)/./node_modules/next/dist/client/dev/hot-reloader/pages/hot-reloader-pages.js:69:13)
    at WebSocket.handleMessage (webpack-internal:///(pages-dir-browser)/./node_modules/next/dist/client/dev/hot-reloader/pages/websocket.js:68:17) @ webpack-internal:///(pages-dir-browser)/./node_modules/next/dist/next-devtools/shared/forward-logs-shared.js:27
[   17625ms] [INFO] %cDownload the React DevTools for a better development experience: https://reactjs.org/link/react-devtools font-weight:bold @ webpack-internal:///(pages-dir-browser)/./node_modules/react-dom/cjs/react-dom.development.js:29834
[   17649ms] ReferenceError: __turbopack_load_page_chunks__ is not defined
    at http://localhost:3111/_next/static/chunks/pages/_app.js:1:1
[   17649ms] ReferenceError: __turbopack_load_page_chunks__ is not defined
    at http://localhost:3111/_next/static/chunks/pages/index.js:1:1
[   17655ms] [LOG] [HMR] connected @ webpack-internal:///(pages-dir-browser)/./node_modules/next/dist/next-devtools/shared/forward-logs-shared.js:27
[   17655ms] [WARNING] [HMR] Invalid message: {"type":"isrManifest","data":{"/":true}}
TypeError: Cannot read properties of undefined (reading 'components')
    at handleStaticIndicator (webpack-internal:///(pages-dir-browser)/./node_modules/next/dist/client/dev/hot-reloader/pages/hot-reloader-pages.js:177:46)
    at processMessage (webpack-internal:///(pages-dir-browser)/./node_modules/next/dist/client/dev/hot-reloader/pages/hot-reloader-pages.js:191:17)
    at eval (webpack-internal:///(pages-dir-browser)/./node_modules/next/dist/client/dev/hot-reloader/pages/hot-reloader-pages.js:69:13)
    at WebSocket.handleMessage (webpack-internal:///(pages-dir-browser)/./node_modules/next/dist/client/dev/hot-reloader/pages/websocket.js:68:17) @ webpack-internal:///(pages-dir-browser)/./node_modules/next/dist/next-devtools/shared/forward-logs-shared.js:27
[   17701ms] [ERROR] Failed to load resource: the server responded with a status of 404 (Not Found) @ http://localhost:3111/_next/static/webpack/882bcfdc2ebfc3a1.webpack.hot-update.json:0
[   17716ms] [LOG] [Fast Refresh] rebuilding @ webpack-internal:///(pages-dir-browser)/./node_modules/next/dist/next-devtools/shared/forward-logs-shared.js:27
[   17726ms] [WARNING] [HMR] Invalid message: {"type":"isrManifest","data":{"/":true}}
TypeError: Cannot read properties of undefined (reading 'components')
    at handleStaticIndicator (webpack-internal:///(pages-dir-browser)/./node_modules/next/dist/client/dev/hot-reloader/pages/hot-reloader-pages.js:177:46)
    at processMessage (webpack-internal:///(pages-dir-browser)/./node_modules/next/dist/client/dev/hot-reloader/pages/hot-reloader-pages.js:191:17)
    at eval (webpack-internal:///(pages-dir-browser)/./node_modules/next/dist/client/dev/hot-reloader/pages/hot-reloader-pages.js:69:13)
    at WebSocket.handleMessage (webpack-internal:///(pages-dir-browser)/./node_modules/next/dist/client/dev/hot-reloader/pages/websocket.js:68:17) @ webpack-internal:///(pages-dir-browser)/./node_modules/next/dist/next-devtools/shared/forward-logs-shared.js:27
[   18141ms] [INFO] %cDownload the React DevTools for a better development experience: https://reactjs.org/link/react-devtools font-weight:bold @ webpack-internal:///(pages-dir-browser)/./node_modules/react-dom/cjs/react-dom.development.js:29834
[   18170ms] ReferenceError: __turbopack_load_page_chunks__ is not defined
    at http://localhost:3111/_next/static/chunks/pages/_app.js:1:1
[   18171ms] ReferenceError: __turbopack_load_page_chunks__ is not defined
    at http://localhost:3111/_next/static/chunks/pages/index.js:1:1
[   18177ms] [LOG] [HMR] connected @ webpack-internal:///(pages-dir-browser)/./node_modules/next/dist/next-devtools/shared/forward-logs-shared.js:27
[   18178ms] [WARNING] [HMR] Invalid message: {"type":"isrManifest","data":{"/":true}}
TypeError: Cannot read properties of undefined (reading 'components')
    at handleStaticIndicator (webpack-internal:///(pages-dir-browser)/./node_modules/next/dist/client/dev/hot-reloader/pages/hot-reloader-pages.js:177:46)
    at processMessage (webpack-internal:///(pages-dir-browser)/./node_modules/next/dist/client/dev/hot-reloader/pages/hot-reloader-pages.js:191:17)
    at eval (webpack-internal:///(pages-dir-browser)/./node_modules/next/dist/client/dev/hot-reloader/pages/hot-reloader-pages.js:69:13)
    at WebSocket.handleMessage (webpack-internal:///(pages-dir-browser)/./node_modules/next/dist/client/dev/hot-reloader/pages/websocket.js:68:17) @ webpack-internal:///(pages-dir-browser)/./node_modules/next/dist/next-devtools/shared/forward-logs-shared.js:27
[   18246ms] [ERROR] Failed to load resource: the server responded with a status of 404 (Not Found) @ http://localhost:3111/_next/static/webpack/882bcfdc2ebfc3a1.webpack.hot-update.json:0
[   18262ms] [LOG] [Fast Refresh] rebuilding @ webpack-internal:///(pages-dir-browser)/./node_modules/next/dist/next-devtools/shared/forward-logs-shared.js:27
[   18275ms] [WARNING] [HMR] Invalid message: {"type":"isrManifest","data":{"/":true}}
TypeError: Cannot read properties of undefined (reading 'components')
    at handleStaticIndicator (webpack-internal:///(pages-dir-browser)/./node_modules/next/dist/client/dev/hot-reloader/pages/hot-reloader-pages.js:177:46)
    at processMessage (webpack-internal:///(pages-dir-browser)/./node_modules/next/dist/client/dev/hot-reloader/pages/hot-reloader-pages.js:191:17)
    at eval (webpack-internal:///(pages-dir-browser)/./node_modules/next/dist/client/dev/hot-reloader/pages/hot-reloader-pages.js:69:13)
    at WebSocket.handleMessage (webpack-internal:///(pages-dir-browser)/./node_modules/next/dist/client/dev/hot-reloader/pages/websocket.js:68:17) @ webpack-internal:///(pages-dir-browser)/./node_modules/next/dist/next-devtools/shared/forward-logs-shared.js:27
[   18745ms] [INFO] %cDownload the React DevTools for a better development experience: https://reactjs.org/link/react-devtools font-weight:bold @ webpack-internal:///(pages-dir-browser)/./node_modules/react-dom/cjs/react-dom.development.js:29834
[   18779ms] ReferenceError: __turbopack_load_page_chunks__ is not defined
    at http://localhost:3111/_next/static/chunks/pages/_app.js:1:1
[   18780ms] ReferenceError: __turbopack_load_page_chunks__ is not defined
    at http://localhost:3111/_next/static/chunks/pages/index.js:1:1
[   18787ms] [LOG] [HMR] connected @ webpack-internal:///(pages-dir-browser)/./node_modules/next/dist/next-devtools/shared/forward-logs-shared.js:27
[   18788ms] [WARNING] [HMR] Invalid message: {"type":"isrManifest","data":{"/":true}}
TypeError: Cannot read properties of undefined (reading 'components')
    at handleStaticIndicator (webpack-internal:///(pages-dir-browser)/./node_modules/next/dist/client/dev/hot-reloader/pages/hot-reloader-pages.js:177:46)
    at processMessage (webpack-internal:///(pages-dir-browser)/./node_modules/next/dist/client/dev/hot-reloader/pages/hot-reloader-pages.js:191:17)
    at eval (webpack-internal:///(pages-dir-browser)/./node_modules/next/dist/client/dev/hot-reloader/pages/hot-reloader-pages.js:69:13)
    at WebSocket.handleMessage (webpack-internal:///(pages-dir-browser)/./node_modules/next/dist/client/dev/hot-reloader/pages/websocket.js:68:17) @ webpack-internal:///(pages-dir-browser)/./node_modules/next/dist/next-devtools/shared/forward-logs-shared.js:27
[   18856ms] [ERROR] Failed to load resource: the server responded with a status of 404 (Not Found) @ http://localhost:3111/_next/static/webpack/882bcfdc2ebfc3a1.webpack.hot-update.json:0
[   18909ms] [LOG] [Fast Refresh] rebuilding @ webpack-internal:///(pages-dir-browser)/./node_modules/next/dist/next-devtools/shared/forward-logs-shared.js:27
[   18925ms] [WARNING] [HMR] Invalid message: {"type":"isrManifest","data":{"/":true}}
TypeError: Cannot read properties of undefined (reading 'components')
    at handleStaticIndicator (webpack-internal:///(pages-dir-browser)/./node_modules/next/dist/client/dev/hot-reloader/pages/hot-reloader-pages.js:177:46)
    at processMessage (webpack-internal:///(pages-dir-browser)/./node_modules/next/dist/client/dev/hot-reloader/pages/hot-reloader-pages.js:191:17)
    at eval (webpack-internal:///(pages-dir-browser)/./node_modules/next/dist/client/dev/hot-reloader/pages/hot-reloader-pages.js:69:13)
    at WebSocket.handleMessage (webpack-internal:///(pages-dir-browser)/./node_modules/next/dist/client/dev/hot-reloader/pages/websocket.js:68:17) @ webpack-internal:///(pages-dir-browser)/./node_modules/next/dist/next-devtools/shared/forward-logs-shared.js:27
[   19547ms] [INFO] %cDownload the React DevTools for a better development experience: https://reactjs.org/link/react-devtools font-weight:bold @ webpack-internal:///(pages-dir-browser)/./node_modules/react-dom/cjs/react-dom.development.js:29834
[   19578ms] ReferenceError: __turbopack_load_page_chunks__ is not defined
    at http://localhost:3111/_next/static/chunks/pages/_app.js:1:1
[   19579ms] ReferenceError: __turbopack_load_page_chunks__ is not defined
    at http://localhost:3111/_next/static/chunks/pages/index.js:1:1
[   19584ms] [LOG] [HMR] connected @ webpack-internal:///(pages-dir-browser)/./node_modules/next/dist/next-devtools/shared/forward-logs-shared.js:27
[   19585ms] [WARNING] [HMR] Invalid message: {"type":"isrManifest","data":{"/":true}}
TypeError: Cannot read properties of undefined (reading 'components')
    at handleStaticIndicator (webpack-internal:///(pages-dir-browser)/./node_modules/next/dist/client/dev/hot-reloader/pages/hot-reloader-pages.js:177:46)
    at processMessage (webpack-internal:///(pages-dir-browser)/./node_modules/next/dist/client/dev/hot-reloader/pages/hot-reloader-pages.js:191:17)
    at eval (webpack-internal:///(pages-dir-browser)/./node_modules/next/dist/client/dev/hot-reloader/pages/hot-reloader-pages.js:69:13)
    at WebSocket.handleMessage (webpack-internal:///(pages-dir-browser)/./node_modules/next/dist/client/dev/hot-reloader/pages/websocket.js:68:17) @ webpack-internal:///(pages-dir-browser)/./node_modules/next/dist/next-devtools/shared/forward-logs-shared.js:27
[   19612ms] [ERROR] Failed to load resource: the server responded with a status of 404 (Not Found) @ http://localhost:3111/_next/static/webpack/882bcfdc2ebfc3a1.webpack.hot-update.json:0
[   19638ms] [LOG] [Fast Refresh] rebuilding @ webpack-internal:///(pages-dir-browser)/./node_modules/next/dist/next-devtools/shared/forward-logs-shared.js:27
[   20161ms] [INFO] %cDownload the React DevTools for a better development experience: https://reactjs.org/link/react-devtools font-weight:bold @ webpack-internal:///(pages-dir-browser)/./node_modules/react-dom/cjs/react-dom.development.js:29834
[   20186ms] ReferenceError: __turbopack_load_page_chunks__ is not defined
    at http://localhost:3111/_next/static/chunks/pages/_app.js:1:1
[   20186ms] ReferenceError: __turbopack_load_page_chunks__ is not defined
    at http://localhost:3111/_next/static/chunks/pages/index.js:1:1
[   20213ms] [LOG] [HMR] connected @ webpack-internal:///(pages-dir-browser)/./node_modules/next/dist/next-devtools/shared/forward-logs-shared.js:27
[   20214ms] [WARNING] [HMR] Invalid message: {"type":"isrManifest","data":{"/":true}}
TypeError: Cannot read properties of undefined (reading 'components')
    at handleStaticIndicator (webpack-internal:///(pages-dir-browser)/./node_modules/next/dist/client/dev/hot-reloader/pages/hot-reloader-pages.js:177:46)
    at processMessage (webpack-internal:///(pages-dir-browser)/./node_modules/next/dist/client/dev/hot-reloader/pages/hot-reloader-pages.js:191:17)
    at eval (webpack-internal:///(pages-dir-browser)/./node_modules/next/dist/client/dev/hot-reloader/pages/hot-reloader-pages.js:69:13)
    at WebSocket.handleMessage (webpack-internal:///(pages-dir-browser)/./node_modules/next/dist/client/dev/hot-reloader/pages/websocket.js:68:17) @ webpack-internal:///(pages-dir-browser)/./node_modules/next/dist/next-devtools/shared/forward-logs-shared.js:27
[   20230ms] [ERROR] Failed to load resource: the server responded with a status of 404 (Not Found) @ http://localhost:3111/_next/static/webpack/882bcfdc2ebfc3a1.webpack.hot-update.json:0
[   20272ms] [LOG] [Fast Refresh] rebuilding @ webpack-internal:///(pages-dir-browser)/./node_modules/next/dist/next-devtools/shared/forward-logs-shared.js:27
[   20273ms] [WARNING] [HMR] Invalid message: {"type":"isrManifest","data":{"/":true}}
TypeError: Cannot read properties of undefined (reading 'components')
    at handleStaticIndicator (webpack-internal:///(pages-dir-browser)/./node_modules/next/dist/client/dev/hot-reloader/pages/hot-reloader-pages.js:177:46)
    at processMessage (webpack-internal:///(pages-dir-browser)/./node_modules/next/dist/client/dev/hot-reloader/pages/hot-reloader-pages.js:191:17)
    at eval (webpack-internal:///(pages-dir-browser)/./node_modules/next/dist/client/dev/hot-reloader/pages/hot-reloader-pages.js:69:13)
    at WebSocket.handleMessage (webpack-internal:///(pages-dir-browser)/./node_modules/next/dist/client/dev/hot-reloader/pages/websocket.js:68:17) @ webpack-internal:///(pages-dir-browser)/./node_modules/next/dist/next-devtools/shared/forward-logs-shared.js:27
[   20769ms] [INFO] %cDownload the React DevTools for a better development experience: https://reactjs.org/link/react-devtools font-weight:bold @ webpack-internal:///(pages-dir-browser)/./node_modules/react-dom/cjs/react-dom.development.js:29834
[   20803ms] ReferenceError: __turbopack_load_page_chunks__ is not defined
    at http://localhost:3111/_next/static/chunks/pages/_app.js:1:1
[   20817ms] ReferenceError: __turbopack_load_page_chunks__ is not defined
    at http://localhost:3111/_next/static/chunks/pages/index.js:1:1
[   20815ms] [LOG] [HMR] connected @ webpack-internal:///(pages-dir-browser)/./node_modules/next/dist/next-devtools/shared/forward-logs-shared.js:27
[   20816ms] [WARNING] [HMR] Invalid message: {"type":"isrManifest","data":{"/":true}}
TypeError: Cannot read properties of undefined (reading 'components')
    at handleStaticIndicator (webpack-internal:///(pages-dir-browser)/./node_modules/next/dist/client/dev/hot-reloader/pages/hot-reloader-pages.js:177:46)
    at processMessage (webpack-internal:///(pages-dir-browser)/./node_modules/next/dist/client/dev/hot-reloader/pages/hot-reloader-pages.js:191:17)
    at eval (webpack-internal:///(pages-dir-browser)/./node_modules/next/dist/client/dev/hot-reloader/pages/hot-reloader-pages.js:69:13)
    at WebSocket.handleMessage (webpack-internal:///(pages-dir-browser)/./node_modules/next/dist/client/dev/hot-reloader/pages/websocket.js:68:17) @ webpack-internal:///(pages-dir-browser)/./node_modules/next/dist/next-devtools/shared/forward-logs-shared.js:27
[   20909ms] [ERROR] Failed to load resource: the server responded with a status of 404 (Not Found) @ http://localhost:3111/_next/static/webpack/882bcfdc2ebfc3a1.webpack.hot-update.json:0
[   20981ms] [LOG] [Fast Refresh] rebuilding @ webpack-internal:///(pages-dir-browser)/./node_modules/next/dist/next-devtools/shared/forward-logs-shared.js:27
[   21002ms] [WARNING] [HMR] Invalid message: {"type":"isrManifest","data":{"/":true}}
TypeError: Cannot read properties of undefined (reading 'components')
    at handleStaticIndicator (webpack-internal:///(pages-dir-browser)/./node_modules/next/dist/client/dev/hot-reloader/pages/hot-reloader-pages.js:177:46)
    at processMessage (webpack-internal:///(pages-dir-browser)/./node_modules/next/dist/client/dev/hot-reloader/pages/hot-reloader-pages.js:191:17)
    at eval (webpack-internal:///(pages-dir-browser)/./node_modules/next/dist/client/dev/hot-reloader/pages/hot-reloader-pages.js:69:13)
    at WebSocket.handleMessage (webpack-internal:///(pages-dir-browser)/./node_modules/next/dist/client/dev/hot-reloader/pages/websocket.js:68:17) @ webpack-internal:///(pages-dir-browser)/./node_modules/next/dist/next-devtools/shared/forward-logs-shared.js:27
[   21535ms] [INFO] %cDownload the React DevTools for a better development experience: https://reactjs.org/link/react-devtools font-weight:bold @ webpack-internal:///(pages-dir-browser)/./node_modules/react-dom/cjs/react-dom.development.js:29834
[   21563ms] ReferenceError: __turbopack_load_page_chunks__ is not defined
    at http://localhost:3111/_next/static/chunks/pages/_app.js:1:1
[   21564ms] ReferenceError: __turbopack_load_page_chunks__ is not defined
    at http://localhost:3111/_next/static/chunks/pages/index.js:1:1
[   21572ms] [LOG] [HMR] connected @ webpack-internal:///(pages-dir-browser)/./node_modules/next/dist/next-devtools/shared/forward-logs-shared.js:27
[   21573ms] [WARNING] [HMR] Invalid message: {"type":"isrManifest","data":{"/":true}}
TypeError: Cannot read properties of undefined (reading 'components')
    at handleStaticIndicator (webpack-internal:///(pages-dir-browser)/./node_modules/next/dist/client/dev/hot-reloader/pages/hot-reloader-pages.js:177:46)
    at processMessage (webpack-internal:///(pages-dir-browser)/./node_modules/next/dist/client/dev/hot-reloader/pages/hot-reloader-pages.js:191:17)
    at eval (webpack-internal:///(pages-dir-browser)/./node_modules/next/dist/client/dev/hot-reloader/pages/hot-reloader-pages.js:69:13)
    at WebSocket.handleMessage (webpack-internal:///(pages-dir-browser)/./node_modules/next/dist/client/dev/hot-reloader/pages/websocket.js:68:17) @ webpack-internal:///(pages-dir-browser)/./node_modules/next/dist/next-devtools/shared/forward-logs-shared.js:27
[   21587ms] [ERROR] Failed to load resource: the server responded with a status of 404 (Not Found) @ http://localhost:3111/_next/static/webpack/882bcfdc2ebfc3a1.webpack.hot-update.json:0
[   21612ms] [LOG] [Fast Refresh] rebuilding @ webpack-internal:///(pages-dir-browser)/./node_modules/next/dist/next-devtools/shared/forward-logs-shared.js:27
[   21627ms] [WARNING] [HMR] Invalid message: {"type":"isrManifest","data":{"/":true}}
TypeError: Cannot read properties of undefined (reading 'components')
    at handleStaticIndicator (webpack-internal:///(pages-dir-browser)/./node_modules/next/dist/client/dev/hot-reloader/pages/hot-reloader-pages.js:177:46)
    at processMessage (webpack-internal:///(pages-dir-browser)/./node_modules/next/dist/client/dev/hot-reloader/pages/hot-reloader-pages.js:191:17)
    at eval (webpack-internal:///(pages-dir-browser)/./node_modules/next/dist/client/dev/hot-reloader/pages/hot-reloader-pages.js:69:13)
    at WebSocket.handleMessage (webpack-internal:///(pages-dir-browser)/./node_modules/next/dist/client/dev/hot-reloader/pages/websocket.js:68:17) @ webpack-internal:///(pages-dir-browser)/./node_modules/next/dist/next-devtools/shared/forward-logs-shared.js:27
[   22083ms] [INFO] %cDownload the React DevTools for a better development experience: https://reactjs.org/link/react-devtools font-weight:bold @ webpack-internal:///(pages-dir-browser)/./node_modules/react-dom/cjs/react-dom.development.js:29834
[   22117ms] ReferenceError: __turbopack_load_page_chunks__ is not defined
    at http://localhost:3111/_next/static/chunks/pages/_app.js:1:1
[   22118ms] ReferenceError: __turbopack_load_page_chunks__ is not defined
    at http://localhost:3111/_next/static/chunks/pages/index.js:1:1
[   22125ms] [LOG] [HMR] connected @ webpack-internal:///(pages-dir-browser)/./node_modules/next/dist/next-devtools/shared/forward-logs-shared.js:27
[   22126ms] [WARNING] [HMR] Invalid message: {"type":"isrManifest","data":{"/":true}}
TypeError: Cannot read properties of undefined (reading 'components')
    at handleStaticIndicator (webpack-internal:///(pages-dir-browser)/./node_modules/next/dist/client/dev/hot-reloader/pages/hot-reloader-pages.js:177:46)
    at processMessage (webpack-internal:///(pages-dir-browser)/./node_modules/next/dist/client/dev/hot-reloader/pages/hot-reloader-pages.js:191:17)
    at eval (webpack-internal:///(pages-dir-browser)/./node_modules/next/dist/client/dev/hot-reloader/pages/hot-reloader-pages.js:69:13)
    at WebSocket.handleMessage (webpack-internal:///(pages-dir-browser)/./node_modules/next/dist/client/dev/hot-reloader/pages/websocket.js:68:17) @ webpack-internal:///(pages-dir-browser)/./node_modules/next/dist/next-devtools/shared/forward-logs-shared.js:27
[   22158ms] [ERROR] Failed to load resource: the server responded with a status of 404 (Not Found) @ http://localhost:3111/_next/static/webpack/882bcfdc2ebfc3a1.webpack.hot-update.json:0
[   22208ms] [LOG] [Fast Refresh] rebuilding @ webpack-internal:///(pages-dir-browser)/./node_modules/next/dist/next-devtools/shared/forward-logs-shared.js:27
[   22209ms] [WARNING] [HMR] Invalid message: {"type":"isrManifest","data":{"/":true}}
TypeError: Cannot read properties of undefined (reading 'components')
    at handleStaticIndicator (webpack-internal:///(pages-dir-browser)/./node_modules/next/dist/client/dev/hot-reloader/pages/hot-reloader-pages.js:177:46)
    at processMessage (webpack-internal:///(pages-dir-browser)/./node_modules/next/dist/client/dev/hot-reloader/pages/hot-reloader-pages.js:191:17)
    at eval (webpack-internal:///(pages-dir-browser)/./node_modules/next/dist/client/dev/hot-reloader/pages/hot-reloader-pages.js:69:13)
    at WebSocket.handleMessage (webpack-internal:///(pages-dir-browser)/./node_modules/next/dist/client/dev/hot-reloader/pages/websocket.js:68:17) @ webpack-internal:///(pages-dir-browser)/./node_modules/next/dist/next-devtools/shared/forward-logs-shared.js:27
[   22664ms] [INFO] %cDownload the React DevTools for a better development experience: https://reactjs.org/link/react-devtools font-weight:bold @ webpack-internal:///(pages-dir-browser)/./node_modules/react-dom/cjs/react-dom.development.js:29834
[   22694ms] ReferenceError: __turbopack_load_page_chunks__ is not defined
    at http://localhost:3111/_next/static/chunks/pages/_app.js:1:1
[   22694ms] ReferenceError: __turbopack_load_page_chunks__ is not defined
    at http://localhost:3111/_next/static/chunks/pages/index.js:1:1
[   22702ms] [LOG] [HMR] connected @ webpack-internal:///(pages-dir-browser)/./node_modules/next/dist/next-devtools/shared/forward-logs-shared.js:27
[   22703ms] [WARNING] [HMR] Invalid message: {"type":"isrManifest","data":{"/":true}}
TypeError: Cannot read properties of undefined (reading 'components')
    at handleStaticIndicator (webpack-internal:///(pages-dir-browser)/./node_modules/next/dist/client/dev/hot-reloader/pages/hot-reloader-pages.js:177:46)
    at processMessage (webpack-internal:///(pages-dir-browser)/./node_modules/next/dist/client/dev/hot-reloader/pages/hot-reloader-pages.js:191:17)
    at eval (webpack-internal:///(pages-dir-browser)/./node_modules/next/dist/client/dev/hot-reloader/pages/hot-reloader-pages.js:69:13)
    at WebSocket.handleMessage (webpack-internal:///(pages-dir-browser)/./node_modules/next/dist/client/dev/hot-reloader/pages/websocket.js:68:17) @ webpack-internal:///(pages-dir-browser)/./node_modules/next/dist/next-devtools/shared/forward-logs-shared.js:27
[   22756ms] [ERROR] Failed to load resource: the server responded with a status of 404 (Not Found) @ http://localhost:3111/_next/static/webpack/882bcfdc2ebfc3a1.webpack.hot-update.json:0
[   22773ms] [LOG] [Fast Refresh] rebuilding @ webpack-internal:///(pages-dir-browser)/./node_modules/next/dist/next-devtools/shared/forward-logs-shared.js:27
[   22785ms] [WARNING] [HMR] Invalid message: {"type":"isrManifest","data":{"/":true}}
TypeError: Cannot read properties of undefined (reading 'components')
    at handleStaticIndicator (webpack-internal:///(pages-dir-browser)/./node_modules/next/dist/client/dev/hot-reloader/pages/hot-reloader-pages.js:177:46)
    at processMessage (webpack-internal:///(pages-dir-browser)/./node_modules/next/dist/client/dev/hot-reloader/pages/hot-reloader-pages.js:191:17)
    at eval (webpack-internal:///(pages-dir-browser)/./node_modules/next/dist/client/dev/hot-reloader/pages/hot-reloader-pages.js:69:13)
    at WebSocket.handleMessage (webpack-internal:///(pages-dir-browser)/./node_modules/next/dist/client/dev/hot-reloader/pages/websocket.js:68:17) @ webpack-internal:///(pages-dir-browser)/./node_modules/next/dist/next-devtools/shared/forward-logs-shared.js:27
[   23216ms] [INFO] %cDownload the React DevTools for a better development experience: https://reactjs.org/link/react-devtools font-weight:bold @ webpack-internal:///(pages-dir-browser)/./node_modules/react-dom/cjs/react-dom.development.js:29834
[   23241ms] ReferenceError: __turbopack_load_page_chunks__ is not defined
    at http://localhost:3111/_next/static/chunks/pages/_app.js:1:1
[   23242ms] ReferenceError: __turbopack_load_page_chunks__ is not defined
    at http://localhost:3111/_next/static/chunks/pages/index.js:1:1
[   23250ms] [LOG] [HMR] connected @ webpack-internal:///(pages-dir-browser)/./node_modules/next/dist/next-devtools/shared/forward-logs-shared.js:27
[   23251ms] [WARNING] [HMR] Invalid message: {"type":"isrManifest","data":{"/":true}}
TypeError: Cannot read properties of undefined (reading 'components')
    at handleStaticIndicator (webpack-internal:///(pages-dir-browser)/./node_modules/next/dist/client/dev/hot-reloader/pages/hot-reloader-pages.js:177:46)
    at processMessage (webpack-internal:///(pages-dir-browser)/./node_modules/next/dist/client/dev/hot-reloader/pages/hot-reloader-pages.js:191:17)
    at eval (webpack-internal:///(pages-dir-browser)/./node_modules/next/dist/client/dev/hot-reloader/pages/hot-reloader-pages.js:69:13)
    at WebSocket.handleMessage (webpack-internal:///(pages-dir-browser)/./node_modules/next/dist/client/dev/hot-reloader/pages/websocket.js:68:17) @ webpack-internal:///(pages-dir-browser)/./node_modules/next/dist/next-devtools/shared/forward-logs-shared.js:27
[   23305ms] [ERROR] Failed to load resource: the server responded with a status of 404 (Not Found) @ http://localhost:3111/_next/static/webpack/882bcfdc2ebfc3a1.webpack.hot-update.json:0
[   23323ms] [LOG] [Fast Refresh] rebuilding @ webpack-internal:///(pages-dir-browser)/./node_modules/next/dist/next-devtools/shared/forward-logs-shared.js:27
[   23336ms] [WARNING] [HMR] Invalid message: {"type":"isrManifest","data":{"/":true}}
TypeError: Cannot read properties of undefined (reading 'components')
    at handleStaticIndicator (webpack-internal:///(pages-dir-browser)/./node_modules/next/dist/client/dev/hot-reloader/pages/hot-reloader-pages.js:177:46)
    at processMessage (webpack-internal:///(pages-dir-browser)/./node_modules/next/dist/client/dev/hot-reloader/pages/hot-reloader-pages.js:191:17)
    at eval (webpack-internal:///(pages-dir-browser)/./node_modules/next/dist/client/dev/hot-reloader/pages/hot-reloader-pages.js:69:13)
    at WebSocket.handleMessage (webpack-internal:///(pages-dir-browser)/./node_modules/next/dist/client/dev/hot-reloader/pages/websocket.js:68:17) @ webpack-internal:///(pages-dir-browser)/./node_modules/next/dist/next-devtools/shared/forward-logs-shared.js:27
[   23775ms] [INFO] %cDownload the React DevTools for a better development experience: https://reactjs.org/link/react-devtools font-weight:bold @ webpack-internal:///(pages-dir-browser)/./node_modules/react-dom/cjs/react-dom.development.js:29834
[   23798ms] ReferenceError: __turbopack_load_page_chunks__ is not defined
    at http://localhost:3111/_next/static/chunks/pages/_app.js:1:1
[   23799ms] ReferenceError: __turbopack_load_page_chunks__ is not defined
    at http://localhost:3111/_next/static/chunks/pages/index.js:1:1
[   23804ms] [LOG] [HMR] connected @ webpack-internal:///(pages-dir-browser)/./node_modules/next/dist/next-devtools/shared/forward-logs-shared.js:27
[   23805ms] [WARNING] [HMR] Invalid message: {"type":"isrManifest","data":{"/":true}}
TypeError: Cannot read properties of undefined (reading 'components')
    at handleStaticIndicator (webpack-internal:///(pages-dir-browser)/./node_modules/next/dist/client/dev/hot-reloader/pages/hot-reloader-pages.js:177:46)
    at processMessage (webpack-internal:///(pages-dir-browser)/./node_modules/next/dist/client/dev/hot-reloader/pages/hot-reloader-pages.js:191:17)
    at eval (webpack-internal:///(pages-dir-browser)/./node_modules/next/dist/client/dev/hot-reloader/pages/hot-reloader-pages.js:69:13)
    at WebSocket.handleMessage (webpack-internal:///(pages-dir-browser)/./node_modules/next/dist/client/dev/hot-reloader/pages/websocket.js:68:17) @ webpack-internal:///(pages-dir-browser)/./node_modules/next/dist/next-devtools/shared/forward-logs-shared.js:27
[   23842ms] [ERROR] Failed to load resource: the server responded with a status of 404 (Not Found) @ http://localhost:3111/_next/static/webpack/882bcfdc2ebfc3a1.webpack.hot-update.json:0
[   24385ms] [INFO] %cDownload the React DevTools for a better development experience: https://reactjs.org/link/react-devtools font-weight:bold @ webpack-internal:///(pages-dir-browser)/./node_modules/react-dom/cjs/react-dom.development.js:29834
[   24407ms] ReferenceError: __turbopack_load_page_chunks__ is not defined
    at http://localhost:3111/_next/static/chunks/pages/_app.js:1:1
[   24407ms] ReferenceError: __turbopack_load_page_chunks__ is not defined
    at http://localhost:3111/_next/static/chunks/pages/index.js:1:1
[   24413ms] [LOG] [HMR] connected @ webpack-internal:///(pages-dir-browser)/./node_modules/next/dist/next-devtools/shared/forward-logs-shared.js:27
[   24414ms] [WARNING] [HMR] Invalid message: {"type":"isrManifest","data":{"/":true}}
TypeError: Cannot read properties of undefined (reading 'components')
    at handleStaticIndicator (webpack-internal:///(pages-dir-browser)/./node_modules/next/dist/client/dev/hot-reloader/pages/hot-reloader-pages.js:177:46)
    at processMessage (webpack-internal:///(pages-dir-browser)/./node_modules/next/dist/client/dev/hot-reloader/pages/hot-reloader-pages.js:191:17)
    at eval (webpack-internal:///(pages-dir-browser)/./node_modules/next/dist/client/dev/hot-reloader/pages/hot-reloader-pages.js:69:13)
    at WebSocket.handleMessage (webpack-internal:///(pages-dir-browser)/./node_modules/next/dist/client/dev/hot-reloader/pages/websocket.js:68:17) @ webpack-internal:///(pages-dir-browser)/./node_modules/next/dist/next-devtools/shared/forward-logs-shared.js:27
[   24461ms] [ERROR] Failed to load resource: the server responded with a status of 404 (Not Found) @ http://localhost:3111/_next/static/webpack/882bcfdc2ebfc3a1.webpack.hot-update.json:0
[   24481ms] [LOG] [Fast Refresh] rebuilding @ webpack-internal:///(pages-dir-browser)/./node_modules/next/dist/next-devtools/shared/forward-logs-shared.js:27
[   24494ms] [WARNING] [HMR] Invalid message: {"type":"isrManifest","data":{"/":true}}
TypeError: Cannot read properties of undefined (reading 'components')
    at handleStaticIndicator (webpack-internal:///(pages-dir-browser)/./node_modules/next/dist/client/dev/hot-reloader/pages/hot-reloader-pages.js:177:46)
    at processMessage (webpack-internal:///(pages-dir-browser)/./node_modules/next/dist/client/dev/hot-reloader/pages/hot-reloader-pages.js:191:17)
    at eval (webpack-internal:///(pages-dir-browser)/./node_modules/next/dist/client/dev/hot-reloader/pages/hot-reloader-pages.js:69:13)
    at WebSocket.handleMessage (webpack-internal:///(pages-dir-browser)/./node_modules/next/dist/client/dev/hot-reloader/pages/websocket.js:68:17) @ webpack-internal:///(pages-dir-browser)/./node_modules/next/dist/next-devtools/shared/forward-logs-shared.js:27
[   24921ms] [INFO] %cDownload the React DevTools for a better development experience: https://reactjs.org/link/react-devtools font-weight:bold @ webpack-internal:///(pages-dir-browser)/./node_modules/react-dom/cjs/react-dom.development.js:29834
[   24944ms] ReferenceError: __turbopack_load_page_chunks__ is not defined
    at http://localhost:3111/_next/static/chunks/pages/_app.js:1:1
[   24945ms] ReferenceError: __turbopack_load_page_chunks__ is not defined
    at http://localhost:3111/_next/static/chunks/pages/index.js:1:1
[   24950ms] [LOG] [HMR] connected @ webpack-internal:///(pages-dir-browser)/./node_modules/next/dist/next-devtools/shared/forward-logs-shared.js:27
[   24951ms] [WARNING] [HMR] Invalid message: {"type":"isrManifest","data":{"/":true}}
TypeError: Cannot read properties of undefined (reading 'components')
    at handleStaticIndicator (webpack-internal:///(pages-dir-browser)/./node_modules/next/dist/client/dev/hot-reloader/pages/hot-reloader-pages.js:177:46)
    at processMessage (webpack-internal:///(pages-dir-browser)/./node_modules/next/dist/client/dev/hot-reloader/pages/hot-reloader-pages.js:191:17)
    at eval (webpack-internal:///(pages-dir-browser)/./node_modules/next/dist/client/dev/hot-reloader/pages/hot-reloader-pages.js:69:13)
    at WebSocket.handleMessage (webpack-internal:///(pages-dir-browser)/./node_modules/next/dist/client/dev/hot-reloader/pages/websocket.js:68:17) @ webpack-internal:///(pages-dir-browser)/./node_modules/next/dist/next-devtools/shared/forward-logs-shared.js:27
[   24997ms] [ERROR] Failed to load resource: the server responded with a status of 404 (Not Found) @ http://localhost:3111/_next/static/webpack/882bcfdc2ebfc3a1.webpack.hot-update.json:0
[   25012ms] [LOG] [Fast Refresh] rebuilding @ webpack-internal:///(pages-dir-browser)/./node_modules/next/dist/next-devtools/shared/forward-logs-shared.js:27
[   25024ms] [WARNING] [HMR] Invalid message: {"type":"isrManifest","data":{"/":true}}
TypeError: Cannot read properties of undefined (reading 'components')
    at handleStaticIndicator (webpack-internal:///(pages-dir-browser)/./node_modules/next/dist/client/dev/hot-reloader/pages/hot-reloader-pages.js:177:46)
    at processMessage (webpack-internal:///(pages-dir-browser)/./node_modules/next/dist/client/dev/hot-reloader/pages/hot-reloader-pages.js:191:17)
    at eval (webpack-internal:///(pages-dir-browser)/./node_modules/next/dist/client/dev/hot-reloader/pages/hot-reloader-pages.js:69:13)
    at WebSocket.handleMessage (webpack-internal:///(pages-dir-browser)/./node_modules/next/dist/client/dev/hot-reloader/pages/websocket.js:68:17) @ webpack-internal:///(pages-dir-browser)/./node_modules/next/dist/next-devtools/shared/forward-logs-shared.js:27
[   25447ms] [INFO] %cDownload the React DevTools for a better development experience: https://reactjs.org/link/react-devtools font-weight:bold @ webpack-internal:///(pages-dir-browser)/./node_modules/react-dom/cjs/react-dom.development.js:29834
[   25468ms] ReferenceError: __turbopack_load_page_chunks__ is not defined
    at http://localhost:3111/_next/static/chunks/pages/_app.js:1:1
[   25468ms] ReferenceError: __turbopack_load_page_chunks__ is not defined
    at http://localhost:3111/_next/static/chunks/pages/index.js:1:1
[   25473ms] [LOG] [HMR] connected @ webpack-internal:///(pages-dir-browser)/./node_modules/next/dist/next-devtools/shared/forward-logs-shared.js:27
[   25474ms] [WARNING] [HMR] Invalid message: {"type":"isrManifest","data":{"/":true}}
TypeError: Cannot read properties of undefined (reading 'components')
    at handleStaticIndicator (webpack-internal:///(pages-dir-browser)/./node_modules/next/dist/client/dev/hot-reloader/pages/hot-reloader-pages.js:177:46)
    at processMessage (webpack-internal:///(pages-dir-browser)/./node_modules/next/dist/client/dev/hot-reloader/pages/hot-reloader-pages.js:191:17)
    at eval (webpack-internal:///(pages-dir-browser)/./node_modules/next/dist/client/dev/hot-reloader/pages/hot-reloader-pages.js:69:13)
    at WebSocket.handleMessage (webpack-internal:///(pages-dir-browser)/./node_modules/next/dist/client/dev/hot-reloader/pages/websocket.js:68:17) @ webpack-internal:///(pages-dir-browser)/./node_modules/next/dist/next-devtools/shared/forward-logs-shared.js:27
[   25522ms] [ERROR] Failed to load resource: the server responded with a status of 404 (Not Found) @ http://localhost:3111/_next/static/webpack/882bcfdc2ebfc3a1.webpack.hot-update.json:0
[   25539ms] [LOG] [Fast Refresh] rebuilding @ webpack-internal:///(pages-dir-browser)/./node_modules/next/dist/next-devtools/shared/forward-logs-shared.js:27
[   25553ms] [WARNING] [HMR] Invalid message: {"type":"isrManifest","data":{"/":true}}
TypeError: Cannot read properties of undefined (reading 'components')
    at handleStaticIndicator (webpack-internal:///(pages-dir-browser)/./node_modules/next/dist/client/dev/hot-reloader/pages/hot-reloader-pages.js:177:46)
    at processMessage (webpack-internal:///(pages-dir-browser)/./node_modules/next/dist/client/dev/hot-reloader/pages/hot-reloader-pages.js:191:17)
    at eval (webpack-internal:///(pages-dir-browser)/./node_modules/next/dist/client/dev/hot-reloader/pages/hot-reloader-pages.js:69:13)
    at WebSocket.handleMessage (webpack-internal:///(pages-dir-browser)/./node_modules/next/dist/client/dev/hot-reloader/pages/websocket.js:68:17) @ webpack-internal:///(pages-dir-browser)/./node_modules/next/dist/next-devtools/shared/forward-logs-shared.js:27
[   25973ms] [INFO] %cDownload the React DevTools for a better development experience: https://reactjs.org/link/react-devtools font-weight:bold @ webpack-internal:///(pages-dir-browser)/./node_modules/react-dom/cjs/react-dom.development.js:29834
[   25990ms] ReferenceError: __turbopack_load_page_chunks__ is not defined
    at http://localhost:3111/_next/static/chunks/pages/_app.js:1:1
[   25990ms] ReferenceError: __turbopack_load_page_chunks__ is not defined
    at http://localhost:3111/_next/static/chunks/pages/index.js:1:1
[   25996ms] [LOG] [HMR] connected @ webpack-internal:///(pages-dir-browser)/./node_modules/next/dist/next-devtools/shared/forward-logs-shared.js:27
[   25997ms] [WARNING] [HMR] Invalid message: {"type":"isrManifest","data":{"/":true}}
TypeError: Cannot read properties of undefined (reading 'components')
    at handleStaticIndicator (webpack-internal:///(pages-dir-browser)/./node_modules/next/dist/client/dev/hot-reloader/pages/hot-reloader-pages.js:177:46)
    at processMessage (webpack-internal:///(pages-dir-browser)/./node_modules/next/dist/client/dev/hot-reloader/pages/hot-reloader-pages.js:191:17)
    at eval (webpack-internal:///(pages-dir-browser)/./node_modules/next/dist/client/dev/hot-reloader/pages/hot-reloader-pages.js:69:13)
    at WebSocket.handleMessage (webpack-internal:///(pages-dir-browser)/./node_modules/next/dist/client/dev/hot-reloader/pages/websocket.js:68:17) @ webpack-internal:///(pages-dir-browser)/./node_modules/next/dist/next-devtools/shared/forward-logs-shared.js:27
[   26040ms] [ERROR] Failed to load resource: the server responded with a status of 404 (Not Found) @ http://localhost:3111/_next/static/webpack/882bcfdc2ebfc3a1.webpack.hot-update.json:0
[   26056ms] [LOG] [Fast Refresh] rebuilding @ webpack-internal:///(pages-dir-browser)/./node_modules/next/dist/next-devtools/shared/forward-logs-shared.js:27
[   26068ms] [WARNING] [HMR] Invalid message: {"type":"isrManifest","data":{"/":true}}
TypeError: Cannot read properties of undefined (reading 'components')
    at handleStaticIndicator (webpack-internal:///(pages-dir-browser)/./node_modules/next/dist/client/dev/hot-reloader/pages/hot-reloader-pages.js:177:46)
    at processMessage (webpack-internal:///(pages-dir-browser)/./node_modules/next/dist/client/dev/hot-reloader/pages/hot-reloader-pages.js:191:17)
    at eval (webpack-internal:///(pages-dir-browser)/./node_modules/next/dist/client/dev/hot-reloader/pages/hot-reloader-pages.js:69:13)
    at WebSocket.handleMessage (webpack-internal:///(pages-dir-browser)/./node_modules/next/dist/client/dev/hot-reloader/pages/websocket.js:68:17) @ webpack-internal:///(pages-dir-browser)/./node_modules/next/dist/next-devtools/shared/forward-logs-shared.js:27
[   26488ms] [INFO] %cDownload the React DevTools for a better development experience: https://reactjs.org/link/react-devtools font-weight:bold @ webpack-internal:///(pages-dir-browser)/./node_modules/react-dom/cjs/react-dom.development.js:29834
[   26510ms] ReferenceError: __turbopack_load_page_chunks__ is not defined
    at http://localhost:3111/_next/static/chunks/pages/_app.js:1:1
[   26511ms] ReferenceError: __turbopack_load_page_chunks__ is not defined
    at http://localhost:3111/_next/static/chunks/pages/index.js:1:1
[   26514ms] [LOG] [HMR] connected @ webpack-internal:///(pages-dir-browser)/./node_modules/next/dist/next-devtools/shared/forward-logs-shared.js:27
[   26515ms] [WARNING] [HMR] Invalid message: {"type":"isrManifest","data":{"/":true}}
TypeError: Cannot read properties of undefined (reading 'components')
    at handleStaticIndicator (webpack-internal:///(pages-dir-browser)/./node_modules/next/dist/client/dev/hot-reloader/pages/hot-reloader-pages.js:177:46)
    at processMessage (webpack-internal:///(pages-dir-browser)/./node_modules/next/dist/client/dev/hot-reloader/pages/hot-reloader-pages.js:191:17)
    at eval (webpack-internal:///(pages-dir-browser)/./node_modules/next/dist/client/dev/hot-reloader/pages/hot-reloader-pages.js:69:13)
    at WebSocket.handleMessage (webpack-internal:///(pages-dir-browser)/./node_modules/next/dist/client/dev/hot-reloader/pages/websocket.js:68:17) @ webpack-internal:///(pages-dir-browser)/./node_modules/next/dist/next-devtools/shared/forward-logs-shared.js:27
[   26557ms] [ERROR] Failed to load resource: the server responded with a status of 404 (Not Found) @ http://localhost:3111/_next/static/webpack/882bcfdc2ebfc3a1.webpack.hot-update.json:0
[   26572ms] [LOG] [Fast Refresh] rebuilding @ webpack-internal:///(pages-dir-browser)/./node_modules/next/dist/next-devtools/shared/forward-logs-shared.js:27
[   26585ms] [WARNING] [HMR] Invalid message: {"type":"isrManifest","data":{"/":true}}
TypeError: Cannot read properties of undefined (reading 'components')
    at handleStaticIndicator (webpack-internal:///(pages-dir-browser)/./node_modules/next/dist/client/dev/hot-reloader/pages/hot-reloader-pages.js:177:46)
    at processMessage (webpack-internal:///(pages-dir-browser)/./node_modules/next/dist/client/dev/hot-reloader/pages/hot-reloader-pages.js:191:17)
    at eval (webpack-internal:///(pages-dir-browser)/./node_modules/next/dist/client/dev/hot-reloader/pages/hot-reloader-pages.js:69:13)
    at WebSocket.handleMessage (webpack-internal:///(pages-dir-browser)/./node_modules/next/dist/client/dev/hot-reloader/pages/websocket.js:68:17) @ webpack-internal:///(pages-dir-browser)/./node_modules/next/dist/next-devtools/shared/forward-logs-shared.js:27
[   26996ms] [INFO] %cDownload the React DevTools for a better development experience: https://reactjs.org/link/react-devtools font-weight:bold @ webpack-internal:///(pages-dir-browser)/./node_modules/react-dom/cjs/react-dom.development.js:29834
[   27017ms] ReferenceError: __turbopack_load_page_chunks__ is not defined
    at http://localhost:3111/_next/static/chunks/pages/_app.js:1:1
[   27018ms] ReferenceError: __turbopack_load_page_chunks__ is not defined
    at http://localhost:3111/_next/static/chunks/pages/index.js:1:1
[   27022ms] [LOG] [HMR] connected @ webpack-internal:///(pages-dir-browser)/./node_modules/next/dist/next-devtools/shared/forward-logs-shared.js:27
[   27023ms] [WARNING] [HMR] Invalid message: {"type":"isrManifest","data":{"/":true}}
TypeError: Cannot read properties of undefined (reading 'components')
    at handleStaticIndicator (webpack-internal:///(pages-dir-browser)/./node_modules/next/dist/client/dev/hot-reloader/pages/hot-reloader-pages.js:177:46)
    at processMessage (webpack-internal:///(pages-dir-browser)/./node_modules/next/dist/client/dev/hot-reloader/pages/hot-reloader-pages.js:191:17)
    at eval (webpack-internal:///(pages-dir-browser)/./node_modules/next/dist/client/dev/hot-reloader/pages/hot-reloader-pages.js:69:13)
    at WebSocket.handleMessage (webpack-internal:///(pages-dir-browser)/./node_modules/next/dist/client/dev/hot-reloader/pages/websocket.js:68:17) @ webpack-internal:///(pages-dir-browser)/./node_modules/next/dist/next-devtools/shared/forward-logs-shared.js:27
[   27067ms] [ERROR] Failed to load resource: the server responded with a status of 404 (Not Found) @ http://localhost:3111/_next/static/webpack/882bcfdc2ebfc3a1.webpack.hot-update.json:0
[   27082ms] [LOG] [Fast Refresh] rebuilding @ webpack-internal:///(pages-dir-browser)/./node_modules/next/dist/next-devtools/shared/forward-logs-shared.js:27
[   27093ms] [WARNING] [HMR] Invalid message: {"type":"isrManifest","data":{"/":true}}
TypeError: Cannot read properties of undefined (reading 'components')
    at handleStaticIndicator (webpack-internal:///(pages-dir-browser)/./node_modules/next/dist/client/dev/hot-reloader/pages/hot-reloader-pages.js:177:46)
    at processMessage (webpack-internal:///(pages-dir-browser)/./node_modules/next/dist/client/dev/hot-reloader/pages/hot-reloader-pages.js:191:17)
    at eval (webpack-internal:///(pages-dir-browser)/./node_modules/next/dist/client/dev/hot-reloader/pages/hot-reloader-pages.js:69:13)
    at WebSocket.handleMessage (webpack-internal:///(pages-dir-browser)/./node_modules/next/dist/client/dev/hot-reloader/pages/websocket.js:68:17) @ webpack-internal:///(pages-dir-browser)/./node_modules/next/dist/next-devtools/shared/forward-logs-shared.js:27
[   27515ms] [INFO] %cDownload the React DevTools for a better development experience: https://reactjs.org/link/react-devtools font-weight:bold @ webpack-internal:///(pages-dir-browser)/./node_modules/react-dom/cjs/react-dom.development.js:29834
[   27535ms] ReferenceError: __turbopack_load_page_chunks__ is not defined
    at http://localhost:3111/_next/static/chunks/pages/_app.js:1:1
[   27535ms] ReferenceError: __turbopack_load_page_chunks__ is not defined
    at http://localhost:3111/_next/static/chunks/pages/index.js:1:1
[   27541ms] [LOG] [HMR] connected @ webpack-internal:///(pages-dir-browser)/./node_modules/next/dist/next-devtools/shared/forward-logs-shared.js:27
[   27541ms] [WARNING] [HMR] Invalid message: {"type":"isrManifest","data":{"/":true}}
TypeError: Cannot read properties of undefined (reading 'components')
    at handleStaticIndicator (webpack-internal:///(pages-dir-browser)/./node_modules/next/dist/client/dev/hot-reloader/pages/hot-reloader-pages.js:177:46)
    at processMessage (webpack-internal:///(pages-dir-browser)/./node_modules/next/dist/client/dev/hot-reloader/pages/hot-reloader-pages.js:191:17)
    at eval (webpack-internal:///(pages-dir-browser)/./node_modules/next/dist/client/dev/hot-reloader/pages/hot-reloader-pages.js:69:13)
    at WebSocket.handleMessage (webpack-internal:///(pages-dir-browser)/./node_modules/next/dist/client/dev/hot-reloader/pages/websocket.js:68:17) @ webpack-internal:///(pages-dir-browser)/./node_modules/next/dist/next-devtools/shared/forward-logs-shared.js:27
[   27589ms] [ERROR] Failed to load resource: the server responded with a status of 404 (Not Found) @ http://localhost:3111/_next/static/webpack/882bcfdc2ebfc3a1.webpack.hot-update.json:0
[   27608ms] [LOG] [Fast Refresh] rebuilding @ webpack-internal:///(pages-dir-browser)/./node_modules/next/dist/next-devtools/shared/forward-logs-shared.js:27
[   27620ms] [WARNING] [HMR] Invalid message: {"type":"isrManifest","data":{"/":true}}
TypeError: Cannot read properties of undefined (reading 'components')
    at handleStaticIndicator (webpack-internal:///(pages-dir-browser)/./node_modules/next/dist/client/dev/hot-reloader/pages/hot-reloader-pages.js:177:46)
    at processMessage (webpack-internal:///(pages-dir-browser)/./node_modules/next/dist/client/dev/hot-reloader/pages/hot-reloader-pages.js:191:17)
    at eval (webpack-internal:///(pages-dir-browser)/./node_modules/next/dist/client/dev/hot-reloader/pages/hot-reloader-pages.js:69:13)
    at WebSocket.handleMessage (webpack-internal:///(pages-dir-browser)/./node_modules/next/dist/client/dev/hot-reloader/pages/websocket.js:68:17) @ webpack-internal:///(pages-dir-browser)/./node_modules/next/dist/next-devtools/shared/forward-logs-shared.js:27
[   28021ms] [INFO] %cDownload the React DevTools for a better development experience: https://reactjs.org/link/react-devtools font-weight:bold @ webpack-internal:///(pages-dir-browser)/./node_modules/react-dom/cjs/react-dom.development.js:29834
[   28043ms] ReferenceError: __turbopack_load_page_chunks__ is not defined
    at http://localhost:3111/_next/static/chunks/pages/_app.js:1:1
[   28046ms] ReferenceError: __turbopack_load_page_chunks__ is not defined
    at http://localhost:3111/_next/static/chunks/pages/index.js:1:1
[   28049ms] [LOG] [HMR] connected @ webpack-internal:///(pages-dir-browser)/./node_modules/next/dist/next-devtools/shared/forward-logs-shared.js:27
[   28050ms] [WARNING] [HMR] Invalid message: {"type":"isrManifest","data":{"/":true}}
TypeError: Cannot read properties of undefined (reading 'components')
    at handleStaticIndicator (webpack-internal:///(pages-dir-browser)/./node_modules/next/dist/client/dev/hot-reloader/pages/hot-reloader-pages.js:177:46)
    at processMessage (webpack-internal:///(pages-dir-browser)/./node_modules/next/dist/client/dev/hot-reloader/pages/hot-reloader-pages.js:191:17)
    at eval (webpack-internal:///(pages-dir-browser)/./node_modules/next/dist/client/dev/hot-reloader/pages/hot-reloader-pages.js:69:13)
    at WebSocket.handleMessage (webpack-internal:///(pages-dir-browser)/./node_modules/next/dist/client/dev/hot-reloader/pages/websocket.js:68:17) @ webpack-internal:///(pages-dir-browser)/./node_modules/next/dist/next-devtools/shared/forward-logs-shared.js:27
[   28099ms] [ERROR] Failed to load resource: the server responded with a status of 404 (Not Found) @ http://localhost:3111/_next/static/webpack/882bcfdc2ebfc3a1.webpack.hot-update.json:0
[   28113ms] [LOG] [Fast Refresh] rebuilding @ webpack-internal:///(pages-dir-browser)/./node_modules/next/dist/next-devtools/shared/forward-logs-shared.js:27
[   28126ms] [WARNING] [HMR] Invalid message: {"type":"isrManifest","data":{"/":true}}
TypeError: Cannot read properties of undefined (reading 'components')
    at handleStaticIndicator (webpack-internal:///(pages-dir-browser)/./node_modules/next/dist/client/dev/hot-reloader/pages/hot-reloader-pages.js:177:46)
    at processMessage (webpack-internal:///(pages-dir-browser)/./node_modules/next/dist/client/dev/hot-reloader/pages/hot-reloader-pages.js:191:17)
    at eval (webpack-internal:///(pages-dir-browser)/./node_modules/next/dist/client/dev/hot-reloader/pages/hot-reloader-pages.js:69:13)
    at WebSocket.handleMessage (webpack-internal:///(pages-dir-browser)/./node_modules/next/dist/client/dev/hot-reloader/pages/websocket.js:68:17) @ webpack-internal:///(pages-dir-browser)/./node_modules/next/dist/next-devtools/shared/forward-logs-shared.js:27
[   28533ms] [INFO] %cDownload the React DevTools for a better development experience: https://reactjs.org/link/react-devtools font-weight:bold @ webpack-internal:///(pages-dir-browser)/./node_modules/react-dom/cjs/react-dom.development.js:29834
[   28550ms] ReferenceError: __turbopack_load_page_chunks__ is not defined
    at http://localhost:3111/_next/static/chunks/pages/_app.js:1:1
[   28551ms] ReferenceError: __turbopack_load_page_chunks__ is not defined
    at http://localhost:3111/_next/static/chunks/pages/index.js:1:1
[   28555ms] [LOG] [HMR] connected @ webpack-internal:///(pages-dir-browser)/./node_modules/next/dist/next-devtools/shared/forward-logs-shared.js:27
[   28556ms] [WARNING] [HMR] Invalid message: {"type":"isrManifest","data":{"/":true}}
TypeError: Cannot read properties of undefined (reading 'components')
    at handleStaticIndicator (webpack-internal:///(pages-dir-browser)/./node_modules/next/dist/client/dev/hot-reloader/pages/hot-reloader-pages.js:177:46)
    at processMessage (webpack-internal:///(pages-dir-browser)/./node_modules/next/dist/client/dev/hot-reloader/pages/hot-reloader-pages.js:191:17)
    at eval (webpack-internal:///(pages-dir-browser)/./node_modules/next/dist/client/dev/hot-reloader/pages/hot-reloader-pages.js:69:13)
    at WebSocket.handleMessage (webpack-internal:///(pages-dir-browser)/./node_modules/next/dist/client/dev/hot-reloader/pages/websocket.js:68:17) @ webpack-internal:///(pages-dir-browser)/./node_modules/next/dist/next-devtools/shared/forward-logs-shared.js:27
[   28605ms] [ERROR] Failed to load resource: the server responded with a status of 404 (Not Found) @ http://localhost:3111/_next/static/webpack/882bcfdc2ebfc3a1.webpack.hot-update.json:0
[   28621ms] [LOG] [Fast Refresh] rebuilding @ webpack-internal:///(pages-dir-browser)/./node_modules/next/dist/next-devtools/shared/forward-logs-shared.js:27
[   28633ms] [WARNING] [HMR] Invalid message: {"type":"isrManifest","data":{"/":true}}
TypeError: Cannot read properties of undefined (reading 'components')
    at handleStaticIndicator (webpack-internal:///(pages-dir-browser)/./node_modules/next/dist/client/dev/hot-reloader/pages/hot-reloader-pages.js:177:46)
    at processMessage (webpack-internal:///(pages-dir-browser)/./node_modules/next/dist/client/dev/hot-reloader/pages/hot-reloader-pages.js:191:17)
    at eval (webpack-internal:///(pages-dir-browser)/./node_modules/next/dist/client/dev/hot-reloader/pages/hot-reloader-pages.js:69:13)
    at WebSocket.handleMessage (webpack-internal:///(pages-dir-browser)/./node_modules/next/dist/client/dev/hot-reloader/pages/websocket.js:68:17) @ webpack-internal:///(pages-dir-browser)/./node_modules/next/dist/next-devtools/shared/forward-logs-shared.js:27
[   29041ms] [INFO] %cDownload the React DevTools for a better development experience: https://reactjs.org/link/react-devtools font-weight:bold @ webpack-internal:///(pages-dir-browser)/./node_modules/react-dom/cjs/react-dom.development.js:29834
[   29061ms] ReferenceError: __turbopack_load_page_chunks__ is not defined
    at http://localhost:3111/_next/static/chunks/pages/_app.js:1:1
[   29061ms] ReferenceError: __turbopack_load_page_chunks__ is not defined
    at http://localhost:3111/_next/static/chunks/pages/index.js:1:1
[   29066ms] [LOG] [HMR] connected @ webpack-internal:///(pages-dir-browser)/./node_modules/next/dist/next-devtools/shared/forward-logs-shared.js:27
[   29067ms] [WARNING] [HMR] Invalid message: {"type":"isrManifest","data":{"/":true}}
TypeError: Cannot read properties of undefined (reading 'components')
    at handleStaticIndicator (webpack-internal:///(pages-dir-browser)/./node_modules/next/dist/client/dev/hot-reloader/pages/hot-reloader-pages.js:177:46)
    at processMessage (webpack-internal:///(pages-dir-browser)/./node_modules/next/dist/client/dev/hot-reloader/pages/hot-reloader-pages.js:191:17)
    at eval (webpack-internal:///(pages-dir-browser)/./node_modules/next/dist/client/dev/hot-reloader/pages/hot-reloader-pages.js:69:13)
    at WebSocket.handleMessage (webpack-internal:///(pages-dir-browser)/./node_modules/next/dist/client/dev/hot-reloader/pages/websocket.js:68:17) @ webpack-internal:///(pages-dir-browser)/./node_modules/next/dist/next-devtools/shared/forward-logs-shared.js:27
[   29107ms] [ERROR] Failed to load resource: the server responded with a status of 404 (Not Found) @ http://localhost:3111/_next/static/webpack/882bcfdc2ebfc3a1.webpack.hot-update.json:0
[   29122ms] [LOG] [Fast Refresh] rebuilding @ webpack-internal:///(pages-dir-browser)/./node_modules/next/dist/next-devtools/shared/forward-logs-shared.js:27
[   29136ms] [WARNING] [HMR] Invalid message: {"type":"isrManifest","data":{"/":true}}
TypeError: Cannot read properties of undefined (reading 'components')
    at handleStaticIndicator (webpack-internal:///(pages-dir-browser)/./node_modules/next/dist/client/dev/hot-reloader/pages/hot-reloader-pages.js:177:46)
    at processMessage (webpack-internal:///(pages-dir-browser)/./node_modules/next/dist/client/dev/hot-reloader/pages/hot-reloader-pages.js:191:17)
    at eval (webpack-internal:///(pages-dir-browser)/./node_modules/next/dist/client/dev/hot-reloader/pages/hot-reloader-pages.js:69:13)
    at WebSocket.handleMessage (webpack-internal:///(pages-dir-browser)/./node_modules/next/dist/client/dev/hot-reloader/pages/websocket.js:68:17) @ webpack-internal:///(pages-dir-browser)/./node_modules/next/dist/next-devtools/shared/forward-logs-shared.js:27
[   29550ms] [INFO] %cDownload the React DevTools for a better development experience: https://reactjs.org/link/react-devtools font-weight:bold @ webpack-internal:///(pages-dir-browser)/./node_modules/react-dom/cjs/react-dom.development.js:29834
[   29567ms] ReferenceError: __turbopack_load_page_chunks__ is not defined
    at http://localhost:3111/_next/static/chunks/pages/_app.js:1:1
[   29568ms] ReferenceError: __turbopack_load_page_chunks__ is not defined
    at http://localhost:3111/_next/static/chunks/pages/index.js:1:1
[   29574ms] [LOG] [HMR] connected @ webpack-internal:///(pages-dir-browser)/./node_modules/next/dist/next-devtools/shared/forward-logs-shared.js:27
[   29574ms] [WARNING] [HMR] Invalid message: {"type":"isrManifest","data":{"/":true}}
TypeError: Cannot read properties of undefined (reading 'components')
    at handleStaticIndicator (webpack-internal:///(pages-dir-browser)/./node_modules/next/dist/client/dev/hot-reloader/pages/hot-reloader-pages.js:177:46)
    at processMessage (webpack-internal:///(pages-dir-browser)/./node_modules/next/dist/client/dev/hot-reloader/pages/hot-reloader-pages.js:191:17)
    at eval (webpack-internal:///(pages-dir-browser)/./node_modules/next/dist/client/dev/hot-reloader/pages/hot-reloader-pages.js:69:13)
    at WebSocket.handleMessage (webpack-internal:///(pages-dir-browser)/./node_modules/next/dist/client/dev/hot-reloader/pages/websocket.js:68:17) @ webpack-internal:///(pages-dir-browser)/./node_modules/next/dist/next-devtools/shared/forward-logs-shared.js:27
[   29620ms] [ERROR] Failed to load resource: the server responded with a status of 404 (Not Found) @ http://localhost:3111/_next/static/webpack/882bcfdc2ebfc3a1.webpack.hot-update.json:0
[   29637ms] [LOG] [Fast Refresh] rebuilding @ webpack-internal:///(pages-dir-browser)/./node_modules/next/dist/next-devtools/shared/forward-logs-shared.js:27
[   29649ms] [WARNING] [HMR] Invalid message: {"type":"isrManifest","data":{"/":true}}
TypeError: Cannot read properties of undefined (reading 'components')
    at handleStaticIndicator (webpack-internal:///(pages-dir-browser)/./node_modules/next/dist/client/dev/hot-reloader/pages/hot-reloader-pages.js:177:46)
    at processMessage (webpack-internal:///(pages-dir-browser)/./node_modules/next/dist/client/dev/hot-reloader/pages/hot-reloader-pages.js:191:17)
    at eval (webpack-internal:///(pages-dir-browser)/./node_modules/next/dist/client/dev/hot-reloader/pages/hot-reloader-pages.js:69:13)
    at WebSocket.handleMessage (webpack-internal:///(pages-dir-browser)/./node_modules/next/dist/client/dev/hot-reloader/pages/websocket.js:68:17) @ webpack-internal:///(pages-dir-browser)/./node_modules/next/dist/next-devtools/shared/forward-logs-shared.js:27
[   30083ms] [INFO] %cDownload the React DevTools for a better development experience: https://reactjs.org/link/react-devtools font-weight:bold @ webpack-internal:///(pages-dir-browser)/./node_modules/react-dom/cjs/react-dom.development.js:29834
[   30108ms] ReferenceError: __turbopack_load_page_chunks__ is not defined
    at http://localhost:3111/_next/static/chunks/pages/_app.js:1:1
[   30109ms] ReferenceError: __turbopack_load_page_chunks__ is not defined
    at http://localhost:3111/_next/static/chunks/pages/index.js:1:1
[   30121ms] [LOG] [HMR] connected @ webpack-internal:///(pages-dir-browser)/./node_modules/next/dist/next-devtools/shared/forward-logs-shared.js:27
[   30122ms] [WARNING] [HMR] Invalid message: {"type":"isrManifest","data":{"/":true}}
TypeError: Cannot read properties of undefined (reading 'components')
    at handleStaticIndicator (webpack-internal:///(pages-dir-browser)/./node_modules/next/dist/client/dev/hot-reloader/pages/hot-reloader-pages.js:177:46)
    at processMessage (webpack-internal:///(pages-dir-browser)/./node_modules/next/dist/client/dev/hot-reloader/pages/hot-reloader-pages.js:191:17)
    at eval (webpack-internal:///(pages-dir-browser)/./node_modules/next/dist/client/dev/hot-reloader/pages/hot-reloader-pages.js:69:13)
    at WebSocket.handleMessage (webpack-internal:///(pages-dir-browser)/./node_modules/next/dist/client/dev/hot-reloader/pages/websocket.js:68:17) @ webpack-internal:///(pages-dir-browser)/./node_modules/next/dist/next-devtools/shared/forward-logs-shared.js:27
[   30173ms] [ERROR] Failed to load resource: the server responded with a status of 404 (Not Found) @ http://localhost:3111/_next/static/webpack/882bcfdc2ebfc3a1.webpack.hot-update.json:0
[   30197ms] [LOG] [Fast Refresh] rebuilding @ webpack-internal:///(pages-dir-browser)/./node_modules/next/dist/next-devtools/shared/forward-logs-shared.js:27
[   30203ms] [WARNING] [HMR] Invalid message: {"type":"isrManifest","data":{"/":true}}
TypeError: Cannot read properties of undefined (reading 'components')
    at handleStaticIndicator (webpack-internal:///(pages-dir-browser)/./node_modules/next/dist/client/dev/hot-reloader/pages/hot-reloader-pages.js:177:46)
    at processMessage (webpack-internal:///(pages-dir-browser)/./node_modules/next/dist/client/dev/hot-reloader/pages/hot-reloader-pages.js:191:17)
    at eval (webpack-internal:///(pages-dir-browser)/./node_modules/next/dist/client/dev/hot-reloader/pages/hot-reloader-pages.js:69:13)
    at WebSocket.handleMessage (webpack-internal:///(pages-dir-browser)/./node_modules/next/dist/client/dev/hot-reloader/pages/websocket.js:68:17) @ webpack-internal:///(pages-dir-browser)/./node_modules/next/dist/next-devtools/shared/forward-logs-shared.js:27
[   30651ms] [INFO] %cDownload the React DevTools for a better development experience: https://reactjs.org/link/react-devtools font-weight:bold @ webpack-internal:///(pages-dir-browser)/./node_modules/react-dom/cjs/react-dom.development.js:29834
[   30669ms] ReferenceError: __turbopack_load_page_chunks__ is not defined
    at http://localhost:3111/_next/static/chunks/pages/_app.js:1:1
[   30669ms] ReferenceError: __turbopack_load_page_chunks__ is not defined
    at http://localhost:3111/_next/static/chunks/pages/index.js:1:1
[   30674ms] [LOG] [HMR] connected @ webpack-internal:///(pages-dir-browser)/./node_modules/next/dist/next-devtools/shared/forward-logs-shared.js:27
[   30675ms] [WARNING] [HMR] Invalid message: {"type":"isrManifest","data":{"/":true}}
TypeError: Cannot read properties of undefined (reading 'components')
    at handleStaticIndicator (webpack-internal:///(pages-dir-browser)/./node_modules/next/dist/client/dev/hot-reloader/pages/hot-reloader-pages.js:177:46)
    at processMessage (webpack-internal:///(pages-dir-browser)/./node_modules/next/dist/client/dev/hot-reloader/pages/hot-reloader-pages.js:191:17)
    at eval (webpack-internal:///(pages-dir-browser)/./node_modules/next/dist/client/dev/hot-reloader/pages/hot-reloader-pages.js:69:13)
    at WebSocket.handleMessage (webpack-internal:///(pages-dir-browser)/./node_modules/next/dist/client/dev/hot-reloader/pages/websocket.js:68:17) @ webpack-internal:///(pages-dir-browser)/./node_modules/next/dist/next-devtools/shared/forward-logs-shared.js:27
[   30718ms] [ERROR] Failed to load resource: the server responded with a status of 404 (Not Found) @ http://localhost:3111/_next/static/webpack/882bcfdc2ebfc3a1.webpack.hot-update.json:0
[   30734ms] [LOG] [Fast Refresh] rebuilding @ webpack-internal:///(pages-dir-browser)/./node_modules/next/dist/next-devtools/shared/forward-logs-shared.js:27
[   30747ms] [WARNING] [HMR] Invalid message: {"type":"isrManifest","data":{"/":true}}
TypeError: Cannot read properties of undefined (reading 'components')
    at handleStaticIndicator (webpack-internal:///(pages-dir-browser)/./node_modules/next/dist/client/dev/hot-reloader/pages/hot-reloader-pages.js:177:46)
    at processMessage (webpack-internal:///(pages-dir-browser)/./node_modules/next/dist/client/dev/hot-reloader/pages/hot-reloader-pages.js:191:17)
    at eval (webpack-internal:///(pages-dir-browser)/./node_modules/next/dist/client/dev/hot-reloader/pages/hot-reloader-pages.js:69:13)
    at WebSocket.handleMessage (webpack-internal:///(pages-dir-browser)/./node_modules/next/dist/client/dev/hot-reloader/pages/websocket.js:68:17) @ webpack-internal:///(pages-dir-browser)/./node_modules/next/dist/next-devtools/shared/forward-logs-shared.js:27
[   31199ms] [INFO] %cDownload the React DevTools for a better development experience: https://reactjs.org/link/react-devtools font-weight:bold @ webpack-internal:///(pages-dir-browser)/./node_modules/react-dom/cjs/react-dom.development.js:29834
[   31222ms] ReferenceError: __turbopack_load_page_chunks__ is not defined
    at http://localhost:3111/_next/static/chunks/pages/_app.js:1:1
[   31223ms] ReferenceError: __turbopack_load_page_chunks__ is not defined
    at http://localhost:3111/_next/static/chunks/pages/index.js:1:1
[   31227ms] [LOG] [HMR] connected @ webpack-internal:///(pages-dir-browser)/./node_modules/next/dist/next-devtools/shared/forward-logs-shared.js:27
[   31228ms] [WARNING] [HMR] Invalid message: {"type":"isrManifest","data":{"/":true}}
TypeError: Cannot read properties of undefined (reading 'components')
    at handleStaticIndicator (webpack-internal:///(pages-dir-browser)/./node_modules/next/dist/client/dev/hot-reloader/pages/hot-reloader-pages.js:177:46)
    at processMessage (webpack-internal:///(pages-dir-browser)/./node_modules/next/dist/client/dev/hot-reloader/pages/hot-reloader-pages.js:191:17)
    at eval (webpack-internal:///(pages-dir-browser)/./node_modules/next/dist/client/dev/hot-reloader/pages/hot-reloader-pages.js:69:13)
    at WebSocket.handleMessage (webpack-internal:///(pages-dir-browser)/./node_modules/next/dist/client/dev/hot-reloader/pages/websocket.js:68:17) @ webpack-internal:///(pages-dir-browser)/./node_modules/next/dist/next-devtools/shared/forward-logs-shared.js:27
[   31278ms] [ERROR] Failed to load resource: the server responded with a status of 404 (Not Found) @ http://localhost:3111/_next/static/webpack/882bcfdc2ebfc3a1.webpack.hot-update.json:0
[   31298ms] [LOG] [Fast Refresh] rebuilding @ webpack-internal:///(pages-dir-browser)/./node_modules/next/dist/next-devtools/shared/forward-logs-shared.js:27
[   31311ms] [WARNING] [HMR] Invalid message: {"type":"isrManifest","data":{"/":true}}
TypeError: Cannot read properties of undefined (reading 'components')
    at handleStaticIndicator (webpack-internal:///(pages-dir-browser)/./node_modules/next/dist/client/dev/hot-reloader/pages/hot-reloader-pages.js:177:46)
    at processMessage (webpack-internal:///(pages-dir-browser)/./node_modules/next/dist/client/dev/hot-reloader/pages/hot-reloader-pages.js:191:17)
    at eval (webpack-internal:///(pages-dir-browser)/./node_modules/next/dist/client/dev/hot-reloader/pages/hot-reloader-pages.js:69:13)
    at WebSocket.handleMessage (webpack-internal:///(pages-dir-browser)/./node_modules/next/dist/client/dev/hot-reloader/pages/websocket.js:68:17) @ webpack-internal:///(pages-dir-browser)/./node_modules/next/dist/next-devtools/shared/forward-logs-shared.js:27
[   31756ms] [INFO] %cDownload the React DevTools for a better development experience: https://reactjs.org/link/react-devtools font-weight:bold @ webpack-internal:///(pages-dir-browser)/./node_modules/react-dom/cjs/react-dom.development.js:29834
[   31777ms] ReferenceError: __turbopack_load_page_chunks__ is not defined
    at http://localhost:3111/_next/static/chunks/pages/_app.js:1:1
[   31777ms] ReferenceError: __turbopack_load_page_chunks__ is not defined
    at http://localhost:3111/_next/static/chunks/pages/index.js:1:1
[   31785ms] [LOG] [HMR] connected @ webpack-internal:///(pages-dir-browser)/./node_modules/next/dist/next-devtools/shared/forward-logs-shared.js:27
[   31786ms] [WARNING] [HMR] Invalid message: {"type":"isrManifest","data":{"/":true}}
TypeError: Cannot read properties of undefined (reading 'components')
    at handleStaticIndicator (webpack-internal:///(pages-dir-browser)/./node_modules/next/dist/client/dev/hot-reloader/pages/hot-reloader-pages.js:177:46)
    at processMessage (webpack-internal:///(pages-dir-browser)/./node_modules/next/dist/client/dev/hot-reloader/pages/hot-reloader-pages.js:191:17)
    at eval (webpack-internal:///(pages-dir-browser)/./node_modules/next/dist/client/dev/hot-reloader/pages/hot-reloader-pages.js:69:13)
    at WebSocket.handleMessage (webpack-internal:///(pages-dir-browser)/./node_modules/next/dist/client/dev/hot-reloader/pages/websocket.js:68:17) @ webpack-internal:///(pages-dir-browser)/./node_modules/next/dist/next-devtools/shared/forward-logs-shared.js:27
[   31837ms] [ERROR] Failed to load resource: the server responded with a status of 404 (Not Found) @ http://localhost:3111/_next/static/webpack/882bcfdc2ebfc3a1.webpack.hot-update.json:0
[   31854ms] [LOG] [Fast Refresh] rebuilding @ webpack-internal:///(pages-dir-browser)/./node_modules/next/dist/next-devtools/shared/forward-logs-shared.js:27
[   31869ms] [WARNING] [HMR] Invalid message: {"type":"isrManifest","data":{"/":true}}
TypeError: Cannot read properties of undefined (reading 'components')
    at handleStaticIndicator (webpack-internal:///(pages-dir-browser)/./node_modules/next/dist/client/dev/hot-reloader/pages/hot-reloader-pages.js:177:46)
    at processMessage (webpack-internal:///(pages-dir-browser)/./node_modules/next/dist/client/dev/hot-reloader/pages/hot-reloader-pages.js:191:17)
    at eval (webpack-internal:///(pages-dir-browser)/./node_modules/next/dist/client/dev/hot-reloader/pages/hot-reloader-pages.js:69:13)
    at WebSocket.handleMessage (webpack-internal:///(pages-dir-browser)/./node_modules/next/dist/client/dev/hot-reloader/pages/websocket.js:68:17) @ webpack-internal:///(pages-dir-browser)/./node_modules/next/dist/next-devtools/shared/forward-logs-shared.js:27
[   32312ms] [INFO] %cDownload the React DevTools for a better development experience: https://reactjs.org/link/react-devtools font-weight:bold @ webpack-internal:///(pages-dir-browser)/./node_modules/react-dom/cjs/react-dom.development.js:29834
[   32337ms] ReferenceError: __turbopack_load_page_chunks__ is not defined
    at http://localhost:3111/_next/static/chunks/pages/_app.js:1:1
[   32337ms] ReferenceError: __turbopack_load_page_chunks__ is not defined
    at http://localhost:3111/_next/static/chunks/pages/index.js:1:1
[   32342ms] [LOG] [HMR] connected @ webpack-internal:///(pages-dir-browser)/./node_modules/next/dist/next-devtools/shared/forward-logs-shared.js:27
[   32343ms] [WARNING] [HMR] Invalid message: {"type":"isrManifest","data":{"/":true}}
TypeError: Cannot read properties of undefined (reading 'components')
    at handleStaticIndicator (webpack-internal:///(pages-dir-browser)/./node_modules/next/dist/client/dev/hot-reloader/pages/hot-reloader-pages.js:177:46)
    at processMessage (webpack-internal:///(pages-dir-browser)/./node_modules/next/dist/client/dev/hot-reloader/pages/hot-reloader-pages.js:191:17)
    at eval (webpack-internal:///(pages-dir-browser)/./node_modules/next/dist/client/dev/hot-reloader/pages/hot-reloader-pages.js:69:13)
    at WebSocket.handleMessage (webpack-internal:///(pages-dir-browser)/./node_modules/next/dist/client/dev/hot-reloader/pages/websocket.js:68:17) @ webpack-internal:///(pages-dir-browser)/./node_modules/next/dist/next-devtools/shared/forward-logs-shared.js:27
[   32390ms] [ERROR] Failed to load resource: the server responded with a status of 404 (Not Found) @ http://localhost:3111/_next/static/webpack/882bcfdc2ebfc3a1.webpack.hot-update.json:0
[   32408ms] [LOG] [Fast Refresh] rebuilding @ webpack-internal:///(pages-dir-browser)/./node_modules/next/dist/next-devtools/shared/forward-logs-shared.js:27
[   32422ms] [WARNING] [HMR] Invalid message: {"type":"isrManifest","data":{"/":true}}
TypeError: Cannot read properties of undefined (reading 'components')
    at handleStaticIndicator (webpack-internal:///(pages-dir-browser)/./node_modules/next/dist/client/dev/hot-reloader/pages/hot-reloader-pages.js:177:46)
    at processMessage (webpack-internal:///(pages-dir-browser)/./node_modules/next/dist/client/dev/hot-reloader/pages/hot-reloader-pages.js:191:17)
    at eval (webpack-internal:///(pages-dir-browser)/./node_modules/next/dist/client/dev/hot-reloader/pages/hot-reloader-pages.js:69:13)
    at WebSocket.handleMessage (webpack-internal:///(pages-dir-browser)/./node_modules/next/dist/client/dev/hot-reloader/pages/websocket.js:68:17) @ webpack-internal:///(pages-dir-browser)/./node_modules/next/dist/next-devtools/shared/forward-logs-shared.js:27
[   32864ms] [INFO] %cDownload the React DevTools for a better development experience: https://reactjs.org/link/react-devtools font-weight:bold @ webpack-internal:///(pages-dir-browser)/./node_modules/react-dom/cjs/react-dom.development.js:29834
[   32887ms] ReferenceError: __turbopack_load_page_chunks__ is not defined
    at http://localhost:3111/_next/static/chunks/pages/_app.js:1:1
[   32887ms] ReferenceError: __turbopack_load_page_chunks__ is not defined
    at http://localhost:3111/_next/static/chunks/pages/index.js:1:1
[   32892ms] [LOG] [HMR] connected @ webpack-internal:///(pages-dir-browser)/./node_modules/next/dist/next-devtools/shared/forward-logs-shared.js:27
[   32893ms] [WARNING] [HMR] Invalid message: {"type":"isrManifest","data":{"/":true}}
TypeError: Cannot read properties of undefined (reading 'components')
    at handleStaticIndicator (webpack-internal:///(pages-dir-browser)/./node_modules/next/dist/client/dev/hot-reloader/pages/hot-reloader-pages.js:177:46)
    at processMessage (webpack-internal:///(pages-dir-browser)/./node_modules/next/dist/client/dev/hot-reloader/pages/hot-reloader-pages.js:191:17)
    at eval (webpack-internal:///(pages-dir-browser)/./node_modules/next/dist/client/dev/hot-reloader/pages/hot-reloader-pages.js:69:13)
    at WebSocket.handleMessage (webpack-internal:///(pages-dir-browser)/./node_modules/next/dist/client/dev/hot-reloader/pages/websocket.js:68:17) @ webpack-internal:///(pages-dir-browser)/./node_modules/next/dist/next-devtools/shared/forward-logs-shared.js:27
[   32938ms] [ERROR] Failed to load resource: the server responded with a status of 404 (Not Found) @ http://localhost:3111/_next/static/webpack/882bcfdc2ebfc3a1.webpack.hot-update.json:0
[   32956ms] [LOG] [Fast Refresh] rebuilding @ webpack-internal:///(pages-dir-browser)/./node_modules/next/dist/next-devtools/shared/forward-logs-shared.js:27
[   32969ms] [WARNING] [HMR] Invalid message: {"type":"isrManifest","data":{"/":true}}
TypeError: Cannot read properties of undefined (reading 'components')
    at handleStaticIndicator (webpack-internal:///(pages-dir-browser)/./node_modules/next/dist/client/dev/hot-reloader/pages/hot-reloader-pages.js:177:46)
    at processMessage (webpack-internal:///(pages-dir-browser)/./node_modules/next/dist/client/dev/hot-reloader/pages/hot-reloader-pages.js:191:17)
    at eval (webpack-internal:///(pages-dir-browser)/./node_modules/next/dist/client/dev/hot-reloader/pages/hot-reloader-pages.js:69:13)
    at WebSocket.handleMessage (webpack-internal:///(pages-dir-browser)/./node_modules/next/dist/client/dev/hot-reloader/pages/websocket.js:68:17) @ webpack-internal:///(pages-dir-browser)/./node_modules/next/dist/next-devtools/shared/forward-logs-shared.js:27
[   33408ms] [INFO] %cDownload the React DevTools for a better development experience: https://reactjs.org/link/react-devtools font-weight:bold @ webpack-internal:///(pages-dir-browser)/./node_modules/react-dom/cjs/react-dom.development.js:29834
[   33431ms] ReferenceError: __turbopack_load_page_chunks__ is not defined
    at http://localhost:3111/_next/static/chunks/pages/_app.js:1:1
[   33432ms] ReferenceError: __turbopack_load_page_chunks__ is not defined
    at http://localhost:3111/_next/static/chunks/pages/index.js:1:1
[   33437ms] [LOG] [HMR] connected @ webpack-internal:///(pages-dir-browser)/./node_modules/next/dist/next-devtools/shared/forward-logs-shared.js:27
[   33437ms] [WARNING] [HMR] Invalid message: {"type":"isrManifest","data":{"/":true}}
TypeError: Cannot read properties of undefined (reading 'components')
    at handleStaticIndicator (webpack-internal:///(pages-dir-browser)/./node_modules/next/dist/client/dev/hot-reloader/pages/hot-reloader-pages.js:177:46)
    at processMessage (webpack-internal:///(pages-dir-browser)/./node_modules/next/dist/client/dev/hot-reloader/pages/hot-reloader-pages.js:191:17)
    at eval (webpack-internal:///(pages-dir-browser)/./node_modules/next/dist/client/dev/hot-reloader/pages/hot-reloader-pages.js:69:13)
    at WebSocket.handleMessage (webpack-internal:///(pages-dir-browser)/./node_modules/next/dist/client/dev/hot-reloader/pages/websocket.js:68:17) @ webpack-internal:///(pages-dir-browser)/./node_modules/next/dist/next-devtools/shared/forward-logs-shared.js:27
[   33486ms] [ERROR] Failed to load resource: the server responded with a status of 404 (Not Found) @ http://localhost:3111/_next/static/webpack/882bcfdc2ebfc3a1.webpack.hot-update.json:0
[   33502ms] [LOG] [Fast Refresh] rebuilding @ webpack-internal:///(pages-dir-browser)/./node_modules/next/dist/next-devtools/shared/forward-logs-shared.js:27
[   33514ms] [WARNING] [HMR] Invalid message: {"type":"isrManifest","data":{"/":true}}
TypeError: Cannot read properties of undefined (reading 'components')
    at handleStaticIndicator (webpack-internal:///(pages-dir-browser)/./node_modules/next/dist/client/dev/hot-reloader/pages/hot-reloader-pages.js:177:46)
    at processMessage (webpack-internal:///(pages-dir-browser)/./node_modules/next/dist/client/dev/hot-reloader/pages/hot-reloader-pages.js:191:17)
    at eval (webpack-internal:///(pages-dir-browser)/./node_modules/next/dist/client/dev/hot-reloader/pages/hot-reloader-pages.js:69:13)
    at WebSocket.handleMessage (webpack-internal:///(pages-dir-browser)/./node_modules/next/dist/client/dev/hot-reloader/pages/websocket.js:68:17) @ webpack-internal:///(pages-dir-browser)/./node_modules/next/dist/next-devtools/shared/forward-logs-shared.js:27
[   33960ms] [INFO] %cDownload the React DevTools for a better development experience: https://reactjs.org/link/react-devtools font-weight:bold @ webpack-internal:///(pages-dir-browser)/./node_modules/react-dom/cjs/react-dom.development.js:29834
[   33983ms] ReferenceError: __turbopack_load_page_chunks__ is not defined
    at http://localhost:3111/_next/static/chunks/pages/_app.js:1:1
[   33984ms] ReferenceError: __turbopack_load_page_chunks__ is not defined
    at http://localhost:3111/_next/static/chunks/pages/index.js:1:1
[   34000ms] [LOG] [HMR] connected @ webpack-internal:///(pages-dir-browser)/./node_modules/next/dist/next-devtools/shared/forward-logs-shared.js:27
[   34001ms] [WARNING] [HMR] Invalid message: {"type":"isrManifest","data":{"/":true}}
TypeError: Cannot read properties of undefined (reading 'components')
    at handleStaticIndicator (webpack-internal:///(pages-dir-browser)/./node_modules/next/dist/client/dev/hot-reloader/pages/hot-reloader-pages.js:177:46)
    at processMessage (webpack-internal:///(pages-dir-browser)/./node_modules/next/dist/client/dev/hot-reloader/pages/hot-reloader-pages.js:191:17)
    at eval (webpack-internal:///(pages-dir-browser)/./node_modules/next/dist/client/dev/hot-reloader/pages/hot-reloader-pages.js:69:13)
    at WebSocket.handleMessage (webpack-internal:///(pages-dir-browser)/./node_modules/next/dist/client/dev/hot-reloader/pages/websocket.js:68:17) @ webpack-internal:///(pages-dir-browser)/./node_modules/next/dist/next-devtools/shared/forward-logs-shared.js:27
[   34045ms] [ERROR] Failed to load resource: the server responded with a status of 404 (Not Found) @ http://localhost:3111/_next/static/webpack/882bcfdc2ebfc3a1.webpack.hot-update.json:0
[   34061ms] [LOG] [Fast Refresh] rebuilding @ webpack-internal:///(pages-dir-browser)/./node_modules/next/dist/next-devtools/shared/forward-logs-shared.js:27
[   34074ms] [WARNING] [HMR] Invalid message: {"type":"isrManifest","data":{"/":true}}
TypeError: Cannot read properties of undefined (reading 'components')
    at handleStaticIndicator (webpack-internal:///(pages-dir-browser)/./node_modules/next/dist/client/dev/hot-reloader/pages/hot-reloader-pages.js:177:46)
    at processMessage (webpack-internal:///(pages-dir-browser)/./node_modules/next/dist/client/dev/hot-reloader/pages/hot-reloader-pages.js:191:17)
    at eval (webpack-internal:///(pages-dir-browser)/./node_modules/next/dist/client/dev/hot-reloader/pages/hot-reloader-pages.js:69:13)
    at WebSocket.handleMessage (webpack-internal:///(pages-dir-browser)/./node_modules/next/dist/client/dev/hot-reloader/pages/websocket.js:68:17) @ webpack-internal:///(pages-dir-browser)/./node_modules/next/dist/next-devtools/shared/forward-logs-shared.js:27
[   34503ms] [INFO] %cDownload the React DevTools for a better development experience: https://reactjs.org/link/react-devtools font-weight:bold @ webpack-internal:///(pages-dir-browser)/./node_modules/react-dom/cjs/react-dom.development.js:29834
[   34527ms] ReferenceError: __turbopack_load_page_chunks__ is not defined
    at http://localhost:3111/_next/static/chunks/pages/_app.js:1:1
[   34527ms] ReferenceError: __turbopack_load_page_chunks__ is not defined
    at http://localhost:3111/_next/static/chunks/pages/index.js:1:1
[   34535ms] [LOG] [HMR] connected @ webpack-internal:///(pages-dir-browser)/./node_modules/next/dist/next-devtools/shared/forward-logs-shared.js:27
[   34539ms] [WARNING] [HMR] Invalid message: {"type":"isrManifest","data":{"/":true}}
TypeError: Cannot read properties of undefined (reading 'components')
    at handleStaticIndicator (webpack-internal:///(pages-dir-browser)/./node_modules/next/dist/client/dev/hot-reloader/pages/hot-reloader-pages.js:177:46)
    at processMessage (webpack-internal:///(pages-dir-browser)/./node_modules/next/dist/client/dev/hot-reloader/pages/hot-reloader-pages.js:191:17)
    at eval (webpack-internal:///(pages-dir-browser)/./node_modules/next/dist/client/dev/hot-reloader/pages/hot-reloader-pages.js:69:13)
    at WebSocket.handleMessage (webpack-internal:///(pages-dir-browser)/./node_modules/next/dist/client/dev/hot-reloader/pages/websocket.js:68:17) @ webpack-internal:///(pages-dir-browser)/./node_modules/next/dist/next-devtools/shared/forward-logs-shared.js:27
[   34586ms] [ERROR] Failed to load resource: the server responded with a status of 404 (Not Found) @ http://localhost:3111/_next/static/webpack/882bcfdc2ebfc3a1.webpack.hot-update.json:0
[   34607ms] [LOG] [Fast Refresh] rebuilding @ webpack-internal:///(pages-dir-browser)/./node_modules/next/dist/next-devtools/shared/forward-logs-shared.js:27
[   34620ms] [WARNING] [HMR] Invalid message: {"type":"isrManifest","data":{"/":true}}
TypeError: Cannot read properties of undefined (reading 'components')
    at handleStaticIndicator (webpack-internal:///(pages-dir-browser)/./node_modules/next/dist/client/dev/hot-reloader/pages/hot-reloader-pages.js:177:46)
    at processMessage (webpack-internal:///(pages-dir-browser)/./node_modules/next/dist/client/dev/hot-reloader/pages/hot-reloader-pages.js:191:17)
    at eval (webpack-internal:///(pages-dir-browser)/./node_modules/next/dist/client/dev/hot-reloader/pages/hot-reloader-pages.js:69:13)
    at WebSocket.handleMessage (webpack-internal:///(pages-dir-browser)/./node_modules/next/dist/client/dev/hot-reloader/pages/websocket.js:68:17) @ webpack-internal:///(pages-dir-browser)/./node_modules/next/dist/next-devtools/shared/forward-logs-shared.js:27
[   35041ms] [INFO] %cDownload the React DevTools for a better development experience: https://reactjs.org/link/react-devtools font-weight:bold @ webpack-internal:///(pages-dir-browser)/./node_modules/react-dom/cjs/react-dom.development.js:29834
[   35058ms] ReferenceError: __turbopack_load_page_chunks__ is not defined
    at http://localhost:3111/_next/static/chunks/pages/_app.js:1:1
[   35059ms] ReferenceError: __turbopack_load_page_chunks__ is not defined
    at http://localhost:3111/_next/static/chunks/pages/index.js:1:1
[   35064ms] [LOG] [HMR] connected @ webpack-internal:///(pages-dir-browser)/./node_modules/next/dist/next-devtools/shared/forward-logs-shared.js:27
[   35065ms] [WARNING] [HMR] Invalid message: {"type":"isrManifest","data":{"/":true}}
TypeError: Cannot read properties of undefined (reading 'components')
    at handleStaticIndicator (webpack-internal:///(pages-dir-browser)/./node_modules/next/dist/client/dev/hot-reloader/pages/hot-reloader-pages.js:177:46)
    at processMessage (webpack-internal:///(pages-dir-browser)/./node_modules/next/dist/client/dev/hot-reloader/pages/hot-reloader-pages.js:191:17)
    at eval (webpack-internal:///(pages-dir-browser)/./node_modules/next/dist/client/dev/hot-reloader/pages/hot-reloader-pages.js:69:13)
    at WebSocket.handleMessage (webpack-internal:///(pages-dir-browser)/./node_modules/next/dist/client/dev/hot-reloader/pages/websocket.js:68:17) @ webpack-internal:///(pages-dir-browser)/./node_modules/next/dist/next-devtools/shared/forward-logs-shared.js:27
[   35110ms] [ERROR] Failed to load resource: the server responded with a status of 404 (Not Found) @ http://localhost:3111/_next/static/webpack/882bcfdc2ebfc3a1.webpack.hot-update.json:0
[   35126ms] [LOG] [Fast Refresh] rebuilding @ webpack-internal:///(pages-dir-browser)/./node_modules/next/dist/next-devtools/shared/forward-logs-shared.js:27
[   35138ms] [WARNING] [HMR] Invalid message: {"type":"isrManifest","data":{"/":true}}
TypeError: Cannot read properties of undefined (reading 'components')
    at handleStaticIndicator (webpack-internal:///(pages-dir-browser)/./node_modules/next/dist/client/dev/hot-reloader/pages/hot-reloader-pages.js:177:46)
    at processMessage (webpack-internal:///(pages-dir-browser)/./node_modules/next/dist/client/dev/hot-reloader/pages/hot-reloader-pages.js:191:17)
    at eval (webpack-internal:///(pages-dir-browser)/./node_modules/next/dist/client/dev/hot-reloader/pages/hot-reloader-pages.js:69:13)
    at WebSocket.handleMessage (webpack-internal:///(pages-dir-browser)/./node_modules/next/dist/client/dev/hot-reloader/pages/websocket.js:68:17) @ webpack-internal:///(pages-dir-browser)/./node_modules/next/dist/next-devtools/shared/forward-logs-shared.js:27
[   35562ms] [INFO] %cDownload the React DevTools for a better development experience: https://reactjs.org/link/react-devtools font-weight:bold @ webpack-internal:///(pages-dir-browser)/./node_modules/react-dom/cjs/react-dom.development.js:29834
[   35586ms] ReferenceError: __turbopack_load_page_chunks__ is not defined
    at http://localhost:3111/_next/static/chunks/pages/_app.js:1:1
[   35586ms] ReferenceError: __turbopack_load_page_chunks__ is not defined
    at http://localhost:3111/_next/static/chunks/pages/index.js:1:1
[   35591ms] [LOG] [HMR] connected @ webpack-internal:///(pages-dir-browser)/./node_modules/next/dist/next-devtools/shared/forward-logs-shared.js:27
[   35592ms] [WARNING] [HMR] Invalid message: {"type":"isrManifest","data":{"/":true}}
TypeError: Cannot read properties of undefined (reading 'components')
    at handleStaticIndicator (webpack-internal:///(pages-dir-browser)/./node_modules/next/dist/client/dev/hot-reloader/pages/hot-reloader-pages.js:177:46)
    at processMessage (webpack-internal:///(pages-dir-browser)/./node_modules/next/dist/client/dev/hot-reloader/pages/hot-reloader-pages.js:191:17)
    at eval (webpack-internal:///(pages-dir-browser)/./node_modules/next/dist/client/dev/hot-reloader/pages/hot-reloader-pages.js:69:13)
    at WebSocket.handleMessage (webpack-internal:///(pages-dir-browser)/./node_modules/next/dist/client/dev/hot-reloader/pages/websocket.js:68:17) @ webpack-internal:///(pages-dir-browser)/./node_modules/next/dist/next-devtools/shared/forward-logs-shared.js:27
[   35642ms] [ERROR] Failed to load resource: the server responded with a status of 404 (Not Found) @ http://localhost:3111/_next/static/webpack/882bcfdc2ebfc3a1.webpack.hot-update.json:0
[   35662ms] [LOG] [Fast Refresh] rebuilding @ webpack-internal:///(pages-dir-browser)/./node_modules/next/dist/next-devtools/shared/forward-logs-shared.js:27
[   35674ms] [WARNING] [HMR] Invalid message: {"type":"isrManifest","data":{"/":true}}
TypeError: Cannot read properties of undefined (reading 'components')
    at handleStaticIndicator (webpack-internal:///(pages-dir-browser)/./node_modules/next/dist/client/dev/hot-reloader/pages/hot-reloader-pages.js:177:46)
    at processMessage (webpack-internal:///(pages-dir-browser)/./node_modules/next/dist/client/dev/hot-reloader/pages/hot-reloader-pages.js:191:17)
    at eval (webpack-internal:///(pages-dir-browser)/./node_modules/next/dist/client/dev/hot-reloader/pages/hot-reloader-pages.js:69:13)
    at WebSocket.handleMessage (webpack-internal:///(pages-dir-browser)/./node_modules/next/dist/client/dev/hot-reloader/pages/websocket.js:68:17) @ webpack-internal:///(pages-dir-browser)/./node_modules/next/dist/next-devtools/shared/forward-logs-shared.js:27
[   36094ms] [INFO] %cDownload the React DevTools for a better development experience: https://reactjs.org/link/react-devtools font-weight:bold @ webpack-internal:///(pages-dir-browser)/./node_modules/react-dom/cjs/react-dom.development.js:29834
[   36113ms] ReferenceError: __turbopack_load_page_chunks__ is not defined
    at http://localhost:3111/_next/static/chunks/pages/_app.js:1:1
[   36114ms] ReferenceError: __turbopack_load_page_chunks__ is not defined
    at http://localhost:3111/_next/static/chunks/pages/index.js:1:1
[   36119ms] [LOG] [HMR] connected @ webpack-internal:///(pages-dir-browser)/./node_modules/next/dist/next-devtools/shared/forward-logs-shared.js:27
[   36119ms] [WARNING] [HMR] Invalid message: {"type":"isrManifest","data":{"/":true}}
TypeError: Cannot read properties of undefined (reading 'components')
    at handleStaticIndicator (webpack-internal:///(pages-dir-browser)/./node_modules/next/dist/client/dev/hot-reloader/pages/hot-reloader-pages.js:177:46)
    at processMessage (webpack-internal:///(pages-dir-browser)/./node_modules/next/dist/client/dev/hot-reloader/pages/hot-reloader-pages.js:191:17)
    at eval (webpack-internal:///(pages-dir-browser)/./node_modules/next/dist/client/dev/hot-reloader/pages/hot-reloader-pages.js:69:13)
    at WebSocket.handleMessage (webpack-internal:///(pages-dir-browser)/./node_modules/next/dist/client/dev/hot-reloader/pages/websocket.js:68:17) @ webpack-internal:///(pages-dir-browser)/./node_modules/next/dist/next-devtools/shared/forward-logs-shared.js:27
[   36165ms] [ERROR] Failed to load resource: the server responded with a status of 404 (Not Found) @ http://localhost:3111/_next/static/webpack/882bcfdc2ebfc3a1.webpack.hot-update.json:0
[   36182ms] [LOG] [Fast Refresh] rebuilding @ webpack-internal:///(pages-dir-browser)/./node_modules/next/dist/next-devtools/shared/forward-logs-shared.js:27
[   36193ms] [WARNING] [HMR] Invalid message: {"type":"isrManifest","data":{"/":true}}
TypeError: Cannot read properties of undefined (reading 'components')
    at handleStaticIndicator (webpack-internal:///(pages-dir-browser)/./node_modules/next/dist/client/dev/hot-reloader/pages/hot-reloader-pages.js:177:46)
    at processMessage (webpack-internal:///(pages-dir-browser)/./node_modules/next/dist/client/dev/hot-reloader/pages/hot-reloader-pages.js:191:17)
    at eval (webpack-internal:///(pages-dir-browser)/./node_modules/next/dist/client/dev/hot-reloader/pages/hot-reloader-pages.js:69:13)
    at WebSocket.handleMessage (webpack-internal:///(pages-dir-browser)/./node_modules/next/dist/client/dev/hot-reloader/pages/websocket.js:68:17) @ webpack-internal:///(pages-dir-browser)/./node_modules/next/dist/next-devtools/shared/forward-logs-shared.js:27
[   36615ms] [INFO] %cDownload the React DevTools for a better development experience: https://reactjs.org/link/react-devtools font-weight:bold @ webpack-internal:///(pages-dir-browser)/./node_modules/react-dom/cjs/react-dom.development.js:29834
[   36632ms] ReferenceError: __turbopack_load_page_chunks__ is not defined
    at http://localhost:3111/_next/static/chunks/pages/_app.js:1:1
[   36633ms] ReferenceError: __turbopack_load_page_chunks__ is not defined
    at http://localhost:3111/_next/static/chunks/pages/index.js:1:1
[   36638ms] [LOG] [HMR] connected @ webpack-internal:///(pages-dir-browser)/./node_modules/next/dist/next-devtools/shared/forward-logs-shared.js:27
[   36638ms] [WARNING] [HMR] Invalid message: {"type":"isrManifest","data":{"/":true}}
TypeError: Cannot read properties of undefined (reading 'components')
    at handleStaticIndicator (webpack-internal:///(pages-dir-browser)/./node_modules/next/dist/client/dev/hot-reloader/pages/hot-reloader-pages.js:177:46)
    at processMessage (webpack-internal:///(pages-dir-browser)/./node_modules/next/dist/client/dev/hot-reloader/pages/hot-reloader-pages.js:191:17)
    at eval (webpack-internal:///(pages-dir-browser)/./node_modules/next/dist/client/dev/hot-reloader/pages/hot-reloader-pages.js:69:13)
    at WebSocket.handleMessage (webpack-internal:///(pages-dir-browser)/./node_modules/next/dist/client/dev/hot-reloader/pages/websocket.js:68:17) @ webpack-internal:///(pages-dir-browser)/./node_modules/next/dist/next-devtools/shared/forward-logs-shared.js:27
[   36684ms] [ERROR] Failed to load resource: the server responded with a status of 404 (Not Found) @ http://localhost:3111/_next/static/webpack/882bcfdc2ebfc3a1.webpack.hot-update.json:0
[   36700ms] [LOG] [Fast Refresh] rebuilding @ webpack-internal:///(pages-dir-browser)/./node_modules/next/dist/next-devtools/shared/forward-logs-shared.js:27
[   36709ms] [WARNING] [HMR] Invalid message: {"type":"isrManifest","data":{"/":true}}
TypeError: Cannot read properties of undefined (reading 'components')
    at handleStaticIndicator (webpack-internal:///(pages-dir-browser)/./node_modules/next/dist/client/dev/hot-reloader/pages/hot-reloader-pages.js:177:46)
    at processMessage (webpack-internal:///(pages-dir-browser)/./node_modules/next/dist/client/dev/hot-reloader/pages/hot-reloader-pages.js:191:17)
    at eval (webpack-internal:///(pages-dir-browser)/./node_modules/next/dist/client/dev/hot-reloader/pages/hot-reloader-pages.js:69:13)
    at WebSocket.handleMessage (webpack-internal:///(pages-dir-browser)/./node_modules/next/dist/client/dev/hot-reloader/pages/websocket.js:68:17) @ webpack-internal:///(pages-dir-browser)/./node_modules/next/dist/next-devtools/shared/forward-logs-shared.js:27
[   37120ms] [INFO] %cDownload the React DevTools for a better development experience: https://reactjs.org/link/react-devtools font-weight:bold @ webpack-internal:///(pages-dir-browser)/./node_modules/react-dom/cjs/react-dom.development.js:29834
[   37141ms] ReferenceError: __turbopack_load_page_chunks__ is not defined
    at http://localhost:3111/_next/static/chunks/pages/_app.js:1:1
[   37142ms] ReferenceError: __turbopack_load_page_chunks__ is not defined
    at http://localhost:3111/_next/static/chunks/pages/index.js:1:1
[   37147ms] [LOG] [HMR] connected @ webpack-internal:///(pages-dir-browser)/./node_modules/next/dist/next-devtools/shared/forward-logs-shared.js:27
[   37148ms] [WARNING] [HMR] Invalid message: {"type":"isrManifest","data":{"/":true}}
TypeError: Cannot read properties of undefined (reading 'components')
    at handleStaticIndicator (webpack-internal:///(pages-dir-browser)/./node_modules/next/dist/client/dev/hot-reloader/pages/hot-reloader-pages.js:177:46)
    at processMessage (webpack-internal:///(pages-dir-browser)/./node_modules/next/dist/client/dev/hot-reloader/pages/hot-reloader-pages.js:191:17)
    at eval (webpack-internal:///(pages-dir-browser)/./node_modules/next/dist/client/dev/hot-reloader/pages/hot-reloader-pages.js:69:13)
    at WebSocket.handleMessage (webpack-internal:///(pages-dir-browser)/./node_modules/next/dist/client/dev/hot-reloader/pages/websocket.js:68:17) @ webpack-internal:///(pages-dir-browser)/./node_modules/next/dist/next-devtools/shared/forward-logs-shared.js:27
[   37196ms] [ERROR] Failed to load resource: the server responded with a status of 404 (Not Found) @ http://localhost:3111/_next/static/webpack/882bcfdc2ebfc3a1.webpack.hot-update.json:0
[   37213ms] [LOG] [Fast Refresh] rebuilding @ webpack-internal:///(pages-dir-browser)/./node_modules/next/dist/next-devtools/shared/forward-logs-shared.js:27
[   37223ms] [WARNING] [HMR] Invalid message: {"type":"isrManifest","data":{"/":true}}
TypeError: Cannot read properties of undefined (reading 'components')
    at handleStaticIndicator (webpack-internal:///(pages-dir-browser)/./node_modules/next/dist/client/dev/hot-reloader/pages/hot-reloader-pages.js:177:46)
    at processMessage (webpack-internal:///(pages-dir-browser)/./node_modules/next/dist/client/dev/hot-reloader/pages/hot-reloader-pages.js:191:17)
    at eval (webpack-internal:///(pages-dir-browser)/./node_modules/next/dist/client/dev/hot-reloader/pages/hot-reloader-pages.js:69:13)
    at WebSocket.handleMessage (webpack-internal:///(pages-dir-browser)/./node_modules/next/dist/client/dev/hot-reloader/pages/websocket.js:68:17) @ webpack-internal:///(pages-dir-browser)/./node_modules/next/dist/next-devtools/shared/forward-logs-shared.js:27
[   37627ms] [INFO] %cDownload the React DevTools for a better development experience: https://reactjs.org/link/react-devtools font-weight:bold @ webpack-internal:///(pages-dir-browser)/./node_modules/react-dom/cjs/react-dom.development.js:29834
[   37649ms] ReferenceError: __turbopack_load_page_chunks__ is not defined
    at http://localhost:3111/_next/static/chunks/pages/_app.js:1:1
[   37649ms] ReferenceError: __turbopack_load_page_chunks__ is not defined
    at http://localhost:3111/_next/static/chunks/pages/index.js:1:1
[   37654ms] [LOG] [HMR] connected @ webpack-internal:///(pages-dir-browser)/./node_modules/next/dist/next-devtools/shared/forward-logs-shared.js:27
[   37654ms] [WARNING] [HMR] Invalid message: {"type":"isrManifest","data":{"/":true}}
TypeError: Cannot read properties of undefined (reading 'components')
    at handleStaticIndicator (webpack-internal:///(pages-dir-browser)/./node_modules/next/dist/client/dev/hot-reloader/pages/hot-reloader-pages.js:177:46)
    at processMessage (webpack-internal:///(pages-dir-browser)/./node_modules/next/dist/client/dev/hot-reloader/pages/hot-reloader-pages.js:191:17)
    at eval (webpack-internal:///(pages-dir-browser)/./node_modules/next/dist/client/dev/hot-reloader/pages/hot-reloader-pages.js:69:13)
    at WebSocket.handleMessage (webpack-internal:///(pages-dir-browser)/./node_modules/next/dist/client/dev/hot-reloader/pages/websocket.js:68:17) @ webpack-internal:///(pages-dir-browser)/./node_modules/next/dist/next-devtools/shared/forward-logs-shared.js:27
[   37695ms] [ERROR] Failed to load resource: the server responded with a status of 404 (Not Found) @ http://localhost:3111/_next/static/webpack/882bcfdc2ebfc3a1.webpack.hot-update.json:0
[   37709ms] [LOG] [Fast Refresh] rebuilding @ webpack-internal:///(pages-dir-browser)/./node_modules/next/dist/next-devtools/shared/forward-logs-shared.js:27
[   37720ms] [WARNING] [HMR] Invalid message: {"type":"isrManifest","data":{"/":true}}
TypeError: Cannot read properties of undefined (reading 'components')
    at handleStaticIndicator (webpack-internal:///(pages-dir-browser)/./node_modules/next/dist/client/dev/hot-reloader/pages/hot-reloader-pages.js:177:46)
    at processMessage (webpack-internal:///(pages-dir-browser)/./node_modules/next/dist/client/dev/hot-reloader/pages/hot-reloader-pages.js:191:17)
    at eval (webpack-internal:///(pages-dir-browser)/./node_modules/next/dist/client/dev/hot-reloader/pages/hot-reloader-pages.js:69:13)
    at WebSocket.handleMessage (webpack-internal:///(pages-dir-browser)/./node_modules/next/dist/client/dev/hot-reloader/pages/websocket.js:68:17) @ webpack-internal:///(pages-dir-browser)/./node_modules/next/dist/next-devtools/shared/forward-logs-shared.js:27
[   38132ms] [INFO] %cDownload the React DevTools for a better development experience: https://reactjs.org/link/react-devtools font-weight:bold @ webpack-internal:///(pages-dir-browser)/./node_modules/react-dom/cjs/react-dom.development.js:29834
[   38154ms] ReferenceError: __turbopack_load_page_chunks__ is not defined
    at http://localhost:3111/_next/static/chunks/pages/_app.js:1:1
[   38155ms] ReferenceError: __turbopack_load_page_chunks__ is not defined
    at http://localhost:3111/_next/static/chunks/pages/index.js:1:1
[   38167ms] [LOG] [HMR] connected @ webpack-internal:///(pages-dir-browser)/./node_modules/next/dist/next-devtools/shared/forward-logs-shared.js:27
[   38168ms] [WARNING] [HMR] Invalid message: {"type":"isrManifest","data":{"/":true}}
TypeError: Cannot read properties of undefined (reading 'components')
    at handleStaticIndicator (webpack-internal:///(pages-dir-browser)/./node_modules/next/dist/client/dev/hot-reloader/pages/hot-reloader-pages.js:177:46)
    at processMessage (webpack-internal:///(pages-dir-browser)/./node_modules/next/dist/client/dev/hot-reloader/pages/hot-reloader-pages.js:191:17)
    at eval (webpack-internal:///(pages-dir-browser)/./node_modules/next/dist/client/dev/hot-reloader/pages/hot-reloader-pages.js:69:13)
    at WebSocket.handleMessage (webpack-internal:///(pages-dir-browser)/./node_modules/next/dist/client/dev/hot-reloader/pages/websocket.js:68:17) @ webpack-internal:///(pages-dir-browser)/./node_modules/next/dist/next-devtools/shared/forward-logs-shared.js:27
[   38180ms] [ERROR] Failed to load resource: the server responded with a status of 404 (Not Found) @ http://localhost:3111/_next/static/webpack/882bcfdc2ebfc3a1.webpack.hot-update.json:0
[   38580ms] [INFO] %cDownload the React DevTools for a better development experience: https://reactjs.org/link/react-devtools font-weight:bold @ webpack-internal:///(pages-dir-browser)/./node_modules/react-dom/cjs/react-dom.development.js:29834
[   38599ms] ReferenceError: __turbopack_load_page_chunks__ is not defined
    at http://localhost:3111/_next/static/chunks/pages/_app.js:1:1
[   38599ms] ReferenceError: __turbopack_load_page_chunks__ is not defined
    at http://localhost:3111/_next/static/chunks/pages/index.js:1:1
[   38608ms] [LOG] [HMR] connected @ webpack-internal:///(pages-dir-browser)/./node_modules/next/dist/next-devtools/shared/forward-logs-shared.js:27
[   38609ms] [WARNING] [HMR] Invalid message: {"type":"isrManifest","data":{"/":true}}
TypeError: Cannot read properties of undefined (reading 'components')
    at handleStaticIndicator (webpack-internal:///(pages-dir-browser)/./node_modules/next/dist/client/dev/hot-reloader/pages/hot-reloader-pages.js:177:46)
    at processMessage (webpack-internal:///(pages-dir-browser)/./node_modules/next/dist/client/dev/hot-reloader/pages/hot-reloader-pages.js:191:17)
    at eval (webpack-internal:///(pages-dir-browser)/./node_modules/next/dist/client/dev/hot-reloader/pages/hot-reloader-pages.js:69:13)
    at WebSocket.handleMessage (webpack-internal:///(pages-dir-browser)/./node_modules/next/dist/client/dev/hot-reloader/pages/websocket.js:68:17) @ webpack-internal:///(pages-dir-browser)/./node_modules/next/dist/next-devtools/shared/forward-logs-shared.js:27
[   38655ms] [ERROR] Failed to load resource: the server responded with a status of 404 (Not Found) @ http://localhost:3111/_next/static/webpack/882bcfdc2ebfc3a1.webpack.hot-update.json:0
[   38690ms] [LOG] [Fast Refresh] rebuilding @ webpack-internal:///(pages-dir-browser)/./node_modules/next/dist/next-devtools/shared/forward-logs-shared.js:27
[   38703ms] [WARNING] [HMR] Invalid message: {"type":"isrManifest","data":{"/":true}}
TypeError: Cannot read properties of undefined (reading 'components')
    at handleStaticIndicator (webpack-internal:///(pages-dir-browser)/./node_modules/next/dist/client/dev/hot-reloader/pages/hot-reloader-pages.js:177:46)
    at processMessage (webpack-internal:///(pages-dir-browser)/./node_modules/next/dist/client/dev/hot-reloader/pages/hot-reloader-pages.js:191:17)
    at eval (webpack-internal:///(pages-dir-browser)/./node_modules/next/dist/client/dev/hot-reloader/pages/hot-reloader-pages.js:69:13)
    at WebSocket.handleMessage (webpack-internal:///(pages-dir-browser)/./node_modules/next/dist/client/dev/hot-reloader/pages/websocket.js:68:17) @ webpack-internal:///(pages-dir-browser)/./node_modules/next/dist/next-devtools/shared/forward-logs-shared.js:27
[   39128ms] [INFO] %cDownload the React DevTools for a better development experience: https://reactjs.org/link/react-devtools font-weight:bold @ webpack-internal:///(pages-dir-browser)/./node_modules/react-dom/cjs/react-dom.development.js:29834
[   39145ms] ReferenceError: __turbopack_load_page_chunks__ is not defined
    at http://localhost:3111/_next/static/chunks/pages/_app.js:1:1
[   39145ms] ReferenceError: __turbopack_load_page_chunks__ is not defined
    at http://localhost:3111/_next/static/chunks/pages/index.js:1:1
[   39149ms] [LOG] [HMR] connected @ webpack-internal:///(pages-dir-browser)/./node_modules/next/dist/next-devtools/shared/forward-logs-shared.js:27
[   39150ms] [WARNING] [HMR] Invalid message: {"type":"isrManifest","data":{"/":true}}
TypeError: Cannot read properties of undefined (reading 'components')
    at handleStaticIndicator (webpack-internal:///(pages-dir-browser)/./node_modules/next/dist/client/dev/hot-reloader/pages/hot-reloader-pages.js:177:46)
    at processMessage (webpack-internal:///(pages-dir-browser)/./node_modules/next/dist/client/dev/hot-reloader/pages/hot-reloader-pages.js:191:17)
    at eval (webpack-internal:///(pages-dir-browser)/./node_modules/next/dist/client/dev/hot-reloader/pages/hot-reloader-pages.js:69:13)
    at WebSocket.handleMessage (webpack-internal:///(pages-dir-browser)/./node_modules/next/dist/client/dev/hot-reloader/pages/websocket.js:68:17) @ webpack-internal:///(pages-dir-browser)/./node_modules/next/dist/next-devtools/shared/forward-logs-shared.js:27
[   39196ms] [ERROR] Failed to load resource: the server responded with a status of 404 (Not Found) @ http://localhost:3111/_next/static/webpack/882bcfdc2ebfc3a1.webpack.hot-update.json:0
[   39212ms] [LOG] [Fast Refresh] rebuilding @ webpack-internal:///(pages-dir-browser)/./node_modules/next/dist/next-devtools/shared/forward-logs-shared.js:27
[   39225ms] [WARNING] [HMR] Invalid message: {"type":"isrManifest","data":{"/":true}}
TypeError: Cannot read properties of undefined (reading 'components')
    at handleStaticIndicator (webpack-internal:///(pages-dir-browser)/./node_modules/next/dist/client/dev/hot-reloader/pages/hot-reloader-pages.js:177:46)
    at processMessage (webpack-internal:///(pages-dir-browser)/./node_modules/next/dist/client/dev/hot-reloader/pages/hot-reloader-pages.js:191:17)
    at eval (webpack-internal:///(pages-dir-browser)/./node_modules/next/dist/client/dev/hot-reloader/pages/hot-reloader-pages.js:69:13)
    at WebSocket.handleMessage (webpack-internal:///(pages-dir-browser)/./node_modules/next/dist/client/dev/hot-reloader/pages/websocket.js:68:17) @ webpack-internal:///(pages-dir-browser)/./node_modules/next/dist/next-devtools/shared/forward-logs-shared.js:27
[   39657ms] [INFO] %cDownload the React DevTools for a better development experience: https://reactjs.org/link/react-devtools font-weight:bold @ webpack-internal:///(pages-dir-browser)/./node_modules/react-dom/cjs/react-dom.development.js:29834
[   39691ms] ReferenceError: __turbopack_load_page_chunks__ is not defined
    at http://localhost:3111/_next/static/chunks/pages/_app.js:1:1
[   39691ms] ReferenceError: __turbopack_load_page_chunks__ is not defined
    at http://localhost:3111/_next/static/chunks/pages/index.js:1:1
[   39687ms] [LOG] [HMR] connected @ webpack-internal:///(pages-dir-browser)/./node_modules/next/dist/next-devtools/shared/forward-logs-shared.js:27
[   39688ms] [WARNING] [HMR] Invalid message: {"type":"isrManifest","data":{"/":true}}
TypeError: Cannot read properties of undefined (reading 'components')
    at handleStaticIndicator (webpack-internal:///(pages-dir-browser)/./node_modules/next/dist/client/dev/hot-reloader/pages/hot-reloader-pages.js:177:46)
    at processMessage (webpack-internal:///(pages-dir-browser)/./node_modules/next/dist/client/dev/hot-reloader/pages/hot-reloader-pages.js:191:17)
    at eval (webpack-internal:///(pages-dir-browser)/./node_modules/next/dist/client/dev/hot-reloader/pages/hot-reloader-pages.js:69:13)
    at WebSocket.handleMessage (webpack-internal:///(pages-dir-browser)/./node_modules/next/dist/client/dev/hot-reloader/pages/websocket.js:68:17) @ webpack-internal:///(pages-dir-browser)/./node_modules/next/dist/next-devtools/shared/forward-logs-shared.js:27
[   39708ms] [ERROR] Failed to load resource: the server responded with a status of 404 (Not Found) @ http://localhost:3111/_next/static/webpack/882bcfdc2ebfc3a1.webpack.hot-update.json:0
[   39754ms] [LOG] [Fast Refresh] rebuilding @ webpack-internal:///(pages-dir-browser)/./node_modules/next/dist/next-devtools/shared/forward-logs-shared.js:27
[   39756ms] [WARNING] [HMR] Invalid message: {"type":"isrManifest","data":{"/":true}}
TypeError: Cannot read properties of undefined (reading 'components')
    at handleStaticIndicator (webpack-internal:///(pages-dir-browser)/./node_modules/next/dist/client/dev/hot-reloader/pages/hot-reloader-pages.js:177:46)
    at processMessage (webpack-internal:///(pages-dir-browser)/./node_modules/next/dist/client/dev/hot-reloader/pages/hot-reloader-pages.js:191:17)
    at eval (webpack-internal:///(pages-dir-browser)/./node_modules/next/dist/client/dev/hot-reloader/pages/hot-reloader-pages.js:69:13)
    at WebSocket.handleMessage (webpack-internal:///(pages-dir-browser)/./node_modules/next/dist/client/dev/hot-reloader/pages/websocket.js:68:17) @ webpack-internal:///(pages-dir-browser)/./node_modules/next/dist/next-devtools/shared/forward-logs-shared.js:27
[   40212ms] [INFO] %cDownload the React DevTools for a better development experience: https://reactjs.org/link/react-devtools font-weight:bold @ webpack-internal:///(pages-dir-browser)/./node_modules/react-dom/cjs/react-dom.development.js:29834
[   40233ms] ReferenceError: __turbopack_load_page_chunks__ is not defined
    at http://localhost:3111/_next/static/chunks/pages/_app.js:1:1
[   40234ms] ReferenceError: __turbopack_load_page_chunks__ is not defined
    at http://localhost:3111/_next/static/chunks/pages/index.js:1:1
[   40239ms] [LOG] [HMR] connected @ webpack-internal:///(pages-dir-browser)/./node_modules/next/dist/next-devtools/shared/forward-logs-shared.js:27
[   40240ms] [WARNING] [HMR] Invalid message: {"type":"isrManifest","data":{"/":true}}
TypeError: Cannot read properties of undefined (reading 'components')
    at handleStaticIndicator (webpack-internal:///(pages-dir-browser)/./node_modules/next/dist/client/dev/hot-reloader/pages/hot-reloader-pages.js:177:46)
    at processMessage (webpack-internal:///(pages-dir-browser)/./node_modules/next/dist/client/dev/hot-reloader/pages/hot-reloader-pages.js:191:17)
    at eval (webpack-internal:///(pages-dir-browser)/./node_modules/next/dist/client/dev/hot-reloader/pages/hot-reloader-pages.js:69:13)
    at WebSocket.handleMessage (webpack-internal:///(pages-dir-browser)/./node_modules/next/dist/client/dev/hot-reloader/pages/websocket.js:68:17) @ webpack-internal:///(pages-dir-browser)/./node_modules/next/dist/next-devtools/shared/forward-logs-shared.js:27
[   40292ms] [ERROR] Failed to load resource: the server responded with a status of 404 (Not Found) @ http://localhost:3111/_next/static/webpack/882bcfdc2ebfc3a1.webpack.hot-update.json:0
[   40319ms] [LOG] [Fast Refresh] rebuilding @ webpack-internal:///(pages-dir-browser)/./node_modules/next/dist/next-devtools/shared/forward-logs-shared.js:27
[   40338ms] [WARNING] [HMR] Invalid message: {"type":"isrManifest","data":{"/":true}}
TypeError: Cannot read properties of undefined (reading 'components')
    at handleStaticIndicator (webpack-internal:///(pages-dir-browser)/./node_modules/next/dist/client/dev/hot-reloader/pages/hot-reloader-pages.js:177:46)
    at processMessage (webpack-internal:///(pages-dir-browser)/./node_modules/next/dist/client/dev/hot-reloader/pages/hot-reloader-pages.js:191:17)
    at eval (webpack-internal:///(pages-dir-browser)/./node_modules/next/dist/client/dev/hot-reloader/pages/hot-reloader-pages.js:69:13)
    at WebSocket.handleMessage (webpack-internal:///(pages-dir-browser)/./node_modules/next/dist/client/dev/hot-reloader/pages/websocket.js:68:17) @ webpack-internal:///(pages-dir-browser)/./node_modules/next/dist/next-devtools/shared/forward-logs-shared.js:27
[   40780ms] [INFO] %cDownload the React DevTools for a better development experience: https://reactjs.org/link/react-devtools font-weight:bold @ webpack-internal:///(pages-dir-browser)/./node_modules/react-dom/cjs/react-dom.development.js:29834
[   40800ms] ReferenceError: __turbopack_load_page_chunks__ is not defined
    at http://localhost:3111/_next/static/chunks/pages/_app.js:1:1
[   40801ms] ReferenceError: __turbopack_load_page_chunks__ is not defined
    at http://localhost:3111/_next/static/chunks/pages/index.js:1:1
[   40805ms] [LOG] [HMR] connected @ webpack-internal:///(pages-dir-browser)/./node_modules/next/dist/next-devtools/shared/forward-logs-shared.js:27
[   40806ms] [WARNING] [HMR] Invalid message: {"type":"isrManifest","data":{"/":true}}
TypeError: Cannot read properties of undefined (reading 'components')
    at handleStaticIndicator (webpack-internal:///(pages-dir-browser)/./node_modules/next/dist/client/dev/hot-reloader/pages/hot-reloader-pages.js:177:46)
    at processMessage (webpack-internal:///(pages-dir-browser)/./node_modules/next/dist/client/dev/hot-reloader/pages/hot-reloader-pages.js:191:17)
    at eval (webpack-internal:///(pages-dir-browser)/./node_modules/next/dist/client/dev/hot-reloader/pages/hot-reloader-pages.js:69:13)
    at WebSocket.handleMessage (webpack-internal:///(pages-dir-browser)/./node_modules/next/dist/client/dev/hot-reloader/pages/websocket.js:68:17) @ webpack-internal:///(pages-dir-browser)/./node_modules/next/dist/next-devtools/shared/forward-logs-shared.js:27
[   40852ms] [ERROR] Failed to load resource: the server responded with a status of 404 (Not Found) @ http://localhost:3111/_next/static/webpack/882bcfdc2ebfc3a1.webpack.hot-update.json:0
[   40869ms] [LOG] [Fast Refresh] rebuilding @ webpack-internal:///(pages-dir-browser)/./node_modules/next/dist/next-devtools/shared/forward-logs-shared.js:27
[   40881ms] [WARNING] [HMR] Invalid message: {"type":"isrManifest","data":{"/":true}}
TypeError: Cannot read properties of undefined (reading 'components')
    at handleStaticIndicator (webpack-internal:///(pages-dir-browser)/./node_modules/next/dist/client/dev/hot-reloader/pages/hot-reloader-pages.js:177:46)
    at processMessage (webpack-internal:///(pages-dir-browser)/./node_modules/next/dist/client/dev/hot-reloader/pages/hot-reloader-pages.js:191:17)
    at eval (webpack-internal:///(pages-dir-browser)/./node_modules/next/dist/client/dev/hot-reloader/pages/hot-reloader-pages.js:69:13)
    at WebSocket.handleMessage (webpack-internal:///(pages-dir-browser)/./node_modules/next/dist/client/dev/hot-reloader/pages/websocket.js:68:17) @ webpack-internal:///(pages-dir-browser)/./node_modules/next/dist/next-devtools/shared/forward-logs-shared.js:27
[   41298ms] [INFO] %cDownload the React DevTools for a better development experience: https://reactjs.org/link/react-devtools font-weight:bold @ webpack-internal:///(pages-dir-browser)/./node_modules/react-dom/cjs/react-dom.development.js:29834
[   41318ms] ReferenceError: __turbopack_load_page_chunks__ is not defined
    at http://localhost:3111/_next/static/chunks/pages/_app.js:1:1
[   41319ms] ReferenceError: __turbopack_load_page_chunks__ is not defined
    at http://localhost:3111/_next/static/chunks/pages/index.js:1:1
[   41324ms] [LOG] [HMR] connected @ webpack-internal:///(pages-dir-browser)/./node_modules/next/dist/next-devtools/shared/forward-logs-shared.js:27
[   41325ms] [WARNING] [HMR] Invalid message: {"type":"isrManifest","data":{"/":true}}
TypeError: Cannot read properties of undefined (reading 'components')
    at handleStaticIndicator (webpack-internal:///(pages-dir-browser)/./node_modules/next/dist/client/dev/hot-reloader/pages/hot-reloader-pages.js:177:46)
    at processMessage (webpack-internal:///(pages-dir-browser)/./node_modules/next/dist/client/dev/hot-reloader/pages/hot-reloader-pages.js:191:17)
    at eval (webpack-internal:///(pages-dir-browser)/./node_modules/next/dist/client/dev/hot-reloader/pages/hot-reloader-pages.js:69:13)
    at WebSocket.handleMessage (webpack-internal:///(pages-dir-browser)/./node_modules/next/dist/client/dev/hot-reloader/pages/websocket.js:68:17) @ webpack-internal:///(pages-dir-browser)/./node_modules/next/dist/next-devtools/shared/forward-logs-shared.js:27
[   41379ms] [ERROR] Failed to load resource: the server responded with a status of 404 (Not Found) @ http://localhost:3111/_next/static/webpack/882bcfdc2ebfc3a1.webpack.hot-update.json:0
[   41397ms] [LOG] [Fast Refresh] rebuilding @ webpack-internal:///(pages-dir-browser)/./node_modules/next/dist/next-devtools/shared/forward-logs-shared.js:27
[   41409ms] [WARNING] [HMR] Invalid message: {"type":"isrManifest","data":{"/":true}}
TypeError: Cannot read properties of undefined (reading 'components')
    at handleStaticIndicator (webpack-internal:///(pages-dir-browser)/./node_modules/next/dist/client/dev/hot-reloader/pages/hot-reloader-pages.js:177:46)
    at processMessage (webpack-internal:///(pages-dir-browser)/./node_modules/next/dist/client/dev/hot-reloader/pages/hot-reloader-pages.js:191:17)
    at eval (webpack-internal:///(pages-dir-browser)/./node_modules/next/dist/client/dev/hot-reloader/pages/hot-reloader-pages.js:69:13)
    at WebSocket.handleMessage (webpack-internal:///(pages-dir-browser)/./node_modules/next/dist/client/dev/hot-reloader/pages/websocket.js:68:17) @ webpack-internal:///(pages-dir-browser)/./node_modules/next/dist/next-devtools/shared/forward-logs-shared.js:27
[   41879ms] [INFO] %cDownload the React DevTools for a better development experience: https://reactjs.org/link/react-devtools font-weight:bold @ webpack-internal:///(pages-dir-browser)/./node_modules/react-dom/cjs/react-dom.development.js:29834
[   41912ms] ReferenceError: __turbopack_load_page_chunks__ is not defined
    at http://localhost:3111/_next/static/chunks/pages/_app.js:1:1
[   41912ms] ReferenceError: __turbopack_load_page_chunks__ is not defined
    at http://localhost:3111/_next/static/chunks/pages/index.js:1:1
[   41917ms] [LOG] [HMR] connected @ webpack-internal:///(pages-dir-browser)/./node_modules/next/dist/next-devtools/shared/forward-logs-shared.js:27
[   41918ms] [WARNING] [HMR] Invalid message: {"type":"isrManifest","data":{"/":true}}
TypeError: Cannot read properties of undefined (reading 'components')
    at handleStaticIndicator (webpack-internal:///(pages-dir-browser)/./node_modules/next/dist/client/dev/hot-reloader/pages/hot-reloader-pages.js:177:46)
    at processMessage (webpack-internal:///(pages-dir-browser)/./node_modules/next/dist/client/dev/hot-reloader/pages/hot-reloader-pages.js:191:17)
    at eval (webpack-internal:///(pages-dir-browser)/./node_modules/next/dist/client/dev/hot-reloader/pages/hot-reloader-pages.js:69:13)
    at WebSocket.handleMessage (webpack-internal:///(pages-dir-browser)/./node_modules/next/dist/client/dev/hot-reloader/pages/websocket.js:68:17) @ webpack-internal:///(pages-dir-browser)/./node_modules/next/dist/next-devtools/shared/forward-logs-shared.js:27
[   41978ms] [ERROR] Failed to load resource: the server responded with a status of 404 (Not Found) @ http://localhost:3111/_next/static/webpack/882bcfdc2ebfc3a1.webpack.hot-update.json:0
[   42002ms] [LOG] [Fast Refresh] rebuilding @ webpack-internal:///(pages-dir-browser)/./node_modules/next/dist/next-devtools/shared/forward-logs-shared.js:27
[   42016ms] [WARNING] [HMR] Invalid message: {"type":"isrManifest","data":{"/":true}}
TypeError: Cannot read properties of undefined (reading 'components')
    at handleStaticIndicator (webpack-internal:///(pages-dir-browser)/./node_modules/next/dist/client/dev/hot-reloader/pages/hot-reloader-pages.js:177:46)
    at processMessage (webpack-internal:///(pages-dir-browser)/./node_modules/next/dist/client/dev/hot-reloader/pages/hot-reloader-pages.js:191:17)
    at eval (webpack-internal:///(pages-dir-browser)/./node_modules/next/dist/client/dev/hot-reloader/pages/hot-reloader-pages.js:69:13)
    at WebSocket.handleMessage (webpack-internal:///(pages-dir-browser)/./node_modules/next/dist/client/dev/hot-reloader/pages/websocket.js:68:17) @ webpack-internal:///(pages-dir-browser)/./node_modules/next/dist/next-devtools/shared/forward-logs-shared.js:27
[   42485ms] [INFO] %cDownload the React DevTools for a better development experience: https://reactjs.org/link/react-devtools font-weight:bold @ webpack-internal:///(pages-dir-browser)/./node_modules/react-dom/cjs/react-dom.development.js:29834
[   42508ms] ReferenceError: __turbopack_load_page_chunks__ is not defined
    at http://localhost:3111/_next/static/chunks/pages/_app.js:1:1
[   42509ms] ReferenceError: __turbopack_load_page_chunks__ is not defined
    at http://localhost:3111/_next/static/chunks/pages/index.js:1:1
[   42513ms] [LOG] [HMR] connected @ webpack-internal:///(pages-dir-browser)/./node_modules/next/dist/next-devtools/shared/forward-logs-shared.js:27
[   42514ms] [WARNING] [HMR] Invalid message: {"type":"isrManifest","data":{"/":true}}
TypeError: Cannot read properties of undefined (reading 'components')
    at handleStaticIndicator (webpack-internal:///(pages-dir-browser)/./node_modules/next/dist/client/dev/hot-reloader/pages/hot-reloader-pages.js:177:46)
    at processMessage (webpack-internal:///(pages-dir-browser)/./node_modules/next/dist/client/dev/hot-reloader/pages/hot-reloader-pages.js:191:17)
    at eval (webpack-internal:///(pages-dir-browser)/./node_modules/next/dist/client/dev/hot-reloader/pages/hot-reloader-pages.js:69:13)
    at WebSocket.handleMessage (webpack-internal:///(pages-dir-browser)/./node_modules/next/dist/client/dev/hot-reloader/pages/websocket.js:68:17) @ webpack-internal:///(pages-dir-browser)/./node_modules/next/dist/next-devtools/shared/forward-logs-shared.js:27
[   42538ms] [ERROR] Failed to load resource: the server responded with a status of 404 (Not Found) @ http://localhost:3111/_next/static/webpack/882bcfdc2ebfc3a1.webpack.hot-update.json:0
[   42596ms] [LOG] [Fast Refresh] rebuilding @ webpack-internal:///(pages-dir-browser)/./node_modules/next/dist/next-devtools/shared/forward-logs-shared.js:27
[   42597ms] [WARNING] [HMR] Invalid message: {"type":"isrManifest","data":{"/":true}}
TypeError: Cannot read properties of undefined (reading 'components')
    at handleStaticIndicator (webpack-internal:///(pages-dir-browser)/./node_modules/next/dist/client/dev/hot-reloader/pages/hot-reloader-pages.js:177:46)
    at processMessage (webpack-internal:///(pages-dir-browser)/./node_modules/next/dist/client/dev/hot-reloader/pages/hot-reloader-pages.js:191:17)
    at eval (webpack-internal:///(pages-dir-browser)/./node_modules/next/dist/client/dev/hot-reloader/pages/hot-reloader-pages.js:69:13)
    at WebSocket.handleMessage (webpack-internal:///(pages-dir-browser)/./node_modules/next/dist/client/dev/hot-reloader/pages/websocket.js:68:17) @ webpack-internal:///(pages-dir-browser)/./node_modules/next/dist/next-devtools/shared/forward-logs-shared.js:27
[   43070ms] [INFO] %cDownload the React DevTools for a better development experience: https://reactjs.org/link/react-devtools font-weight:bold @ webpack-internal:///(pages-dir-browser)/./node_modules/react-dom/cjs/react-dom.development.js:29834
[   43091ms] ReferenceError: __turbopack_load_page_chunks__ is not defined
    at http://localhost:3111/_next/static/chunks/pages/_app.js:1:1
[   43091ms] ReferenceError: __turbopack_load_page_chunks__ is not defined
    at http://localhost:3111/_next/static/chunks/pages/index.js:1:1
[   43097ms] [LOG] [HMR] connected @ webpack-internal:///(pages-dir-browser)/./node_modules/next/dist/next-devtools/shared/forward-logs-shared.js:27
[   43097ms] [WARNING] [HMR] Invalid message: {"type":"isrManifest","data":{"/":true}}
TypeError: Cannot read properties of undefined (reading 'components')
    at handleStaticIndicator (webpack-internal:///(pages-dir-browser)/./node_modules/next/dist/client/dev/hot-reloader/pages/hot-reloader-pages.js:177:46)
    at processMessage (webpack-internal:///(pages-dir-browser)/./node_modules/next/dist/client/dev/hot-reloader/pages/hot-reloader-pages.js:191:17)
    at eval (webpack-internal:///(pages-dir-browser)/./node_modules/next/dist/client/dev/hot-reloader/pages/hot-reloader-pages.js:69:13)
    at WebSocket.handleMessage (webpack-internal:///(pages-dir-browser)/./node_modules/next/dist/client/dev/hot-reloader/pages/websocket.js:68:17) @ webpack-internal:///(pages-dir-browser)/./node_modules/next/dist/next-devtools/shared/forward-logs-shared.js:27
[   43143ms] [ERROR] Failed to load resource: the server responded with a status of 404 (Not Found) @ http://localhost:3111/_next/static/webpack/882bcfdc2ebfc3a1.webpack.hot-update.json:0
[   43160ms] [LOG] [Fast Refresh] rebuilding @ webpack-internal:///(pages-dir-browser)/./node_modules/next/dist/next-devtools/shared/forward-logs-shared.js:27
[   43172ms] [WARNING] [HMR] Invalid message: {"type":"isrManifest","data":{"/":true}}
TypeError: Cannot read properties of undefined (reading 'components')
    at handleStaticIndicator (webpack-internal:///(pages-dir-browser)/./node_modules/next/dist/client/dev/hot-reloader/pages/hot-reloader-pages.js:177:46)
    at processMessage (webpack-internal:///(pages-dir-browser)/./node_modules/next/dist/client/dev/hot-reloader/pages/hot-reloader-pages.js:191:17)
    at eval (webpack-internal:///(pages-dir-browser)/./node_modules/next/dist/client/dev/hot-reloader/pages/hot-reloader-pages.js:69:13)
    at WebSocket.handleMessage (webpack-internal:///(pages-dir-browser)/./node_modules/next/dist/client/dev/hot-reloader/pages/websocket.js:68:17) @ webpack-internal:///(pages-dir-browser)/./node_modules/next/dist/next-devtools/shared/forward-logs-shared.js:27
[   43606ms] [INFO] %cDownload the React DevTools for a better development experience: https://reactjs.org/link/react-devtools font-weight:bold @ webpack-internal:///(pages-dir-browser)/./node_modules/react-dom/cjs/react-dom.development.js:29834
[   43629ms] ReferenceError: __turbopack_load_page_chunks__ is not defined
    at http://localhost:3111/_next/static/chunks/pages/_app.js:1:1
[   43630ms] ReferenceError: __turbopack_load_page_chunks__ is not defined
    at http://localhost:3111/_next/static/chunks/pages/index.js:1:1
[   43636ms] [LOG] [HMR] connected @ webpack-internal:///(pages-dir-browser)/./node_modules/next/dist/next-devtools/shared/forward-logs-shared.js:27
[   43637ms] [WARNING] [HMR] Invalid message: {"type":"isrManifest","data":{"/":true}}
TypeError: Cannot read properties of undefined (reading 'components')
    at handleStaticIndicator (webpack-internal:///(pages-dir-browser)/./node_modules/next/dist/client/dev/hot-reloader/pages/hot-reloader-pages.js:177:46)
    at processMessage (webpack-internal:///(pages-dir-browser)/./node_modules/next/dist/client/dev/hot-reloader/pages/hot-reloader-pages.js:191:17)
    at eval (webpack-internal:///(pages-dir-browser)/./node_modules/next/dist/client/dev/hot-reloader/pages/hot-reloader-pages.js:69:13)
    at WebSocket.handleMessage (webpack-internal:///(pages-dir-browser)/./node_modules/next/dist/client/dev/hot-reloader/pages/websocket.js:68:17) @ webpack-internal:///(pages-dir-browser)/./node_modules/next/dist/next-devtools/shared/forward-logs-shared.js:27
[   43702ms] [ERROR] Failed to load resource: the server responded with a status of 404 (Not Found) @ http://localhost:3111/_next/static/webpack/882bcfdc2ebfc3a1.webpack.hot-update.json:0
[   43720ms] [LOG] [Fast Refresh] rebuilding @ webpack-internal:///(pages-dir-browser)/./node_modules/next/dist/next-devtools/shared/forward-logs-shared.js:27
[   43732ms] [WARNING] [HMR] Invalid message: {"type":"isrManifest","data":{"/":true}}
TypeError: Cannot read properties of undefined (reading 'components')
    at handleStaticIndicator (webpack-internal:///(pages-dir-browser)/./node_modules/next/dist/client/dev/hot-reloader/pages/hot-reloader-pages.js:177:46)
    at processMessage (webpack-internal:///(pages-dir-browser)/./node_modules/next/dist/client/dev/hot-reloader/pages/hot-reloader-pages.js:191:17)
    at eval (webpack-internal:///(pages-dir-browser)/./node_modules/next/dist/client/dev/hot-reloader/pages/hot-reloader-pages.js:69:13)
    at WebSocket.handleMessage (webpack-internal:///(pages-dir-browser)/./node_modules/next/dist/client/dev/hot-reloader/pages/websocket.js:68:17) @ webpack-internal:///(pages-dir-browser)/./node_modules/next/dist/next-devtools/shared/forward-logs-shared.js:27
[   44134ms] [INFO] %cDownload the React DevTools for a better development experience: https://reactjs.org/link/react-devtools font-weight:bold @ webpack-internal:///(pages-dir-browser)/./node_modules/react-dom/cjs/react-dom.development.js:29834
[   44154ms] ReferenceError: __turbopack_load_page_chunks__ is not defined
    at http://localhost:3111/_next/static/chunks/pages/_app.js:1:1
[   44155ms] ReferenceError: __turbopack_load_page_chunks__ is not defined
    at http://localhost:3111/_next/static/chunks/pages/index.js:1:1
[   44159ms] [LOG] [HMR] connected @ webpack-internal:///(pages-dir-browser)/./node_modules/next/dist/next-devtools/shared/forward-logs-shared.js:27
[   44160ms] [WARNING] [HMR] Invalid message: {"type":"isrManifest","data":{"/":true}}
TypeError: Cannot read properties of undefined (reading 'components')
    at handleStaticIndicator (webpack-internal:///(pages-dir-browser)/./node_modules/next/dist/client/dev/hot-reloader/pages/hot-reloader-pages.js:177:46)
    at processMessage (webpack-internal:///(pages-dir-browser)/./node_modules/next/dist/client/dev/hot-reloader/pages/hot-reloader-pages.js:191:17)
    at eval (webpack-internal:///(pages-dir-browser)/./node_modules/next/dist/client/dev/hot-reloader/pages/hot-reloader-pages.js:69:13)
    at WebSocket.handleMessage (webpack-internal:///(pages-dir-browser)/./node_modules/next/dist/client/dev/hot-reloader/pages/websocket.js:68:17) @ webpack-internal:///(pages-dir-browser)/./node_modules/next/dist/next-devtools/shared/forward-logs-shared.js:27
[   44202ms] [ERROR] Failed to load resource: the server responded with a status of 404 (Not Found) @ http://localhost:3111/_next/static/webpack/882bcfdc2ebfc3a1.webpack.hot-update.json:0
[   44218ms] [LOG] [Fast Refresh] rebuilding @ webpack-internal:///(pages-dir-browser)/./node_modules/next/dist/next-devtools/shared/forward-logs-shared.js:27
[   44230ms] [WARNING] [HMR] Invalid message: {"type":"isrManifest","data":{"/":true}}
TypeError: Cannot read properties of undefined (reading 'components')
    at handleStaticIndicator (webpack-internal:///(pages-dir-browser)/./node_modules/next/dist/client/dev/hot-reloader/pages/hot-reloader-pages.js:177:46)
    at processMessage (webpack-internal:///(pages-dir-browser)/./node_modules/next/dist/client/dev/hot-reloader/pages/hot-reloader-pages.js:191:17)
    at eval (webpack-internal:///(pages-dir-browser)/./node_modules/next/dist/client/dev/hot-reloader/pages/hot-reloader-pages.js:69:13)
    at WebSocket.handleMessage (webpack-internal:///(pages-dir-browser)/./node_modules/next/dist/client/dev/hot-reloader/pages/websocket.js:68:17) @ webpack-internal:///(pages-dir-browser)/./node_modules/next/dist/next-devtools/shared/forward-logs-shared.js:27
[   44666ms] [INFO] %cDownload the React DevTools for a better development experience: https://reactjs.org/link/react-devtools font-weight:bold @ webpack-internal:///(pages-dir-browser)/./node_modules/react-dom/cjs/react-dom.development.js:29834
[   44685ms] ReferenceError: __turbopack_load_page_chunks__ is not defined
    at http://localhost:3111/_next/static/chunks/pages/_app.js:1:1
[   44686ms] ReferenceError: __turbopack_load_page_chunks__ is not defined
    at http://localhost:3111/_next/static/chunks/pages/index.js:1:1
[   44691ms] [LOG] [HMR] connected @ webpack-internal:///(pages-dir-browser)/./node_modules/next/dist/next-devtools/shared/forward-logs-shared.js:27
[   44692ms] [WARNING] [HMR] Invalid message: {"type":"isrManifest","data":{"/":true}}
TypeError: Cannot read properties of undefined (reading 'components')
    at handleStaticIndicator (webpack-internal:///(pages-dir-browser)/./node_modules/next/dist/client/dev/hot-reloader/pages/hot-reloader-pages.js:177:46)
    at processMessage (webpack-internal:///(pages-dir-browser)/./node_modules/next/dist/client/dev/hot-reloader/pages/hot-reloader-pages.js:191:17)
    at eval (webpack-internal:///(pages-dir-browser)/./node_modules/next/dist/client/dev/hot-reloader/pages/hot-reloader-pages.js:69:13)
    at WebSocket.handleMessage (webpack-internal:///(pages-dir-browser)/./node_modules/next/dist/client/dev/hot-reloader/pages/websocket.js:68:17) @ webpack-internal:///(pages-dir-browser)/./node_modules/next/dist/next-devtools/shared/forward-logs-shared.js:27
[   44740ms] [ERROR] Failed to load resource: the server responded with a status of 404 (Not Found) @ http://localhost:3111/_next/static/webpack/882bcfdc2ebfc3a1.webpack.hot-update.json:0
[   44757ms] [LOG] [Fast Refresh] rebuilding @ webpack-internal:///(pages-dir-browser)/./node_modules/next/dist/next-devtools/shared/forward-logs-shared.js:27
[   44770ms] [WARNING] [HMR] Invalid message: {"type":"isrManifest","data":{"/":true}}
TypeError: Cannot read properties of undefined (reading 'components')
    at handleStaticIndicator (webpack-internal:///(pages-dir-browser)/./node_modules/next/dist/client/dev/hot-reloader/pages/hot-reloader-pages.js:177:46)
    at processMessage (webpack-internal:///(pages-dir-browser)/./node_modules/next/dist/client/dev/hot-reloader/pages/hot-reloader-pages.js:191:17)
    at eval (webpack-internal:///(pages-dir-browser)/./node_modules/next/dist/client/dev/hot-reloader/pages/hot-reloader-pages.js:69:13)
    at WebSocket.handleMessage (webpack-internal:///(pages-dir-browser)/./node_modules/next/dist/client/dev/hot-reloader/pages/websocket.js:68:17) @ webpack-internal:///(pages-dir-browser)/./node_modules/next/dist/next-devtools/shared/forward-logs-shared.js:27
[   45191ms] [INFO] %cDownload the React DevTools for a better development experience: https://reactjs.org/link/react-devtools font-weight:bold @ webpack-internal:///(pages-dir-browser)/./node_modules/react-dom/cjs/react-dom.development.js:29834
[   45213ms] ReferenceError: __turbopack_load_page_chunks__ is not defined
    at http://localhost:3111/_next/static/chunks/pages/_app.js:1:1
[   45213ms] ReferenceError: __turbopack_load_page_chunks__ is not defined
    at http://localhost:3111/_next/static/chunks/pages/index.js:1:1
[   45219ms] [LOG] [HMR] connected @ webpack-internal:///(pages-dir-browser)/./node_modules/next/dist/next-devtools/shared/forward-logs-shared.js:27
[   45219ms] [WARNING] [HMR] Invalid message: {"type":"isrManifest","data":{"/":true}}
TypeError: Cannot read properties of undefined (reading 'components')
    at handleStaticIndicator (webpack-internal:///(pages-dir-browser)/./node_modules/next/dist/client/dev/hot-reloader/pages/hot-reloader-pages.js:177:46)
    at processMessage (webpack-internal:///(pages-dir-browser)/./node_modules/next/dist/client/dev/hot-reloader/pages/hot-reloader-pages.js:191:17)
    at eval (webpack-internal:///(pages-dir-browser)/./node_modules/next/dist/client/dev/hot-reloader/pages/hot-reloader-pages.js:69:13)
    at WebSocket.handleMessage (webpack-internal:///(pages-dir-browser)/./node_modules/next/dist/client/dev/hot-reloader/pages/websocket.js:68:17) @ webpack-internal:///(pages-dir-browser)/./node_modules/next/dist/next-devtools/shared/forward-logs-shared.js:27
[   45266ms] [ERROR] Failed to load resource: the server responded with a status of 404 (Not Found) @ http://localhost:3111/_next/static/webpack/882bcfdc2ebfc3a1.webpack.hot-update.json:0
[   45281ms] [LOG] [Fast Refresh] rebuilding @ webpack-internal:///(pages-dir-browser)/./node_modules/next/dist/next-devtools/shared/forward-logs-shared.js:27
[   45291ms] [WARNING] [HMR] Invalid message: {"type":"isrManifest","data":{"/":true}}
TypeError: Cannot read properties of undefined (reading 'components')
    at handleStaticIndicator (webpack-internal:///(pages-dir-browser)/./node_modules/next/dist/client/dev/hot-reloader/pages/hot-reloader-pages.js:177:46)
    at processMessage (webpack-internal:///(pages-dir-browser)/./node_modules/next/dist/client/dev/hot-reloader/pages/hot-reloader-pages.js:191:17)
    at eval (webpack-internal:///(pages-dir-browser)/./node_modules/next/dist/client/dev/hot-reloader/pages/hot-reloader-pages.js:69:13)
    at WebSocket.handleMessage (webpack-internal:///(pages-dir-browser)/./node_modules/next/dist/client/dev/hot-reloader/pages/websocket.js:68:17) @ webpack-internal:///(pages-dir-browser)/./node_modules/next/dist/next-devtools/shared/forward-logs-shared.js:27
[   45700ms] [INFO] %cDownload the React DevTools for a better development experience: https://reactjs.org/link/react-devtools font-weight:bold @ webpack-internal:///(pages-dir-browser)/./node_modules/react-dom/cjs/react-dom.development.js:29834
[   45728ms] ReferenceError: __turbopack_load_page_chunks__ is not defined
    at http://localhost:3111/_next/static/chunks/pages/_app.js:1:1
[   45729ms] ReferenceError: __turbopack_load_page_chunks__ is not defined
    at http://localhost:3111/_next/static/chunks/pages/index.js:1:1
[   45740ms] [LOG] [HMR] connected @ webpack-internal:///(pages-dir-browser)/./node_modules/next/dist/next-devtools/shared/forward-logs-shared.js:27
[   45742ms] [WARNING] [HMR] Invalid message: {"type":"isrManifest","data":{"/":true}}
TypeError: Cannot read properties of undefined (reading 'components')
    at handleStaticIndicator (webpack-internal:///(pages-dir-browser)/./node_modules/next/dist/client/dev/hot-reloader/pages/hot-reloader-pages.js:177:46)
    at processMessage (webpack-internal:///(pages-dir-browser)/./node_modules/next/dist/client/dev/hot-reloader/pages/hot-reloader-pages.js:191:17)
    at eval (webpack-internal:///(pages-dir-browser)/./node_modules/next/dist/client/dev/hot-reloader/pages/hot-reloader-pages.js:69:13)
    at WebSocket.handleMessage (webpack-internal:///(pages-dir-browser)/./node_modules/next/dist/client/dev/hot-reloader/pages/websocket.js:68:17) @ webpack-internal:///(pages-dir-browser)/./node_modules/next/dist/next-devtools/shared/forward-logs-shared.js:27
[   45792ms] [ERROR] Failed to load resource: the server responded with a status of 404 (Not Found) @ http://localhost:3111/_next/static/webpack/882bcfdc2ebfc3a1.webpack.hot-update.json:0
[   45810ms] [LOG] [Fast Refresh] rebuilding @ webpack-internal:///(pages-dir-browser)/./node_modules/next/dist/next-devtools/shared/forward-logs-shared.js:27
[   45819ms] [WARNING] [HMR] Invalid message: {"type":"isrManifest","data":{"/":true}}
TypeError: Cannot read properties of undefined (reading 'components')
    at handleStaticIndicator (webpack-internal:///(pages-dir-browser)/./node_modules/next/dist/client/dev/hot-reloader/pages/hot-reloader-pages.js:177:46)
    at processMessage (webpack-internal:///(pages-dir-browser)/./node_modules/next/dist/client/dev/hot-reloader/pages/hot-reloader-pages.js:191:17)
    at eval (webpack-internal:///(pages-dir-browser)/./node_modules/next/dist/client/dev/hot-reloader/pages/hot-reloader-pages.js:69:13)
    at WebSocket.handleMessage (webpack-internal:///(pages-dir-browser)/./node_modules/next/dist/client/dev/hot-reloader/pages/websocket.js:68:17) @ webpack-internal:///(pages-dir-browser)/./node_modules/next/dist/next-devtools/shared/forward-logs-shared.js:27
[   46225ms] [INFO] %cDownload the React DevTools for a better development experience: https://reactjs.org/link/react-devtools font-weight:bold @ webpack-internal:///(pages-dir-browser)/./node_modules/react-dom/cjs/react-dom.development.js:29834
[   46246ms] ReferenceError: __turbopack_load_page_chunks__ is not defined
    at http://localhost:3111/_next/static/chunks/pages/_app.js:1:1
[   46246ms] ReferenceError: __turbopack_load_page_chunks__ is not defined
    at http://localhost:3111/_next/static/chunks/pages/index.js:1:1
[   46252ms] [LOG] [HMR] connected @ webpack-internal:///(pages-dir-browser)/./node_modules/next/dist/next-devtools/shared/forward-logs-shared.js:27
[   46252ms] [WARNING] [HMR] Invalid message: {"type":"isrManifest","data":{"/":true}}
TypeError: Cannot read properties of undefined (reading 'components')
    at handleStaticIndicator (webpack-internal:///(pages-dir-browser)/./node_modules/next/dist/client/dev/hot-reloader/pages/hot-reloader-pages.js:177:46)
    at processMessage (webpack-internal:///(pages-dir-browser)/./node_modules/next/dist/client/dev/hot-reloader/pages/hot-reloader-pages.js:191:17)
    at eval (webpack-internal:///(pages-dir-browser)/./node_modules/next/dist/client/dev/hot-reloader/pages/hot-reloader-pages.js:69:13)
    at WebSocket.handleMessage (webpack-internal:///(pages-dir-browser)/./node_modules/next/dist/client/dev/hot-reloader/pages/websocket.js:68:17) @ webpack-internal:///(pages-dir-browser)/./node_modules/next/dist/next-devtools/shared/forward-logs-shared.js:27
[   46300ms] [ERROR] Failed to load resource: the server responded with a status of 404 (Not Found) @ http://localhost:3111/_next/static/webpack/882bcfdc2ebfc3a1.webpack.hot-update.json:0
[   46313ms] [LOG] [Fast Refresh] rebuilding @ webpack-internal:///(pages-dir-browser)/./node_modules/next/dist/next-devtools/shared/forward-logs-shared.js:27
[   46324ms] [WARNING] [HMR] Invalid message: {"type":"isrManifest","data":{"/":true}}
TypeError: Cannot read properties of undefined (reading 'components')
    at handleStaticIndicator (webpack-internal:///(pages-dir-browser)/./node_modules/next/dist/client/dev/hot-reloader/pages/hot-reloader-pages.js:177:46)
    at processMessage (webpack-internal:///(pages-dir-browser)/./node_modules/next/dist/client/dev/hot-reloader/pages/hot-reloader-pages.js:191:17)
    at eval (webpack-internal:///(pages-dir-browser)/./node_modules/next/dist/client/dev/hot-reloader/pages/hot-reloader-pages.js:69:13)
    at WebSocket.handleMessage (webpack-internal:///(pages-dir-browser)/./node_modules/next/dist/client/dev/hot-reloader/pages/websocket.js:68:17) @ webpack-internal:///(pages-dir-browser)/./node_modules/next/dist/next-devtools/shared/forward-logs-shared.js:27
[   46728ms] [INFO] %cDownload the React DevTools for a better development experience: https://reactjs.org/link/react-devtools font-weight:bold @ webpack-internal:///(pages-dir-browser)/./node_modules/react-dom/cjs/react-dom.development.js:29834
[   46746ms] ReferenceError: __turbopack_load_page_chunks__ is not defined
    at http://localhost:3111/_next/static/chunks/pages/_app.js:1:1
[   46747ms] ReferenceError: __turbopack_load_page_chunks__ is not defined
    at http://localhost:3111/_next/static/chunks/pages/index.js:1:1
[   46754ms] [LOG] [HMR] connected @ webpack-internal:///(pages-dir-browser)/./node_modules/next/dist/next-devtools/shared/forward-logs-shared.js:27
[   46754ms] [WARNING] [HMR] Invalid message: {"type":"isrManifest","data":{"/":true}}
TypeError: Cannot read properties of undefined (reading 'components')
    at handleStaticIndicator (webpack-internal:///(pages-dir-browser)/./node_modules/next/dist/client/dev/hot-reloader/pages/hot-reloader-pages.js:177:46)
    at processMessage (webpack-internal:///(pages-dir-browser)/./node_modules/next/dist/client/dev/hot-reloader/pages/hot-reloader-pages.js:191:17)
    at eval (webpack-internal:///(pages-dir-browser)/./node_modules/next/dist/client/dev/hot-reloader/pages/hot-reloader-pages.js:69:13)
    at WebSocket.handleMessage (webpack-internal:///(pages-dir-browser)/./node_modules/next/dist/client/dev/hot-reloader/pages/websocket.js:68:17) @ webpack-internal:///(pages-dir-browser)/./node_modules/next/dist/next-devtools/shared/forward-logs-shared.js:27
[   46799ms] [ERROR] Failed to load resource: the server responded with a status of 404 (Not Found) @ http://localhost:3111/_next/static/webpack/882bcfdc2ebfc3a1.webpack.hot-update.json:0
[   46815ms] [LOG] [Fast Refresh] rebuilding @ webpack-internal:///(pages-dir-browser)/./node_modules/next/dist/next-devtools/shared/forward-logs-shared.js:27
[   46826ms] [WARNING] [HMR] Invalid message: {"type":"isrManifest","data":{"/":true}}
TypeError: Cannot read properties of undefined (reading 'components')
    at handleStaticIndicator (webpack-internal:///(pages-dir-browser)/./node_modules/next/dist/client/dev/hot-reloader/pages/hot-reloader-pages.js:177:46)
    at processMessage (webpack-internal:///(pages-dir-browser)/./node_modules/next/dist/client/dev/hot-reloader/pages/hot-reloader-pages.js:191:17)
    at eval (webpack-internal:///(pages-dir-browser)/./node_modules/next/dist/client/dev/hot-reloader/pages/hot-reloader-pages.js:69:13)
    at WebSocket.handleMessage (webpack-internal:///(pages-dir-browser)/./node_modules/next/dist/client/dev/hot-reloader/pages/websocket.js:68:17) @ webpack-internal:///(pages-dir-browser)/./node_modules/next/dist/next-devtools/shared/forward-logs-shared.js:27
[   47237ms] [INFO] %cDownload the React DevTools for a better development experience: https://reactjs.org/link/react-devtools font-weight:bold @ webpack-internal:///(pages-dir-browser)/./node_modules/react-dom/cjs/react-dom.development.js:29834
[   47256ms] ReferenceError: __turbopack_load_page_chunks__ is not defined
    at http://localhost:3111/_next/static/chunks/pages/_app.js:1:1
[   47257ms] ReferenceError: __turbopack_load_page_chunks__ is not defined
    at http://localhost:3111/_next/static/chunks/pages/index.js:1:1
[   47260ms] [LOG] [HMR] connected @ webpack-internal:///(pages-dir-browser)/./node_modules/next/dist/next-devtools/shared/forward-logs-shared.js:27
[   47261ms] [WARNING] [HMR] Invalid message: {"type":"isrManifest","data":{"/":true}}
TypeError: Cannot read properties of undefined (reading 'components')
    at handleStaticIndicator (webpack-internal:///(pages-dir-browser)/./node_modules/next/dist/client/dev/hot-reloader/pages/hot-reloader-pages.js:177:46)
    at processMessage (webpack-internal:///(pages-dir-browser)/./node_modules/next/dist/client/dev/hot-reloader/pages/hot-reloader-pages.js:191:17)
    at eval (webpack-internal:///(pages-dir-browser)/./node_modules/next/dist/client/dev/hot-reloader/pages/hot-reloader-pages.js:69:13)
    at WebSocket.handleMessage (webpack-internal:///(pages-dir-browser)/./node_modules/next/dist/client/dev/hot-reloader/pages/websocket.js:68:17) @ webpack-internal:///(pages-dir-browser)/./node_modules/next/dist/next-devtools/shared/forward-logs-shared.js:27
[   47311ms] [ERROR] Failed to load resource: the server responded with a status of 404 (Not Found) @ http://localhost:3111/_next/static/webpack/882bcfdc2ebfc3a1.webpack.hot-update.json:0
[   47327ms] [LOG] [Fast Refresh] rebuilding @ webpack-internal:///(pages-dir-browser)/./node_modules/next/dist/next-devtools/shared/forward-logs-shared.js:27
[   47341ms] [WARNING] [HMR] Invalid message: {"type":"isrManifest","data":{"/":true}}
TypeError: Cannot read properties of undefined (reading 'components')
    at handleStaticIndicator (webpack-internal:///(pages-dir-browser)/./node_modules/next/dist/client/dev/hot-reloader/pages/hot-reloader-pages.js:177:46)
    at processMessage (webpack-internal:///(pages-dir-browser)/./node_modules/next/dist/client/dev/hot-reloader/pages/hot-reloader-pages.js:191:17)
    at eval (webpack-internal:///(pages-dir-browser)/./node_modules/next/dist/client/dev/hot-reloader/pages/hot-reloader-pages.js:69:13)
    at WebSocket.handleMessage (webpack-internal:///(pages-dir-browser)/./node_modules/next/dist/client/dev/hot-reloader/pages/websocket.js:68:17) @ webpack-internal:///(pages-dir-browser)/./node_modules/next/dist/next-devtools/shared/forward-logs-shared.js:27
[   47760ms] [INFO] %cDownload the React DevTools for a better development experience: https://reactjs.org/link/react-devtools font-weight:bold @ webpack-internal:///(pages-dir-browser)/./node_modules/react-dom/cjs/react-dom.development.js:29834
[   47779ms] ReferenceError: __turbopack_load_page_chunks__ is not defined
    at http://localhost:3111/_next/static/chunks/pages/_app.js:1:1
[   47781ms] ReferenceError: __turbopack_load_page_chunks__ is not defined
    at http://localhost:3111/_next/static/chunks/pages/index.js:1:1
[   47786ms] [LOG] [HMR] connected @ webpack-internal:///(pages-dir-browser)/./node_modules/next/dist/next-devtools/shared/forward-logs-shared.js:27
[   47786ms] [WARNING] [HMR] Invalid message: {"type":"isrManifest","data":{"/":true}}
TypeError: Cannot read properties of undefined (reading 'components')
    at handleStaticIndicator (webpack-internal:///(pages-dir-browser)/./node_modules/next/dist/client/dev/hot-reloader/pages/hot-reloader-pages.js:177:46)
    at processMessage (webpack-internal:///(pages-dir-browser)/./node_modules/next/dist/client/dev/hot-reloader/pages/hot-reloader-pages.js:191:17)
    at eval (webpack-internal:///(pages-dir-browser)/./node_modules/next/dist/client/dev/hot-reloader/pages/hot-reloader-pages.js:69:13)
    at WebSocket.handleMessage (webpack-internal:///(pages-dir-browser)/./node_modules/next/dist/client/dev/hot-reloader/pages/websocket.js:68:17) @ webpack-internal:///(pages-dir-browser)/./node_modules/next/dist/next-devtools/shared/forward-logs-shared.js:27
[   47834ms] [ERROR] Failed to load resource: the server responded with a status of 404 (Not Found) @ http://localhost:3111/_next/static/webpack/882bcfdc2ebfc3a1.webpack.hot-update.json:0
[   47851ms] [LOG] [Fast Refresh] rebuilding @ webpack-internal:///(pages-dir-browser)/./node_modules/next/dist/next-devtools/shared/forward-logs-shared.js:27
[   47861ms] [WARNING] [HMR] Invalid message: {"type":"isrManifest","data":{"/":true}}
TypeError: Cannot read properties of undefined (reading 'components')
    at handleStaticIndicator (webpack-internal:///(pages-dir-browser)/./node_modules/next/dist/client/dev/hot-reloader/pages/hot-reloader-pages.js:177:46)
    at processMessage (webpack-internal:///(pages-dir-browser)/./node_modules/next/dist/client/dev/hot-reloader/pages/hot-reloader-pages.js:191:17)
    at eval (webpack-internal:///(pages-dir-browser)/./node_modules/next/dist/client/dev/hot-reloader/pages/hot-reloader-pages.js:69:13)
    at WebSocket.handleMessage (webpack-internal:///(pages-dir-browser)/./node_modules/next/dist/client/dev/hot-reloader/pages/websocket.js:68:17) @ webpack-internal:///(pages-dir-browser)/./node_modules/next/dist/next-devtools/shared/forward-logs-shared.js:27
[   48260ms] [INFO] %cDownload the React DevTools for a better development experience: https://reactjs.org/link/react-devtools font-weight:bold @ webpack-internal:///(pages-dir-browser)/./node_modules/react-dom/cjs/react-dom.development.js:29834
[   48280ms] ReferenceError: __turbopack_load_page_chunks__ is not defined
    at http://localhost:3111/_next/static/chunks/pages/_app.js:1:1
[   48281ms] ReferenceError: __turbopack_load_page_chunks__ is not defined
    at http://localhost:3111/_next/static/chunks/pages/index.js:1:1
[   48285ms] [LOG] [HMR] connected @ webpack-internal:///(pages-dir-browser)/./node_modules/next/dist/next-devtools/shared/forward-logs-shared.js:27
[   48286ms] [WARNING] [HMR] Invalid message: {"type":"isrManifest","data":{"/":true}}
TypeError: Cannot read properties of undefined (reading 'components')
    at handleStaticIndicator (webpack-internal:///(pages-dir-browser)/./node_modules/next/dist/client/dev/hot-reloader/pages/hot-reloader-pages.js:177:46)
    at processMessage (webpack-internal:///(pages-dir-browser)/./node_modules/next/dist/client/dev/hot-reloader/pages/hot-reloader-pages.js:191:17)
    at eval (webpack-internal:///(pages-dir-browser)/./node_modules/next/dist/client/dev/hot-reloader/pages/hot-reloader-pages.js:69:13)
    at WebSocket.handleMessage (webpack-internal:///(pages-dir-browser)/./node_modules/next/dist/client/dev/hot-reloader/pages/websocket.js:68:17) @ webpack-internal:///(pages-dir-browser)/./node_modules/next/dist/next-devtools/shared/forward-logs-shared.js:27
[   48333ms] [ERROR] Failed to load resource: the server responded with a status of 404 (Not Found) @ http://localhost:3111/_next/static/webpack/882bcfdc2ebfc3a1.webpack.hot-update.json:0
[   48348ms] [LOG] [Fast Refresh] rebuilding @ webpack-internal:///(pages-dir-browser)/./node_modules/next/dist/next-devtools/shared/forward-logs-shared.js:27
[   48359ms] [WARNING] [HMR] Invalid message: {"type":"isrManifest","data":{"/":true}}
TypeError: Cannot read properties of undefined (reading 'components')
    at handleStaticIndicator (webpack-internal:///(pages-dir-browser)/./node_modules/next/dist/client/dev/hot-reloader/pages/hot-reloader-pages.js:177:46)
    at processMessage (webpack-internal:///(pages-dir-browser)/./node_modules/next/dist/client/dev/hot-reloader/pages/hot-reloader-pages.js:191:17)
    at eval (webpack-internal:///(pages-dir-browser)/./node_modules/next/dist/client/dev/hot-reloader/pages/hot-reloader-pages.js:69:13)
    at WebSocket.handleMessage (webpack-internal:///(pages-dir-browser)/./node_modules/next/dist/client/dev/hot-reloader/pages/websocket.js:68:17) @ webpack-internal:///(pages-dir-browser)/./node_modules/next/dist/next-devtools/shared/forward-logs-shared.js:27
[   48782ms] [INFO] %cDownload the React DevTools for a better development experience: https://reactjs.org/link/react-devtools font-weight:bold @ webpack-internal:///(pages-dir-browser)/./node_modules/react-dom/cjs/react-dom.development.js:29834
[   48805ms] ReferenceError: __turbopack_load_page_chunks__ is not defined
    at http://localhost:3111/_next/static/chunks/pages/_app.js:1:1
[   48805ms] ReferenceError: __turbopack_load_page_chunks__ is not defined
    at http://localhost:3111/_next/static/chunks/pages/index.js:1:1
[   48809ms] [LOG] [HMR] connected @ webpack-internal:///(pages-dir-browser)/./node_modules/next/dist/next-devtools/shared/forward-logs-shared.js:27
[   48810ms] [WARNING] [HMR] Invalid message: {"type":"isrManifest","data":{"/":true}}
TypeError: Cannot read properties of undefined (reading 'components')
    at handleStaticIndicator (webpack-internal:///(pages-dir-browser)/./node_modules/next/dist/client/dev/hot-reloader/pages/hot-reloader-pages.js:177:46)
    at processMessage (webpack-internal:///(pages-dir-browser)/./node_modules/next/dist/client/dev/hot-reloader/pages/hot-reloader-pages.js:191:17)
    at eval (webpack-internal:///(pages-dir-browser)/./node_modules/next/dist/client/dev/hot-reloader/pages/hot-reloader-pages.js:69:13)
    at WebSocket.handleMessage (webpack-internal:///(pages-dir-browser)/./node_modules/next/dist/client/dev/hot-reloader/pages/websocket.js:68:17) @ webpack-internal:///(pages-dir-browser)/./node_modules/next/dist/next-devtools/shared/forward-logs-shared.js:27
[   48856ms] [ERROR] Failed to load resource: the server responded with a status of 404 (Not Found) @ http://localhost:3111/_next/static/webpack/882bcfdc2ebfc3a1.webpack.hot-update.json:0
[   48876ms] [LOG] [Fast Refresh] rebuilding @ webpack-internal:///(pages-dir-browser)/./node_modules/next/dist/next-devtools/shared/forward-logs-shared.js:27
[   48892ms] [WARNING] [HMR] Invalid message: {"type":"isrManifest","data":{"/":true}}
TypeError: Cannot read properties of undefined (reading 'components')
    at handleStaticIndicator (webpack-internal:///(pages-dir-browser)/./node_modules/next/dist/client/dev/hot-reloader/pages/hot-reloader-pages.js:177:46)
    at processMessage (webpack-internal:///(pages-dir-browser)/./node_modules/next/dist/client/dev/hot-reloader/pages/hot-reloader-pages.js:191:17)
    at eval (webpack-internal:///(pages-dir-browser)/./node_modules/next/dist/client/dev/hot-reloader/pages/hot-reloader-pages.js:69:13)
    at WebSocket.handleMessage (webpack-internal:///(pages-dir-browser)/./node_modules/next/dist/client/dev/hot-reloader/pages/websocket.js:68:17) @ webpack-internal:///(pages-dir-browser)/./node_modules/next/dist/next-devtools/shared/forward-logs-shared.js:27
[   49388ms] [INFO] %cDownload the React DevTools for a better development experience: https://reactjs.org/link/react-devtools font-weight:bold @ webpack-internal:///(pages-dir-browser)/./node_modules/react-dom/cjs/react-dom.development.js:29834
[   49423ms] ReferenceError: __turbopack_load_page_chunks__ is not defined
    at http://localhost:3111/_next/static/chunks/pages/_app.js:1:1
[   49424ms] ReferenceError: __turbopack_load_page_chunks__ is not defined
    at http://localhost:3111/_next/static/chunks/pages/index.js:1:1
[   49442ms] [LOG] [HMR] connected @ webpack-internal:///(pages-dir-browser)/./node_modules/next/dist/next-devtools/shared/forward-logs-shared.js:27
[   49443ms] [WARNING] [HMR] Invalid message: {"type":"isrManifest","data":{"/":true}}
TypeError: Cannot read properties of undefined (reading 'components')
    at handleStaticIndicator (webpack-internal:///(pages-dir-browser)/./node_modules/next/dist/client/dev/hot-reloader/pages/hot-reloader-pages.js:177:46)
    at processMessage (webpack-internal:///(pages-dir-browser)/./node_modules/next/dist/client/dev/hot-reloader/pages/hot-reloader-pages.js:191:17)
    at eval (webpack-internal:///(pages-dir-browser)/./node_modules/next/dist/client/dev/hot-reloader/pages/hot-reloader-pages.js:69:13)
    at WebSocket.handleMessage (webpack-internal:///(pages-dir-browser)/./node_modules/next/dist/client/dev/hot-reloader/pages/websocket.js:68:17) @ webpack-internal:///(pages-dir-browser)/./node_modules/next/dist/next-devtools/shared/forward-logs-shared.js:27
[   49498ms] [ERROR] Failed to load resource: the server responded with a status of 404 (Not Found) @ http://localhost:3111/_next/static/webpack/882bcfdc2ebfc3a1.webpack.hot-update.json:0
[   49518ms] [LOG] [Fast Refresh] rebuilding @ webpack-internal:///(pages-dir-browser)/./node_modules/next/dist/next-devtools/shared/forward-logs-shared.js:27
[   49772ms] [LOG] [Fast Refresh] rebuilding @ webpack-internal:///(pages-dir-browser)/./node_modules/next/dist/next-devtools/shared/forward-logs-shared.js:27
[   49798ms] [ERROR] Failed to load resource: the server responded with a status of 404 (Not Found) @ http://localhost:3111/_next/static/webpack/882bcfdc2ebfc3a1.webpack.hot-update.json:0
[   49818ms] [LOG] [Fast Refresh] rebuilding @ webpack-internal:///(pages-dir-browser)/./node_modules/next/dist/next-devtools/shared/forward-logs-shared.js:27
[   49841ms] [ERROR] Failed to load resource: the server responded with a status of 404 (Not Found) @ http://localhost:3111/_next/static/webpack/882bcfdc2ebfc3a1.webpack.hot-update.json:0
[   50894ms] [ERROR] Failed to load resource: the server responded with a status of 500 (Internal Server Error) @ http://localhost:3111/:0
