[     822ms] [INFO] %cDownload the React DevTools for a better development experience: https://reactjs.org/link/react-devtools font-weight:bold @ http://localhost:3111/_next/static/chunks/node_modules_react-dom_cjs_react-dom_development_2b5e0eb3.js:25013
[    1043ms] [LOG] [HMR] connected @ http://localhost:3111/_next/static/chunks/node_modules_next_dist_e1110441._.js:2801
[    1367ms] [LOG] [Fast Refresh] rebuilding @ http://localhost:3111/_next/static/chunks/node_modules_next_dist_e1110441._.js:2801
[    1732ms] [INFO] %cDownload the React DevTools for a better development experience: https://reactjs.org/link/react-devtools font-weight:bold @ http://localhost:3111/_next/static/chunks/node_modules_react-dom_cjs_react-dom_development_2b5e0eb3.js:25013
[    1768ms] [LOG] [HMR] connected @ http://localhost:3111/_next/static/chunks/node_modules_next_dist_e1110441._.js:2801
[    1770ms] [WARNING] [HMR] Invalid message: {"type":"isrManifest","data":{"/":true}}
TypeError: Cannot read properties of undefined (reading 'components')
    at handleStaticIndicator (http://localhost:3111/_next/static/chunks/node_modules_next_dist_client_49292203._.js:2715:46)
    at processMessage (http://localhost:3111/_next/static/chunks/node_modules_next_dist_client_49292203._.js:2729:17)
    at http://localhost:3111/_next/static/chunks/node_modules_next_dist_client_49292203._.js:2603:13
    at WebSocket.handleMessage (http://localhost:3111/_next/static/chunks/node_modules_next_dist_client_49292203._.js:2248:17) @ http://localhost:3111/_next/static/chunks/node_modules_next_dist_e1110441._.js:2801
[    2100ms] [INFO] %cDownload the React DevTools for a better development experience: https://reactjs.org/link/react-devtools font-weight:bold @ http://localhost:3111/_next/static/chunks/node_modules_react-dom_cjs_react-dom_development_2b5e0eb3.js:25013
[    2132ms] [LOG] [HMR] connected @ http://localhost:3111/_next/static/chunks/node_modules_next_dist_e1110441._.js:2801
[    2135ms] [WARNING] [HMR] Invalid message: {"type":"isrManifest","data":{"/":true}}
TypeError: Cannot read properties of undefined (reading 'components')
    at handleStaticIndicator (http://localhost:3111/_next/static/chunks/node_modules_next_dist_client_49292203._.js:2715:46)
    at processMessage (http://localhost:3111/_next/static/chunks/node_modules_next_dist_client_49292203._.js:2729:17)
    at http://localhost:3111/_next/static/chunks/node_modules_next_dist_client_49292203._.js:2603:13
    at WebSocket.handleMessage (http://localhost:3111/_next/static/chunks/node_modules_next_dist_client_49292203._.js:2248:17) @ http://localhost:3111/_next/static/chunks/node_modules_next_dist_e1110441._.js:2801
[    2421ms] [INFO] %cDownload the React DevTools for a better development experience: https://reactjs.org/link/react-devtools font-weight:bold @ http://localhost:3111/_next/static/chunks/node_modules_react-dom_cjs_react-dom_development_2b5e0eb3.js:25013
[    2455ms] [LOG] [HMR] connected @ http://localhost:3111/_next/static/chunks/node_modules_next_dist_e1110441._.js:2801
[    2456ms] [WARNING] [HMR] Invalid message: {"type":"isrManifest","data":{"/":true}}
TypeError: Cannot read properties of undefined (reading 'components')
    at handleStaticIndicator (http://localhost:3111/_next/static/chunks/node_modules_next_dist_client_49292203._.js:2715:46)
    at processMessage (http://localhost:3111/_next/static/chunks/node_modules_next_dist_client_49292203._.js:2729:17)
    at http://localhost:3111/_next/static/chunks/node_modules_next_dist_client_49292203._.js:2603:13
    at WebSocket.handleMessage (http://localhost:3111/_next/static/chunks/node_modules_next_dist_client_49292203._.js:2248:17) @ http://localhost:3111/_next/static/chunks/node_modules_next_dist_e1110441._.js:2801
[    2735ms] [INFO] %cDownload the React DevTools for a better development experience: https://reactjs.org/link/react-devtools font-weight:bold @ http://localhost:3111/_next/static/chunks/node_modules_react-dom_cjs_react-dom_development_2b5e0eb3.js:25013
[    2762ms] [LOG] [HMR] connected @ http://localhost:3111/_next/static/chunks/node_modules_next_dist_e1110441._.js:2801
[    2763ms] [WARNING] [HMR] Invalid message: {"type":"isrManifest","data":{"/":true}}
TypeError: Cannot read properties of undefined (reading 'components')
    at handleStaticIndicator (http://localhost:3111/_next/static/chunks/node_modules_next_dist_client_49292203._.js:2715:46)
    at processMessage (http://localhost:3111/_next/static/chunks/node_modules_next_dist_client_49292203._.js:2729:17)
    at http://localhost:3111/_next/static/chunks/node_modules_next_dist_client_49292203._.js:2603:13
    at WebSocket.handleMessage (http://localhost:3111/_next/static/chunks/node_modules_next_dist_client_49292203._.js:2248:17) @ http://localhost:3111/_next/static/chunks/node_modules_next_dist_e1110441._.js:2801
[    3008ms] [INFO] %cDownload the React DevTools for a better development experience: https://reactjs.org/link/react-devtools font-weight:bold @ http://localhost:3111/_next/static/chunks/node_modules_react-dom_cjs_react-dom_development_2b5e0eb3.js:25013
[    3038ms] [LOG] [HMR] connected @ http://localhost:3111/_next/static/chunks/node_modules_next_dist_e1110441._.js:2801
[    3039ms] [WARNING] [HMR] Invalid message: {"type":"isrManifest","data":{"/":true}}
TypeError: Cannot read properties of undefined (reading 'components')
    at handleStaticIndicator (http://localhost:3111/_next/static/chunks/node_modules_next_dist_client_49292203._.js:2715:46)
    at processMessage (http://localhost:3111/_next/static/chunks/node_modules_next_dist_client_49292203._.js:2729:17)
    at http://localhost:3111/_next/static/chunks/node_modules_next_dist_client_49292203._.js:2603:13
    at WebSocket.handleMessage (http://localhost:3111/_next/static/chunks/node_modules_next_dist_client_49292203._.js:2248:17) @ http://localhost:3111/_next/static/chunks/node_modules_next_dist_e1110441._.js:2801
[    3328ms] [INFO] %cDownload the React DevTools for a better development experience: https://reactjs.org/link/react-devtools font-weight:bold @ http://localhost:3111/_next/static/chunks/node_modules_react-dom_cjs_react-dom_development_2b5e0eb3.js:25013
[    3363ms] [LOG] [HMR] connected @ http://localhost:3111/_next/static/chunks/node_modules_next_dist_e1110441._.js:2801
[    3363ms] [WARNING] [HMR] Invalid message: {"type":"isrManifest","data":{"/":true}}
TypeError: Cannot read properties of undefined (reading 'components')
    at handleStaticIndicator (http://localhost:3111/_next/static/chunks/node_modules_next_dist_client_49292203._.js:2715:46)
    at processMessage (http://localhost:3111/_next/static/chunks/node_modules_next_dist_client_49292203._.js:2729:17)
    at http://localhost:3111/_next/static/chunks/node_modules_next_dist_client_49292203._.js:2603:13
    at WebSocket.handleMessage (http://localhost:3111/_next/static/chunks/node_modules_next_dist_client_49292203._.js:2248:17) @ http://localhost:3111/_next/static/chunks/node_modules_next_dist_e1110441._.js:2801
[    3649ms] [INFO] %cDownload the React DevTools for a better development experience: https://reactjs.org/link/react-devtools font-weight:bold @ http://localhost:3111/_next/static/chunks/node_modules_react-dom_cjs_react-dom_development_2b5e0eb3.js:25013
[    3674ms] [LOG] [HMR] connected @ http://localhost:3111/_next/static/chunks/node_modules_next_dist_e1110441._.js:2801
[    3677ms] [WARNING] [HMR] Invalid message: {"type":"isrManifest","data":{"/":true}}
TypeError: Cannot read properties of undefined (reading 'components')
    at handleStaticIndicator (http://localhost:3111/_next/static/chunks/node_modules_next_dist_client_49292203._.js:2715:46)
    at processMessage (http://localhost:3111/_next/static/chunks/node_modules_next_dist_client_49292203._.js:2729:17)
    at http://localhost:3111/_next/static/chunks/node_modules_next_dist_client_49292203._.js:2603:13
    at WebSocket.handleMessage (http://localhost:3111/_next/static/chunks/node_modules_next_dist_client_49292203._.js:2248:17) @ http://localhost:3111/_next/static/chunks/node_modules_next_dist_e1110441._.js:2801
[    3945ms] [INFO] %cDownload the React DevTools for a better development experience: https://reactjs.org/link/react-devtools font-weight:bold @ http://localhost:3111/_next/static/chunks/node_modules_react-dom_cjs_react-dom_development_2b5e0eb3.js:25013
[    3976ms] [LOG] [HMR] connected @ http://localhost:3111/_next/static/chunks/node_modules_next_dist_e1110441._.js:2801
[    3977ms] [WARNING] [HMR] Invalid message: {"type":"isrManifest","data":{"/":true}}
TypeError: Cannot read properties of undefined (reading 'components')
    at handleStaticIndicator (http://localhost:3111/_next/static/chunks/node_modules_next_dist_client_49292203._.js:2715:46)
    at processMessage (http://localhost:3111/_next/static/chunks/node_modules_next_dist_client_49292203._.js:2729:17)
    at http://localhost:3111/_next/static/chunks/node_modules_next_dist_client_49292203._.js:2603:13
    at WebSocket.handleMessage (http://localhost:3111/_next/static/chunks/node_modules_next_dist_client_49292203._.js:2248:17) @ http://localhost:3111/_next/static/chunks/node_modules_next_dist_e1110441._.js:2801
[    4221ms] [INFO] %cDownload the React DevTools for a better development experience: https://reactjs.org/link/react-devtools font-weight:bold @ http://localhost:3111/_next/static/chunks/node_modules_react-dom_cjs_react-dom_development_2b5e0eb3.js:25013
[    4253ms] [LOG] [HMR] connected @ http://localhost:3111/_next/static/chunks/node_modules_next_dist_e1110441._.js:2801
[    4254ms] [WARNING] [HMR] Invalid message: {"type":"isrManifest","data":{"/":true}}
TypeError: Cannot read properties of undefined (reading 'components')
    at handleStaticIndicator (http://localhost:3111/_next/static/chunks/node_modules_next_dist_client_49292203._.js:2715:46)
    at processMessage (http://localhost:3111/_next/static/chunks/node_modules_next_dist_client_49292203._.js:2729:17)
    at http://localhost:3111/_next/static/chunks/node_modules_next_dist_client_49292203._.js:2603:13
    at WebSocket.handleMessage (http://localhost:3111/_next/static/chunks/node_modules_next_dist_client_49292203._.js:2248:17) @ http://localhost:3111/_next/static/chunks/node_modules_next_dist_e1110441._.js:2801
[    4512ms] [INFO] %cDownload the React DevTools for a better development experience: https://reactjs.org/link/react-devtools font-weight:bold @ http://localhost:3111/_next/static/chunks/node_modules_react-dom_cjs_react-dom_development_2b5e0eb3.js:25013
[    4565ms] [LOG] [HMR] connected @ http://localhost:3111/_next/static/chunks/node_modules_next_dist_e1110441._.js:2801
[    4566ms] [WARNING] [HMR] Invalid message: {"type":"isrManifest","data":{"/":true}}
TypeError: Cannot read properties of undefined (reading 'components')
    at handleStaticIndicator (http://localhost:3111/_next/static/chunks/node_modules_next_dist_client_49292203._.js:2715:46)
    at processMessage (http://localhost:3111/_next/static/chunks/node_modules_next_dist_client_49292203._.js:2729:17)
    at http://localhost:3111/_next/static/chunks/node_modules_next_dist_client_49292203._.js:2603:13
    at WebSocket.handleMessage (http://localhost:3111/_next/static/chunks/node_modules_next_dist_client_49292203._.js:2248:17) @ http://localhost:3111/_next/static/chunks/node_modules_next_dist_e1110441._.js:2801
[    4795ms] [INFO] %cDownload the React DevTools for a better development experience: https://reactjs.org/link/react-devtools font-weight:bold @ http://localhost:3111/_next/static/chunks/node_modules_react-dom_cjs_react-dom_development_2b5e0eb3.js:25013
[    4828ms] [LOG] [HMR] connected @ http://localhost:3111/_next/static/chunks/node_modules_next_dist_e1110441._.js:2801
[    4829ms] [WARNING] [HMR] Invalid message: {"type":"isrManifest","data":{"/":true}}
TypeError: Cannot read properties of undefined (reading 'components')
    at handleStaticIndicator (http://localhost:3111/_next/static/chunks/node_modules_next_dist_client_49292203._.js:2715:46)
    at processMessage (http://localhost:3111/_next/static/chunks/node_modules_next_dist_client_49292203._.js:2729:17)
    at http://localhost:3111/_next/static/chunks/node_modules_next_dist_client_49292203._.js:2603:13
    at WebSocket.handleMessage (http://localhost:3111/_next/static/chunks/node_modules_next_dist_client_49292203._.js:2248:17) @ http://localhost:3111/_next/static/chunks/node_modules_next_dist_e1110441._.js:2801
[    5089ms] [INFO] %cDownload the React DevTools for a better development experience: https://reactjs.org/link/react-devtools font-weight:bold @ http://localhost:3111/_next/static/chunks/node_modules_react-dom_cjs_react-dom_development_2b5e0eb3.js:25013
[    5120ms] [LOG] [HMR] connected @ http://localhost:3111/_next/static/chunks/node_modules_next_dist_e1110441._.js:2801
[    5121ms] [WARNING] [HMR] Invalid message: {"type":"isrManifest","data":{"/":true}}
TypeError: Cannot read properties of undefined (reading 'components')
    at handleStaticIndicator (http://localhost:3111/_next/static/chunks/node_modules_next_dist_client_49292203._.js:2715:46)
    at processMessage (http://localhost:3111/_next/static/chunks/node_modules_next_dist_client_49292203._.js:2729:17)
    at http://localhost:3111/_next/static/chunks/node_modules_next_dist_client_49292203._.js:2603:13
    at WebSocket.handleMessage (http://localhost:3111/_next/static/chunks/node_modules_next_dist_client_49292203._.js:2248:17) @ http://localhost:3111/_next/static/chunks/node_modules_next_dist_e1110441._.js:2801
[    5362ms] [INFO] %cDownload the React DevTools for a better development experience: https://reactjs.org/link/react-devtools font-weight:bold @ http://localhost:3111/_next/static/chunks/node_modules_react-dom_cjs_react-dom_development_2b5e0eb3.js:25013
[    5397ms] [LOG] [HMR] connected @ http://localhost:3111/_next/static/chunks/node_modules_next_dist_e1110441._.js:2801
[    5398ms] [WARNING] [HMR] Invalid message: {"type":"isrManifest","data":{"/":true}}
TypeError: Cannot read properties of undefined (reading 'components')
    at handleStaticIndicator (http://localhost:3111/_next/static/chunks/node_modules_next_dist_client_49292203._.js:2715:46)
    at processMessage (http://localhost:3111/_next/static/chunks/node_modules_next_dist_client_49292203._.js:2729:17)
    at http://localhost:3111/_next/static/chunks/node_modules_next_dist_client_49292203._.js:2603:13
    at WebSocket.handleMessage (http://localhost:3111/_next/static/chunks/node_modules_next_dist_client_49292203._.js:2248:17) @ http://localhost:3111/_next/static/chunks/node_modules_next_dist_e1110441._.js:2801
[    5663ms] [INFO] %cDownload the React DevTools for a better development experience: https://reactjs.org/link/react-devtools font-weight:bold @ http://localhost:3111/_next/static/chunks/node_modules_react-dom_cjs_react-dom_development_2b5e0eb3.js:25013
[    5697ms] [LOG] [HMR] connected @ http://localhost:3111/_next/static/chunks/node_modules_next_dist_e1110441._.js:2801
[    5697ms] [WARNING] [HMR] Invalid message: {"type":"isrManifest","data":{"/":true}}
TypeError: Cannot read properties of undefined (reading 'components')
    at handleStaticIndicator (http://localhost:3111/_next/static/chunks/node_modules_next_dist_client_49292203._.js:2715:46)
    at processMessage (http://localhost:3111/_next/static/chunks/node_modules_next_dist_client_49292203._.js:2729:17)
    at http://localhost:3111/_next/static/chunks/node_modules_next_dist_client_49292203._.js:2603:13
    at WebSocket.handleMessage (http://localhost:3111/_next/static/chunks/node_modules_next_dist_client_49292203._.js:2248:17) @ http://localhost:3111/_next/static/chunks/node_modules_next_dist_e1110441._.js:2801
[    5954ms] [INFO] %cDownload the React DevTools for a better development experience: https://reactjs.org/link/react-devtools font-weight:bold @ http://localhost:3111/_next/static/chunks/node_modules_react-dom_cjs_react-dom_development_2b5e0eb3.js:25013
[    5991ms] [LOG] [HMR] connected @ http://localhost:3111/_next/static/chunks/node_modules_next_dist_e1110441._.js:2801
[    5992ms] [WARNING] [HMR] Invalid message: {"type":"isrManifest","data":{"/":true}}
TypeError: Cannot read properties of undefined (reading 'components')
    at handleStaticIndicator (http://localhost:3111/_next/static/chunks/node_modules_next_dist_client_49292203._.js:2715:46)
    at processMessage (http://localhost:3111/_next/static/chunks/node_modules_next_dist_client_49292203._.js:2729:17)
    at http://localhost:3111/_next/static/chunks/node_modules_next_dist_client_49292203._.js:2603:13
    at WebSocket.handleMessage (http://localhost:3111/_next/static/chunks/node_modules_next_dist_client_49292203._.js:2248:17) @ http://localhost:3111/_next/static/chunks/node_modules_next_dist_e1110441._.js:2801
[    6271ms] [INFO] %cDownload the React DevTools for a better development experience: https://reactjs.org/link/react-devtools font-weight:bold @ http://localhost:3111/_next/static/chunks/node_modules_react-dom_cjs_react-dom_development_2b5e0eb3.js:25013
[    6302ms] [LOG] [HMR] connected @ http://localhost:3111/_next/static/chunks/node_modules_next_dist_e1110441._.js:2801
[    6303ms] [WARNING] [HMR] Invalid message: {"type":"isrManifest","data":{"/":true}}
TypeError: Cannot read properties of undefined (reading 'components')
    at handleStaticIndicator (http://localhost:3111/_next/static/chunks/node_modules_next_dist_client_49292203._.js:2715:46)
    at processMessage (http://localhost:3111/_next/static/chunks/node_modules_next_dist_client_49292203._.js:2729:17)
    at http://localhost:3111/_next/static/chunks/node_modules_next_dist_client_49292203._.js:2603:13
    at WebSocket.handleMessage (http://localhost:3111/_next/static/chunks/node_modules_next_dist_client_49292203._.js:2248:17) @ http://localhost:3111/_next/static/chunks/node_modules_next_dist_e1110441._.js:2801
[    6561ms] [INFO] %cDownload the React DevTools for a better development experience: https://reactjs.org/link/react-devtools font-weight:bold @ http://localhost:3111/_next/static/chunks/node_modules_react-dom_cjs_react-dom_development_2b5e0eb3.js:25013
[    6591ms] [LOG] [HMR] connected @ http://localhost:3111/_next/static/chunks/node_modules_next_dist_e1110441._.js:2801
[    6592ms] [WARNING] [HMR] Invalid message: {"type":"isrManifest","data":{"/":true}}
TypeError: Cannot read properties of undefined (reading 'components')
    at handleStaticIndicator (http://localhost:3111/_next/static/chunks/node_modules_next_dist_client_49292203._.js:2715:46)
    at processMessage (http://localhost:3111/_next/static/chunks/node_modules_next_dist_client_49292203._.js:2729:17)
    at http://localhost:3111/_next/static/chunks/node_modules_next_dist_client_49292203._.js:2603:13
    at WebSocket.handleMessage (http://localhost:3111/_next/static/chunks/node_modules_next_dist_client_49292203._.js:2248:17) @ http://localhost:3111/_next/static/chunks/node_modules_next_dist_e1110441._.js:2801
[    6872ms] [INFO] %cDownload the React DevTools for a better development experience: https://reactjs.org/link/react-devtools font-weight:bold @ http://localhost:3111/_next/static/chunks/node_modules_react-dom_cjs_react-dom_development_2b5e0eb3.js:25013
[    6900ms] [LOG] [HMR] connected @ http://localhost:3111/_next/static/chunks/node_modules_next_dist_e1110441._.js:2801
[    6901ms] [WARNING] [HMR] Invalid message: {"type":"isrManifest","data":{"/":true}}
TypeError: Cannot read properties of undefined (reading 'components')
    at handleStaticIndicator (http://localhost:3111/_next/static/chunks/node_modules_next_dist_client_49292203._.js:2715:46)
    at processMessage (http://localhost:3111/_next/static/chunks/node_modules_next_dist_client_49292203._.js:2729:17)
    at http://localhost:3111/_next/static/chunks/node_modules_next_dist_client_49292203._.js:2603:13
    at WebSocket.handleMessage (http://localhost:3111/_next/static/chunks/node_modules_next_dist_client_49292203._.js:2248:17) @ http://localhost:3111/_next/static/chunks/node_modules_next_dist_e1110441._.js:2801
[    7218ms] [INFO] %cDownload the React DevTools for a better development experience: https://reactjs.org/link/react-devtools font-weight:bold @ http://localhost:3111/_next/static/chunks/node_modules_react-dom_cjs_react-dom_development_2b5e0eb3.js:25013
[    7250ms] [LOG] [HMR] connected @ http://localhost:3111/_next/static/chunks/node_modules_next_dist_e1110441._.js:2801
[    7251ms] [WARNING] [HMR] Invalid message: {"type":"isrManifest","data":{"/":true}}
TypeError: Cannot read properties of undefined (reading 'components')
    at handleStaticIndicator (http://localhost:3111/_next/static/chunks/node_modules_next_dist_client_49292203._.js:2715:46)
    at processMessage (http://localhost:3111/_next/static/chunks/node_modules_next_dist_client_49292203._.js:2729:17)
    at http://localhost:3111/_next/static/chunks/node_modules_next_dist_client_49292203._.js:2603:13
    at WebSocket.handleMessage (http://localhost:3111/_next/static/chunks/node_modules_next_dist_client_49292203._.js:2248:17) @ http://localhost:3111/_next/static/chunks/node_modules_next_dist_e1110441._.js:2801
[    7586ms] [INFO] %cDownload the React DevTools for a better development experience: https://reactjs.org/link/react-devtools font-weight:bold @ http://localhost:3111/_next/static/chunks/node_modules_react-dom_cjs_react-dom_development_2b5e0eb3.js:25013
[    7615ms] [LOG] [HMR] connected @ http://localhost:3111/_next/static/chunks/node_modules_next_dist_e1110441._.js:2801
[    7616ms] [WARNING] [HMR] Invalid message: {"type":"isrManifest","data":{"/":true}}
TypeError: Cannot read properties of undefined (reading 'components')
    at handleStaticIndicator (http://localhost:3111/_next/static/chunks/node_modules_next_dist_client_49292203._.js:2715:46)
    at processMessage (http://localhost:3111/_next/static/chunks/node_modules_next_dist_client_49292203._.js:2729:17)
    at http://localhost:3111/_next/static/chunks/node_modules_next_dist_client_49292203._.js:2603:13
    at WebSocket.handleMessage (http://localhost:3111/_next/static/chunks/node_modules_next_dist_client_49292203._.js:2248:17) @ http://localhost:3111/_next/static/chunks/node_modules_next_dist_e1110441._.js:2801
[    7908ms] [INFO] %cDownload the React DevTools for a better development experience: https://reactjs.org/link/react-devtools font-weight:bold @ http://localhost:3111/_next/static/chunks/node_modules_react-dom_cjs_react-dom_development_2b5e0eb3.js:25013
[    7938ms] [LOG] [HMR] connected @ http://localhost:3111/_next/static/chunks/node_modules_next_dist_e1110441._.js:2801
[    7939ms] [WARNING] [HMR] Invalid message: {"type":"isrManifest","data":{"/":true}}
TypeError: Cannot read properties of undefined (reading 'components')
    at handleStaticIndicator (http://localhost:3111/_next/static/chunks/node_modules_next_dist_client_49292203._.js:2715:46)
    at processMessage (http://localhost:3111/_next/static/chunks/node_modules_next_dist_client_49292203._.js:2729:17)
    at http://localhost:3111/_next/static/chunks/node_modules_next_dist_client_49292203._.js:2603:13
    at WebSocket.handleMessage (http://localhost:3111/_next/static/chunks/node_modules_next_dist_client_49292203._.js:2248:17) @ http://localhost:3111/_next/static/chunks/node_modules_next_dist_e1110441._.js:2801
[    8259ms] [INFO] %cDownload the React DevTools for a better development experience: https://reactjs.org/link/react-devtools font-weight:bold @ http://localhost:3111/_next/static/chunks/node_modules_react-dom_cjs_react-dom_development_2b5e0eb3.js:25013
[    8291ms] [LOG] [HMR] connected @ http://localhost:3111/_next/static/chunks/node_modules_next_dist_e1110441._.js:2801
[    8293ms] [WARNING] [HMR] Invalid message: {"type":"isrManifest","data":{"/":true}}
TypeError: Cannot read properties of undefined (reading 'components')
    at handleStaticIndicator (http://localhost:3111/_next/static/chunks/node_modules_next_dist_client_49292203._.js:2715:46)
    at processMessage (http://localhost:3111/_next/static/chunks/node_modules_next_dist_client_49292203._.js:2729:17)
    at http://localhost:3111/_next/static/chunks/node_modules_next_dist_client_49292203._.js:2603:13
    at WebSocket.handleMessage (http://localhost:3111/_next/static/chunks/node_modules_next_dist_client_49292203._.js:2248:17) @ http://localhost:3111/_next/static/chunks/node_modules_next_dist_e1110441._.js:2801
[    8586ms] [INFO] %cDownload the React DevTools for a better development experience: https://reactjs.org/link/react-devtools font-weight:bold @ http://localhost:3111/_next/static/chunks/node_modules_react-dom_cjs_react-dom_development_2b5e0eb3.js:25013
[    8615ms] [LOG] [HMR] connected @ http://localhost:3111/_next/static/chunks/node_modules_next_dist_e1110441._.js:2801
[    8616ms] [WARNING] [HMR] Invalid message: {"type":"isrManifest","data":{"/":true}}
TypeError: Cannot read properties of undefined (reading 'components')
    at handleStaticIndicator (http://localhost:3111/_next/static/chunks/node_modules_next_dist_client_49292203._.js:2715:46)
    at processMessage (http://localhost:3111/_next/static/chunks/node_modules_next_dist_client_49292203._.js:2729:17)
    at http://localhost:3111/_next/static/chunks/node_modules_next_dist_client_49292203._.js:2603:13
    at WebSocket.handleMessage (http://localhost:3111/_next/static/chunks/node_modules_next_dist_client_49292203._.js:2248:17) @ http://localhost:3111/_next/static/chunks/node_modules_next_dist_e1110441._.js:2801
[    8905ms] [INFO] %cDownload the React DevTools for a better development experience: https://reactjs.org/link/react-devtools font-weight:bold @ http://localhost:3111/_next/static/chunks/node_modules_react-dom_cjs_react-dom_development_2b5e0eb3.js:25013
[    8934ms] [LOG] [HMR] connected @ http://localhost:3111/_next/static/chunks/node_modules_next_dist_e1110441._.js:2801
[    8935ms] [WARNING] [HMR] Invalid message: {"type":"isrManifest","data":{"/":true}}
TypeError: Cannot read properties of undefined (reading 'components')
    at handleStaticIndicator (http://localhost:3111/_next/static/chunks/node_modules_next_dist_client_49292203._.js:2715:46)
    at processMessage (http://localhost:3111/_next/static/chunks/node_modules_next_dist_client_49292203._.js:2729:17)
    at http://localhost:3111/_next/static/chunks/node_modules_next_dist_client_49292203._.js:2603:13
    at WebSocket.handleMessage (http://localhost:3111/_next/static/chunks/node_modules_next_dist_client_49292203._.js:2248:17) @ http://localhost:3111/_next/static/chunks/node_modules_next_dist_e1110441._.js:2801
[    9242ms] [INFO] %cDownload the React DevTools for a better development experience: https://reactjs.org/link/react-devtools font-weight:bold @ http://localhost:3111/_next/static/chunks/node_modules_react-dom_cjs_react-dom_development_2b5e0eb3.js:25013
[    9271ms] [LOG] [HMR] connected @ http://localhost:3111/_next/static/chunks/node_modules_next_dist_e1110441._.js:2801
[    9272ms] [WARNING] [HMR] Invalid message: {"type":"isrManifest","data":{"/":true}}
TypeError: Cannot read properties of undefined (reading 'components')
    at handleStaticIndicator (http://localhost:3111/_next/static/chunks/node_modules_next_dist_client_49292203._.js:2715:46)
    at processMessage (http://localhost:3111/_next/static/chunks/node_modules_next_dist_client_49292203._.js:2729:17)
    at http://localhost:3111/_next/static/chunks/node_modules_next_dist_client_49292203._.js:2603:13
    at WebSocket.handleMessage (http://localhost:3111/_next/static/chunks/node_modules_next_dist_client_49292203._.js:2248:17) @ http://localhost:3111/_next/static/chunks/node_modules_next_dist_e1110441._.js:2801
[    9601ms] [INFO] %cDownload the React DevTools for a better development experience: https://reactjs.org/link/react-devtools font-weight:bold @ http://localhost:3111/_next/static/chunks/node_modules_react-dom_cjs_react-dom_development_2b5e0eb3.js:25013
[    9630ms] [LOG] [HMR] connected @ http://localhost:3111/_next/static/chunks/node_modules_next_dist_e1110441._.js:2801
[    9631ms] [WARNING] [HMR] Invalid message: {"type":"isrManifest","data":{"/":true}}
TypeError: Cannot read properties of undefined (reading 'components')
    at handleStaticIndicator (http://localhost:3111/_next/static/chunks/node_modules_next_dist_client_49292203._.js:2715:46)
    at processMessage (http://localhost:3111/_next/static/chunks/node_modules_next_dist_client_49292203._.js:2729:17)
    at http://localhost:3111/_next/static/chunks/node_modules_next_dist_client_49292203._.js:2603:13
    at WebSocket.handleMessage (http://localhost:3111/_next/static/chunks/node_modules_next_dist_client_49292203._.js:2248:17) @ http://localhost:3111/_next/static/chunks/node_modules_next_dist_e1110441._.js:2801
[    9914ms] [INFO] %cDownload the React DevTools for a better development experience: https://reactjs.org/link/react-devtools font-weight:bold @ http://localhost:3111/_next/static/chunks/node_modules_react-dom_cjs_react-dom_development_2b5e0eb3.js:25013
[    9946ms] [LOG] [HMR] connected @ http://localhost:3111/_next/static/chunks/node_modules_next_dist_e1110441._.js:2801
[    9947ms] [WARNING] [HMR] Invalid message: {"type":"isrManifest","data":{"/":true}}
TypeError: Cannot read properties of undefined (reading 'components')
    at handleStaticIndicator (http://localhost:3111/_next/static/chunks/node_modules_next_dist_client_49292203._.js:2715:46)
    at processMessage (http://localhost:3111/_next/static/chunks/node_modules_next_dist_client_49292203._.js:2729:17)
    at http://localhost:3111/_next/static/chunks/node_modules_next_dist_client_49292203._.js:2603:13
    at WebSocket.handleMessage (http://localhost:3111/_next/static/chunks/node_modules_next_dist_client_49292203._.js:2248:17) @ http://localhost:3111/_next/static/chunks/node_modules_next_dist_e1110441._.js:2801
[   10245ms] [INFO] %cDownload the React DevTools for a better development experience: https://reactjs.org/link/react-devtools font-weight:bold @ http://localhost:3111/_next/static/chunks/node_modules_react-dom_cjs_react-dom_development_2b5e0eb3.js:25013
[   10272ms] [LOG] [HMR] connected @ http://localhost:3111/_next/static/chunks/node_modules_next_dist_e1110441._.js:2801
[   10273ms] [WARNING] [HMR] Invalid message: {"type":"isrManifest","data":{"/":true}}
TypeError: Cannot read properties of undefined (reading 'components')
    at handleStaticIndicator (http://localhost:3111/_next/static/chunks/node_modules_next_dist_client_49292203._.js:2715:46)
    at processMessage (http://localhost:3111/_next/static/chunks/node_modules_next_dist_client_49292203._.js:2729:17)
    at http://localhost:3111/_next/static/chunks/node_modules_next_dist_client_49292203._.js:2603:13
    at WebSocket.handleMessage (http://localhost:3111/_next/static/chunks/node_modules_next_dist_client_49292203._.js:2248:17) @ http://localhost:3111/_next/static/chunks/node_modules_next_dist_e1110441._.js:2801
[   10551ms] [INFO] %cDownload the React DevTools for a better development experience: https://reactjs.org/link/react-devtools font-weight:bold @ http://localhost:3111/_next/static/chunks/node_modules_react-dom_cjs_react-dom_development_2b5e0eb3.js:25013
[   10584ms] [LOG] [HMR] connected @ http://localhost:3111/_next/static/chunks/node_modules_next_dist_e1110441._.js:2801
[   10586ms] [WARNING] [HMR] Invalid message: {"type":"isrManifest","data":{"/":true}}
TypeError: Cannot read properties of undefined (reading 'components')
    at handleStaticIndicator (http://localhost:3111/_next/static/chunks/node_modules_next_dist_client_49292203._.js:2715:46)
    at processMessage (http://localhost:3111/_next/static/chunks/node_modules_next_dist_client_49292203._.js:2729:17)
    at http://localhost:3111/_next/static/chunks/node_modules_next_dist_client_49292203._.js:2603:13
    at WebSocket.handleMessage (http://localhost:3111/_next/static/chunks/node_modules_next_dist_client_49292203._.js:2248:17) @ http://localhost:3111/_next/static/chunks/node_modules_next_dist_e1110441._.js:2801
[   10905ms] [INFO] %cDownload the React DevTools for a better development experience: https://reactjs.org/link/react-devtools font-weight:bold @ http://localhost:3111/_next/static/chunks/node_modules_react-dom_cjs_react-dom_development_2b5e0eb3.js:25013
[   10940ms] [LOG] [HMR] connected @ http://localhost:3111/_next/static/chunks/node_modules_next_dist_e1110441._.js:2801
[   10940ms] [WARNING] [HMR] Invalid message: {"type":"isrManifest","data":{"/":true}}
TypeError: Cannot read properties of undefined (reading 'components')
    at handleStaticIndicator (http://localhost:3111/_next/static/chunks/node_modules_next_dist_client_49292203._.js:2715:46)
    at processMessage (http://localhost:3111/_next/static/chunks/node_modules_next_dist_client_49292203._.js:2729:17)
    at http://localhost:3111/_next/static/chunks/node_modules_next_dist_client_49292203._.js:2603:13
    at WebSocket.handleMessage (http://localhost:3111/_next/static/chunks/node_modules_next_dist_client_49292203._.js:2248:17) @ http://localhost:3111/_next/static/chunks/node_modules_next_dist_e1110441._.js:2801
[   11276ms] [INFO] %cDownload the React DevTools for a better development experience: https://reactjs.org/link/react-devtools font-weight:bold @ http://localhost:3111/_next/static/chunks/node_modules_react-dom_cjs_react-dom_development_2b5e0eb3.js:25013
[   11307ms] [LOG] [HMR] connected @ http://localhost:3111/_next/static/chunks/node_modules_next_dist_e1110441._.js:2801
[   11308ms] [WARNING] [HMR] Invalid message: {"type":"isrManifest","data":{"/":true}}
TypeError: Cannot read properties of undefined (reading 'components')
    at handleStaticIndicator (http://localhost:3111/_next/static/chunks/node_modules_next_dist_client_49292203._.js:2715:46)
    at processMessage (http://localhost:3111/_next/static/chunks/node_modules_next_dist_client_49292203._.js:2729:17)
    at http://localhost:3111/_next/static/chunks/node_modules_next_dist_client_49292203._.js:2603:13
    at WebSocket.handleMessage (http://localhost:3111/_next/static/chunks/node_modules_next_dist_client_49292203._.js:2248:17) @ http://localhost:3111/_next/static/chunks/node_modules_next_dist_e1110441._.js:2801
[   11669ms] [INFO] %cDownload the React DevTools for a better development experience: https://reactjs.org/link/react-devtools font-weight:bold @ http://localhost:3111/_next/static/chunks/node_modules_react-dom_cjs_react-dom_development_2b5e0eb3.js:25013
[   11700ms] [LOG] [HMR] connected @ http://localhost:3111/_next/static/chunks/node_modules_next_dist_e1110441._.js:2801
[   11701ms] [WARNING] [HMR] Invalid message: {"type":"isrManifest","data":{"/":true}}
TypeError: Cannot read properties of undefined (reading 'components')
    at handleStaticIndicator (http://localhost:3111/_next/static/chunks/node_modules_next_dist_client_49292203._.js:2715:46)
    at processMessage (http://localhost:3111/_next/static/chunks/node_modules_next_dist_client_49292203._.js:2729:17)
    at http://localhost:3111/_next/static/chunks/node_modules_next_dist_client_49292203._.js:2603:13
    at WebSocket.handleMessage (http://localhost:3111/_next/static/chunks/node_modules_next_dist_client_49292203._.js:2248:17) @ http://localhost:3111/_next/static/chunks/node_modules_next_dist_e1110441._.js:2801
[   12012ms] [INFO] %cDownload the React DevTools for a better development experience: https://reactjs.org/link/react-devtools font-weight:bold @ http://localhost:3111/_next/static/chunks/node_modules_react-dom_cjs_react-dom_development_2b5e0eb3.js:25013
[   12047ms] [LOG] [HMR] connected @ http://localhost:3111/_next/static/chunks/node_modules_next_dist_e1110441._.js:2801
[   12048ms] [WARNING] [HMR] Invalid message: {"type":"isrManifest","data":{"/":true}}
TypeError: Cannot read properties of undefined (reading 'components')
    at handleStaticIndicator (http://localhost:3111/_next/static/chunks/node_modules_next_dist_client_49292203._.js:2715:46)
    at processMessage (http://localhost:3111/_next/static/chunks/node_modules_next_dist_client_49292203._.js:2729:17)
    at http://localhost:3111/_next/static/chunks/node_modules_next_dist_client_49292203._.js:2603:13
    at WebSocket.handleMessage (http://localhost:3111/_next/static/chunks/node_modules_next_dist_client_49292203._.js:2248:17) @ http://localhost:3111/_next/static/chunks/node_modules_next_dist_e1110441._.js:2801
[   12378ms] [INFO] %cDownload the React DevTools for a better development experience: https://reactjs.org/link/react-devtools font-weight:bold @ http://localhost:3111/_next/static/chunks/node_modules_react-dom_cjs_react-dom_development_2b5e0eb3.js:25013
[   12408ms] [LOG] [HMR] connected @ http://localhost:3111/_next/static/chunks/node_modules_next_dist_e1110441._.js:2801
[   12410ms] [WARNING] [HMR] Invalid message: {"type":"isrManifest","data":{"/":true}}
TypeError: Cannot read properties of undefined (reading 'components')
    at handleStaticIndicator (http://localhost:3111/_next/static/chunks/node_modules_next_dist_client_49292203._.js:2715:46)
    at processMessage (http://localhost:3111/_next/static/chunks/node_modules_next_dist_client_49292203._.js:2729:17)
    at http://localhost:3111/_next/static/chunks/node_modules_next_dist_client_49292203._.js:2603:13
    at WebSocket.handleMessage (http://localhost:3111/_next/static/chunks/node_modules_next_dist_client_49292203._.js:2248:17) @ http://localhost:3111/_next/static/chunks/node_modules_next_dist_e1110441._.js:2801
[   12705ms] [INFO] %cDownload the React DevTools for a better development experience: https://reactjs.org/link/react-devtools font-weight:bold @ http://localhost:3111/_next/static/chunks/node_modules_react-dom_cjs_react-dom_development_2b5e0eb3.js:25013
[   12735ms] [LOG] [HMR] connected @ http://localhost:3111/_next/static/chunks/node_modules_next_dist_e1110441._.js:2801
[   12735ms] [WARNING] [HMR] Invalid message: {"type":"isrManifest","data":{"/":true}}
TypeError: Cannot read properties of undefined (reading 'components')
    at handleStaticIndicator (http://localhost:3111/_next/static/chunks/node_modules_next_dist_client_49292203._.js:2715:46)
    at processMessage (http://localhost:3111/_next/static/chunks/node_modules_next_dist_client_49292203._.js:2729:17)
    at http://localhost:3111/_next/static/chunks/node_modules_next_dist_client_49292203._.js:2603:13
    at WebSocket.handleMessage (http://localhost:3111/_next/static/chunks/node_modules_next_dist_client_49292203._.js:2248:17) @ http://localhost:3111/_next/static/chunks/node_modules_next_dist_e1110441._.js:2801
[   13033ms] [INFO] %cDownload the React DevTools for a better development experience: https://reactjs.org/link/react-devtools font-weight:bold @ http://localhost:3111/_next/static/chunks/node_modules_react-dom_cjs_react-dom_development_2b5e0eb3.js:25013
[   13062ms] [LOG] [HMR] connected @ http://localhost:3111/_next/static/chunks/node_modules_next_dist_e1110441._.js:2801
[   13063ms] [WARNING] [HMR] Invalid message: {"type":"isrManifest","data":{"/":true}}
TypeError: Cannot read properties of undefined (reading 'components')
    at handleStaticIndicator (http://localhost:3111/_next/static/chunks/node_modules_next_dist_client_49292203._.js:2715:46)
    at processMessage (http://localhost:3111/_next/static/chunks/node_modules_next_dist_client_49292203._.js:2729:17)
    at http://localhost:3111/_next/static/chunks/node_modules_next_dist_client_49292203._.js:2603:13
    at WebSocket.handleMessage (http://localhost:3111/_next/static/chunks/node_modules_next_dist_client_49292203._.js:2248:17) @ http://localhost:3111/_next/static/chunks/node_modules_next_dist_e1110441._.js:2801
[   13333ms] [INFO] %cDownload the React DevTools for a better development experience: https://reactjs.org/link/react-devtools font-weight:bold @ http://localhost:3111/_next/static/chunks/node_modules_react-dom_cjs_react-dom_development_2b5e0eb3.js:25013
[   13361ms] [LOG] [HMR] connected @ http://localhost:3111/_next/static/chunks/node_modules_next_dist_e1110441._.js:2801
[   13364ms] [WARNING] [HMR] Invalid message: {"type":"isrManifest","data":{"/":true}}
TypeError: Cannot read properties of undefined (reading 'components')
    at handleStaticIndicator (http://localhost:3111/_next/static/chunks/node_modules_next_dist_client_49292203._.js:2715:46)
    at processMessage (http://localhost:3111/_next/static/chunks/node_modules_next_dist_client_49292203._.js:2729:17)
    at http://localhost:3111/_next/static/chunks/node_modules_next_dist_client_49292203._.js:2603:13
    at WebSocket.handleMessage (http://localhost:3111/_next/static/chunks/node_modules_next_dist_client_49292203._.js:2248:17) @ http://localhost:3111/_next/static/chunks/node_modules_next_dist_e1110441._.js:2801
[   13642ms] [INFO] %cDownload the React DevTools for a better development experience: https://reactjs.org/link/react-devtools font-weight:bold @ http://localhost:3111/_next/static/chunks/node_modules_react-dom_cjs_react-dom_development_2b5e0eb3.js:25013
[   13672ms] [LOG] [HMR] connected @ http://localhost:3111/_next/static/chunks/node_modules_next_dist_e1110441._.js:2801
[   13673ms] [WARNING] [HMR] Invalid message: {"type":"isrManifest","data":{"/":true}}
TypeError: Cannot read properties of undefined (reading 'components')
    at handleStaticIndicator (http://localhost:3111/_next/static/chunks/node_modules_next_dist_client_49292203._.js:2715:46)
    at processMessage (http://localhost:3111/_next/static/chunks/node_modules_next_dist_client_49292203._.js:2729:17)
    at http://localhost:3111/_next/static/chunks/node_modules_next_dist_client_49292203._.js:2603:13
    at WebSocket.handleMessage (http://localhost:3111/_next/static/chunks/node_modules_next_dist_client_49292203._.js:2248:17) @ http://localhost:3111/_next/static/chunks/node_modules_next_dist_e1110441._.js:2801
[   13984ms] [INFO] %cDownload the React DevTools for a better development experience: https://reactjs.org/link/react-devtools font-weight:bold @ http://localhost:3111/_next/static/chunks/node_modules_react-dom_cjs_react-dom_development_2b5e0eb3.js:25013
[   14021ms] [LOG] [HMR] connected @ http://localhost:3111/_next/static/chunks/node_modules_next_dist_e1110441._.js:2801
[   14023ms] [WARNING] [HMR] Invalid message: {"type":"isrManifest","data":{"/":true}}
TypeError: Cannot read properties of undefined (reading 'components')
    at handleStaticIndicator (http://localhost:3111/_next/static/chunks/node_modules_next_dist_client_49292203._.js:2715:46)
    at processMessage (http://localhost:3111/_next/static/chunks/node_modules_next_dist_client_49292203._.js:2729:17)
    at http://localhost:3111/_next/static/chunks/node_modules_next_dist_client_49292203._.js:2603:13
    at WebSocket.handleMessage (http://localhost:3111/_next/static/chunks/node_modules_next_dist_client_49292203._.js:2248:17) @ http://localhost:3111/_next/static/chunks/node_modules_next_dist_e1110441._.js:2801
[   14365ms] [INFO] %cDownload the React DevTools for a better development experience: https://reactjs.org/link/react-devtools font-weight:bold @ http://localhost:3111/_next/static/chunks/node_modules_react-dom_cjs_react-dom_development_2b5e0eb3.js:25013
[   14394ms] [LOG] [HMR] connected @ http://localhost:3111/_next/static/chunks/node_modules_next_dist_e1110441._.js:2801
[   14395ms] [WARNING] [HMR] Invalid message: {"type":"isrManifest","data":{"/":true}}
TypeError: Cannot read properties of undefined (reading 'components')
    at handleStaticIndicator (http://localhost:3111/_next/static/chunks/node_modules_next_dist_client_49292203._.js:2715:46)
    at processMessage (http://localhost:3111/_next/static/chunks/node_modules_next_dist_client_49292203._.js:2729:17)
    at http://localhost:3111/_next/static/chunks/node_modules_next_dist_client_49292203._.js:2603:13
    at WebSocket.handleMessage (http://localhost:3111/_next/static/chunks/node_modules_next_dist_client_49292203._.js:2248:17) @ http://localhost:3111/_next/static/chunks/node_modules_next_dist_e1110441._.js:2801
[   14686ms] [INFO] %cDownload the React DevTools for a better development experience: https://reactjs.org/link/react-devtools font-weight:bold @ http://localhost:3111/_next/static/chunks/node_modules_react-dom_cjs_react-dom_development_2b5e0eb3.js:25013
[   14738ms] [LOG] [HMR] connected @ http://localhost:3111/_next/static/chunks/node_modules_next_dist_e1110441._.js:2801
[   14739ms] [WARNING] [HMR] Invalid message: {"type":"isrManifest","data":{"/":true}}
TypeError: Cannot read properties of undefined (reading 'components')
    at handleStaticIndicator (http://localhost:3111/_next/static/chunks/node_modules_next_dist_client_49292203._.js:2715:46)
    at processMessage (http://localhost:3111/_next/static/chunks/node_modules_next_dist_client_49292203._.js:2729:17)
    at http://localhost:3111/_next/static/chunks/node_modules_next_dist_client_49292203._.js:2603:13
    at WebSocket.handleMessage (http://localhost:3111/_next/static/chunks/node_modules_next_dist_client_49292203._.js:2248:17) @ http://localhost:3111/_next/static/chunks/node_modules_next_dist_e1110441._.js:2801
[   15044ms] [INFO] %cDownload the React DevTools for a better development experience: https://reactjs.org/link/react-devtools font-weight:bold @ http://localhost:3111/_next/static/chunks/node_modules_react-dom_cjs_react-dom_development_2b5e0eb3.js:25013
[   15074ms] [LOG] [HMR] connected @ http://localhost:3111/_next/static/chunks/node_modules_next_dist_e1110441._.js:2801
[   15075ms] [WARNING] [HMR] Invalid message: {"type":"isrManifest","data":{"/":true}}
TypeError: Cannot read properties of undefined (reading 'components')
    at handleStaticIndicator (http://localhost:3111/_next/static/chunks/node_modules_next_dist_client_49292203._.js:2715:46)
    at processMessage (http://localhost:3111/_next/static/chunks/node_modules_next_dist_client_49292203._.js:2729:17)
    at http://localhost:3111/_next/static/chunks/node_modules_next_dist_client_49292203._.js:2603:13
    at WebSocket.handleMessage (http://localhost:3111/_next/static/chunks/node_modules_next_dist_client_49292203._.js:2248:17) @ http://localhost:3111/_next/static/chunks/node_modules_next_dist_e1110441._.js:2801
[   15401ms] [INFO] %cDownload the React DevTools for a better development experience: https://reactjs.org/link/react-devtools font-weight:bold @ http://localhost:3111/_next/static/chunks/node_modules_react-dom_cjs_react-dom_development_2b5e0eb3.js:25013
[   15431ms] [LOG] [HMR] connected @ http://localhost:3111/_next/static/chunks/node_modules_next_dist_e1110441._.js:2801
[   15432ms] [WARNING] [HMR] Invalid message: {"type":"isrManifest","data":{"/":true}}
TypeError: Cannot read properties of undefined (reading 'components')
    at handleStaticIndicator (http://localhost:3111/_next/static/chunks/node_modules_next_dist_client_49292203._.js:2715:46)
    at processMessage (http://localhost:3111/_next/static/chunks/node_modules_next_dist_client_49292203._.js:2729:17)
    at http://localhost:3111/_next/static/chunks/node_modules_next_dist_client_49292203._.js:2603:13
    at WebSocket.handleMessage (http://localhost:3111/_next/static/chunks/node_modules_next_dist_client_49292203._.js:2248:17) @ http://localhost:3111/_next/static/chunks/node_modules_next_dist_e1110441._.js:2801
[   15744ms] [INFO] %cDownload the React DevTools for a better development experience: https://reactjs.org/link/react-devtools font-weight:bold @ http://localhost:3111/_next/static/chunks/node_modules_react-dom_cjs_react-dom_development_2b5e0eb3.js:25013
[   15775ms] [LOG] [HMR] connected @ http://localhost:3111/_next/static/chunks/node_modules_next_dist_e1110441._.js:2801
[   15778ms] [WARNING] [HMR] Invalid message: {"type":"isrManifest","data":{"/":true}}
TypeError: Cannot read properties of undefined (reading 'components')
    at handleStaticIndicator (http://localhost:3111/_next/static/chunks/node_modules_next_dist_client_49292203._.js:2715:46)
    at processMessage (http://localhost:3111/_next/static/chunks/node_modules_next_dist_client_49292203._.js:2729:17)
    at http://localhost:3111/_next/static/chunks/node_modules_next_dist_client_49292203._.js:2603:13
    at WebSocket.handleMessage (http://localhost:3111/_next/static/chunks/node_modules_next_dist_client_49292203._.js:2248:17) @ http://localhost:3111/_next/static/chunks/node_modules_next_dist_e1110441._.js:2801
[   16113ms] [INFO] %cDownload the React DevTools for a better development experience: https://reactjs.org/link/react-devtools font-weight:bold @ http://localhost:3111/_next/static/chunks/node_modules_react-dom_cjs_react-dom_development_2b5e0eb3.js:25013
[   16141ms] [LOG] [HMR] connected @ http://localhost:3111/_next/static/chunks/node_modules_next_dist_e1110441._.js:2801
[   16142ms] [WARNING] [HMR] Invalid message: {"type":"isrManifest","data":{"/":true}}
TypeError: Cannot read properties of undefined (reading 'components')
    at handleStaticIndicator (http://localhost:3111/_next/static/chunks/node_modules_next_dist_client_49292203._.js:2715:46)
    at processMessage (http://localhost:3111/_next/static/chunks/node_modules_next_dist_client_49292203._.js:2729:17)
    at http://localhost:3111/_next/static/chunks/node_modules_next_dist_client_49292203._.js:2603:13
    at WebSocket.handleMessage (http://localhost:3111/_next/static/chunks/node_modules_next_dist_client_49292203._.js:2248:17) @ http://localhost:3111/_next/static/chunks/node_modules_next_dist_e1110441._.js:2801
[   16481ms] [INFO] %cDownload the React DevTools for a better development experience: https://reactjs.org/link/react-devtools font-weight:bold @ http://localhost:3111/_next/static/chunks/node_modules_react-dom_cjs_react-dom_development_2b5e0eb3.js:25013
[   16511ms] [LOG] [HMR] connected @ http://localhost:3111/_next/static/chunks/node_modules_next_dist_e1110441._.js:2801
[   16511ms] [WARNING] [HMR] Invalid message: {"type":"isrManifest","data":{"/":true}}
TypeError: Cannot read properties of undefined (reading 'components')
    at handleStaticIndicator (http://localhost:3111/_next/static/chunks/node_modules_next_dist_client_49292203._.js:2715:46)
    at processMessage (http://localhost:3111/_next/static/chunks/node_modules_next_dist_client_49292203._.js:2729:17)
    at http://localhost:3111/_next/static/chunks/node_modules_next_dist_client_49292203._.js:2603:13
    at WebSocket.handleMessage (http://localhost:3111/_next/static/chunks/node_modules_next_dist_client_49292203._.js:2248:17) @ http://localhost:3111/_next/static/chunks/node_modules_next_dist_e1110441._.js:2801
[   16878ms] [INFO] %cDownload the React DevTools for a better development experience: https://reactjs.org/link/react-devtools font-weight:bold @ http://localhost:3111/_next/static/chunks/node_modules_react-dom_cjs_react-dom_development_2b5e0eb3.js:25013
[   16909ms] [LOG] [HMR] connected @ http://localhost:3111/_next/static/chunks/node_modules_next_dist_e1110441._.js:2801
[   16910ms] [WARNING] [HMR] Invalid message: {"type":"isrManifest","data":{"/":true}}
TypeError: Cannot read properties of undefined (reading 'components')
    at handleStaticIndicator (http://localhost:3111/_next/static/chunks/node_modules_next_dist_client_49292203._.js:2715:46)
    at processMessage (http://localhost:3111/_next/static/chunks/node_modules_next_dist_client_49292203._.js:2729:17)
    at http://localhost:3111/_next/static/chunks/node_modules_next_dist_client_49292203._.js:2603:13
    at WebSocket.handleMessage (http://localhost:3111/_next/static/chunks/node_modules_next_dist_client_49292203._.js:2248:17) @ http://localhost:3111/_next/static/chunks/node_modules_next_dist_e1110441._.js:2801
[   17221ms] [INFO] %cDownload the React DevTools for a better development experience: https://reactjs.org/link/react-devtools font-weight:bold @ http://localhost:3111/_next/static/chunks/node_modules_react-dom_cjs_react-dom_development_2b5e0eb3.js:25013
[   17257ms] [LOG] [HMR] connected @ http://localhost:3111/_next/static/chunks/node_modules_next_dist_e1110441._.js:2801
[   17258ms] [WARNING] [HMR] Invalid message: {"type":"isrManifest","data":{"/":true}}
TypeError: Cannot read properties of undefined (reading 'components')
    at handleStaticIndicator (http://localhost:3111/_next/static/chunks/node_modules_next_dist_client_49292203._.js:2715:46)
    at processMessage (http://localhost:3111/_next/static/chunks/node_modules_next_dist_client_49292203._.js:2729:17)
    at http://localhost:3111/_next/static/chunks/node_modules_next_dist_client_49292203._.js:2603:13
    at WebSocket.handleMessage (http://localhost:3111/_next/static/chunks/node_modules_next_dist_client_49292203._.js:2248:17) @ http://localhost:3111/_next/static/chunks/node_modules_next_dist_e1110441._.js:2801
[   17596ms] [INFO] %cDownload the React DevTools for a better development experience: https://reactjs.org/link/react-devtools font-weight:bold @ http://localhost:3111/_next/static/chunks/node_modules_react-dom_cjs_react-dom_development_2b5e0eb3.js:25013
[   17628ms] [LOG] [HMR] connected @ http://localhost:3111/_next/static/chunks/node_modules_next_dist_e1110441._.js:2801
[   17628ms] [WARNING] [HMR] Invalid message: {"type":"isrManifest","data":{"/":true}}
TypeError: Cannot read properties of undefined (reading 'components')
    at handleStaticIndicator (http://localhost:3111/_next/static/chunks/node_modules_next_dist_client_49292203._.js:2715:46)
    at processMessage (http://localhost:3111/_next/static/chunks/node_modules_next_dist_client_49292203._.js:2729:17)
    at http://localhost:3111/_next/static/chunks/node_modules_next_dist_client_49292203._.js:2603:13
    at WebSocket.handleMessage (http://localhost:3111/_next/static/chunks/node_modules_next_dist_client_49292203._.js:2248:17) @ http://localhost:3111/_next/static/chunks/node_modules_next_dist_e1110441._.js:2801
[   17966ms] [INFO] %cDownload the React DevTools for a better development experience: https://reactjs.org/link/react-devtools font-weight:bold @ http://localhost:3111/_next/static/chunks/node_modules_react-dom_cjs_react-dom_development_2b5e0eb3.js:25013
[   18000ms] [LOG] [HMR] connected @ http://localhost:3111/_next/static/chunks/node_modules_next_dist_e1110441._.js:2801
[   18001ms] [WARNING] [HMR] Invalid message: {"type":"isrManifest","data":{"/":true}}
TypeError: Cannot read properties of undefined (reading 'components')
    at handleStaticIndicator (http://localhost:3111/_next/static/chunks/node_modules_next_dist_client_49292203._.js:2715:46)
    at processMessage (http://localhost:3111/_next/static/chunks/node_modules_next_dist_client_49292203._.js:2729:17)
    at http://localhost:3111/_next/static/chunks/node_modules_next_dist_client_49292203._.js:2603:13
    at WebSocket.handleMessage (http://localhost:3111/_next/static/chunks/node_modules_next_dist_client_49292203._.js:2248:17) @ http://localhost:3111/_next/static/chunks/node_modules_next_dist_e1110441._.js:2801
[   18376ms] [INFO] %cDownload the React DevTools for a better development experience: https://reactjs.org/link/react-devtools font-weight:bold @ http://localhost:3111/_next/static/chunks/node_modules_react-dom_cjs_react-dom_development_2b5e0eb3.js:25013
[   18420ms] [LOG] [HMR] connected @ http://localhost:3111/_next/static/chunks/node_modules_next_dist_e1110441._.js:2801
[   18422ms] [WARNING] [HMR] Invalid message: {"type":"isrManifest","data":{"/":true}}
TypeError: Cannot read properties of undefined (reading 'components')
    at handleStaticIndicator (http://localhost:3111/_next/static/chunks/node_modules_next_dist_client_49292203._.js:2715:46)
    at processMessage (http://localhost:3111/_next/static/chunks/node_modules_next_dist_client_49292203._.js:2729:17)
    at http://localhost:3111/_next/static/chunks/node_modules_next_dist_client_49292203._.js:2603:13
    at WebSocket.handleMessage (http://localhost:3111/_next/static/chunks/node_modules_next_dist_client_49292203._.js:2248:17) @ http://localhost:3111/_next/static/chunks/node_modules_next_dist_e1110441._.js:2801
[   18739ms] [INFO] %cDownload the React DevTools for a better development experience: https://reactjs.org/link/react-devtools font-weight:bold @ http://localhost:3111/_next/static/chunks/node_modules_react-dom_cjs_react-dom_development_2b5e0eb3.js:25013
[   18966ms] [LOG] [HMR] connected @ http://localhost:3111/_next/static/chunks/node_modules_next_dist_e1110441._.js:2801
[   18967ms] [WARNING] [HMR] Invalid message: {"type":"isrManifest","data":{"/":true}}
TypeError: Cannot read properties of undefined (reading 'components')
    at handleStaticIndicator (http://localhost:3111/_next/static/chunks/node_modules_next_dist_client_49292203._.js:2715:46)
    at processMessage (http://localhost:3111/_next/static/chunks/node_modules_next_dist_client_49292203._.js:2729:17)
    at http://localhost:3111/_next/static/chunks/node_modules_next_dist_client_49292203._.js:2603:13
    at WebSocket.handleMessage (http://localhost:3111/_next/static/chunks/node_modules_next_dist_client_49292203._.js:2248:17) @ http://localhost:3111/_next/static/chunks/node_modules_next_dist_e1110441._.js:2801
[   19323ms] [INFO] %cDownload the React DevTools for a better development experience: https://reactjs.org/link/react-devtools font-weight:bold @ http://localhost:3111/_next/static/chunks/node_modules_react-dom_cjs_react-dom_development_2b5e0eb3.js:25013
[   19360ms] [LOG] [HMR] connected @ http://localhost:3111/_next/static/chunks/node_modules_next_dist_e1110441._.js:2801
[   19361ms] [WARNING] [HMR] Invalid message: {"type":"isrManifest","data":{"/":true}}
TypeError: Cannot read properties of undefined (reading 'components')
    at handleStaticIndicator (http://localhost:3111/_next/static/chunks/node_modules_next_dist_client_49292203._.js:2715:46)
    at processMessage (http://localhost:3111/_next/static/chunks/node_modules_next_dist_client_49292203._.js:2729:17)
    at http://localhost:3111/_next/static/chunks/node_modules_next_dist_client_49292203._.js:2603:13
    at WebSocket.handleMessage (http://localhost:3111/_next/static/chunks/node_modules_next_dist_client_49292203._.js:2248:17) @ http://localhost:3111/_next/static/chunks/node_modules_next_dist_e1110441._.js:2801
[   19921ms] [INFO] %cDownload the React DevTools for a better development experience: https://reactjs.org/link/react-devtools font-weight:bold @ http://localhost:3111/_next/static/chunks/node_modules_react-dom_cjs_react-dom_development_2b5e0eb3.js:25013
[   19956ms] [LOG] [HMR] connected @ http://localhost:3111/_next/static/chunks/node_modules_next_dist_e1110441._.js:2801
[   19957ms] [WARNING] [HMR] Invalid message: {"type":"isrManifest","data":{"/":true}}
TypeError: Cannot read properties of undefined (reading 'components')
    at handleStaticIndicator (http://localhost:3111/_next/static/chunks/node_modules_next_dist_client_49292203._.js:2715:46)
    at processMessage (http://localhost:3111/_next/static/chunks/node_modules_next_dist_client_49292203._.js:2729:17)
    at http://localhost:3111/_next/static/chunks/node_modules_next_dist_client_49292203._.js:2603:13
    at WebSocket.handleMessage (http://localhost:3111/_next/static/chunks/node_modules_next_dist_client_49292203._.js:2248:17) @ http://localhost:3111/_next/static/chunks/node_modules_next_dist_e1110441._.js:2801
[   20474ms] [INFO] %cDownload the React DevTools for a better development experience: https://reactjs.org/link/react-devtools font-weight:bold @ http://localhost:3111/_next/static/chunks/node_modules_react-dom_cjs_react-dom_development_2b5e0eb3.js:25013
[   20529ms] [LOG] [HMR] connected @ http://localhost:3111/_next/static/chunks/node_modules_next_dist_e1110441._.js:2801
[   20531ms] [WARNING] [HMR] Invalid message: {"type":"isrManifest","data":{"/":true}}
TypeError: Cannot read properties of undefined (reading 'components')
    at handleStaticIndicator (http://localhost:3111/_next/static/chunks/node_modules_next_dist_client_49292203._.js:2715:46)
    at processMessage (http://localhost:3111/_next/static/chunks/node_modules_next_dist_client_49292203._.js:2729:17)
    at http://localhost:3111/_next/static/chunks/node_modules_next_dist_client_49292203._.js:2603:13
    at WebSocket.handleMessage (http://localhost:3111/_next/static/chunks/node_modules_next_dist_client_49292203._.js:2248:17) @ http://localhost:3111/_next/static/chunks/node_modules_next_dist_e1110441._.js:2801
[   21000ms] [INFO] %cDownload the React DevTools for a better development experience: https://reactjs.org/link/react-devtools font-weight:bold @ http://localhost:3111/_next/static/chunks/node_modules_react-dom_cjs_react-dom_development_2b5e0eb3.js:25013
[   21032ms] [LOG] [HMR] connected @ http://localhost:3111/_next/static/chunks/node_modules_next_dist_e1110441._.js:2801
[   21033ms] [WARNING] [HMR] Invalid message: {"type":"isrManifest","data":{"/":true}}
TypeError: Cannot read properties of undefined (reading 'components')
    at handleStaticIndicator (http://localhost:3111/_next/static/chunks/node_modules_next_dist_client_49292203._.js:2715:46)
    at processMessage (http://localhost:3111/_next/static/chunks/node_modules_next_dist_client_49292203._.js:2729:17)
    at http://localhost:3111/_next/static/chunks/node_modules_next_dist_client_49292203._.js:2603:13
    at WebSocket.handleMessage (http://localhost:3111/_next/static/chunks/node_modules_next_dist_client_49292203._.js:2248:17) @ http://localhost:3111/_next/static/chunks/node_modules_next_dist_e1110441._.js:2801
[   21426ms] [INFO] %cDownload the React DevTools for a better development experience: https://reactjs.org/link/react-devtools font-weight:bold @ http://localhost:3111/_next/static/chunks/node_modules_react-dom_cjs_react-dom_development_2b5e0eb3.js:25013
[   21456ms] [LOG] [HMR] connected @ http://localhost:3111/_next/static/chunks/node_modules_next_dist_e1110441._.js:2801
[   21457ms] [WARNING] [HMR] Invalid message: {"type":"isrManifest","data":{"/":true}}
TypeError: Cannot read properties of undefined (reading 'components')
    at handleStaticIndicator (http://localhost:3111/_next/static/chunks/node_modules_next_dist_client_49292203._.js:2715:46)
    at processMessage (http://localhost:3111/_next/static/chunks/node_modules_next_dist_client_49292203._.js:2729:17)
    at http://localhost:3111/_next/static/chunks/node_modules_next_dist_client_49292203._.js:2603:13
    at WebSocket.handleMessage (http://localhost:3111/_next/static/chunks/node_modules_next_dist_client_49292203._.js:2248:17) @ http://localhost:3111/_next/static/chunks/node_modules_next_dist_e1110441._.js:2801
[   21829ms] [INFO] %cDownload the React DevTools for a better development experience: https://reactjs.org/link/react-devtools font-weight:bold @ http://localhost:3111/_next/static/chunks/node_modules_react-dom_cjs_react-dom_development_2b5e0eb3.js:25013
[   21867ms] [LOG] [HMR] connected @ http://localhost:3111/_next/static/chunks/node_modules_next_dist_e1110441._.js:2801
[   21869ms] [WARNING] [HMR] Invalid message: {"type":"isrManifest","data":{"/":true}}
TypeError: Cannot read properties of undefined (reading 'components')
    at handleStaticIndicator (http://localhost:3111/_next/static/chunks/node_modules_next_dist_client_49292203._.js:2715:46)
    at processMessage (http://localhost:3111/_next/static/chunks/node_modules_next_dist_client_49292203._.js:2729:17)
    at http://localhost:3111/_next/static/chunks/node_modules_next_dist_client_49292203._.js:2603:13
    at WebSocket.handleMessage (http://localhost:3111/_next/static/chunks/node_modules_next_dist_client_49292203._.js:2248:17) @ http://localhost:3111/_next/static/chunks/node_modules_next_dist_e1110441._.js:2801
[   22305ms] [INFO] %cDownload the React DevTools for a better development experience: https://reactjs.org/link/react-devtools font-weight:bold @ http://localhost:3111/_next/static/chunks/node_modules_react-dom_cjs_react-dom_development_2b5e0eb3.js:25013
[   22338ms] [LOG] [HMR] connected @ http://localhost:3111/_next/static/chunks/node_modules_next_dist_e1110441._.js:2801
[   22339ms] [WARNING] [HMR] Invalid message: {"type":"isrManifest","data":{"/":true}}
TypeError: Cannot read properties of undefined (reading 'components')
    at handleStaticIndicator (http://localhost:3111/_next/static/chunks/node_modules_next_dist_client_49292203._.js:2715:46)
    at processMessage (http://localhost:3111/_next/static/chunks/node_modules_next_dist_client_49292203._.js:2729:17)
    at http://localhost:3111/_next/static/chunks/node_modules_next_dist_client_49292203._.js:2603:13
    at WebSocket.handleMessage (http://localhost:3111/_next/static/chunks/node_modules_next_dist_client_49292203._.js:2248:17) @ http://localhost:3111/_next/static/chunks/node_modules_next_dist_e1110441._.js:2801
[   22719ms] [INFO] %cDownload the React DevTools for a better development experience: https://reactjs.org/link/react-devtools font-weight:bold @ http://localhost:3111/_next/static/chunks/node_modules_react-dom_cjs_react-dom_development_2b5e0eb3.js:25013
[   22754ms] [LOG] [HMR] connected @ http://localhost:3111/_next/static/chunks/node_modules_next_dist_e1110441._.js:2801
[   22755ms] [WARNING] [HMR] Invalid message: {"type":"isrManifest","data":{"/":true}}
TypeError: Cannot read properties of undefined (reading 'components')
    at handleStaticIndicator (http://localhost:3111/_next/static/chunks/node_modules_next_dist_client_49292203._.js:2715:46)
    at processMessage (http://localhost:3111/_next/static/chunks/node_modules_next_dist_client_49292203._.js:2729:17)
    at http://localhost:3111/_next/static/chunks/node_modules_next_dist_client_49292203._.js:2603:13
    at WebSocket.handleMessage (http://localhost:3111/_next/static/chunks/node_modules_next_dist_client_49292203._.js:2248:17) @ http://localhost:3111/_next/static/chunks/node_modules_next_dist_e1110441._.js:2801
[   23159ms] [INFO] %cDownload the React DevTools for a better development experience: https://reactjs.org/link/react-devtools font-weight:bold @ http://localhost:3111/_next/static/chunks/node_modules_react-dom_cjs_react-dom_development_2b5e0eb3.js:25013
[   23191ms] [LOG] [HMR] connected @ http://localhost:3111/_next/static/chunks/node_modules_next_dist_e1110441._.js:2801
[   23192ms] [WARNING] [HMR] Invalid message: {"type":"isrManifest","data":{"/":true}}
TypeError: Cannot read properties of undefined (reading 'components')
    at handleStaticIndicator (http://localhost:3111/_next/static/chunks/node_modules_next_dist_client_49292203._.js:2715:46)
    at processMessage (http://localhost:3111/_next/static/chunks/node_modules_next_dist_client_49292203._.js:2729:17)
    at http://localhost:3111/_next/static/chunks/node_modules_next_dist_client_49292203._.js:2603:13
    at WebSocket.handleMessage (http://localhost:3111/_next/static/chunks/node_modules_next_dist_client_49292203._.js:2248:17) @ http://localhost:3111/_next/static/chunks/node_modules_next_dist_e1110441._.js:2801
[   23531ms] [INFO] %cDownload the React DevTools for a better development experience: https://reactjs.org/link/react-devtools font-weight:bold @ http://localhost:3111/_next/static/chunks/node_modules_react-dom_cjs_react-dom_development_2b5e0eb3.js:25013
[   23562ms] [LOG] [HMR] connected @ http://localhost:3111/_next/static/chunks/node_modules_next_dist_e1110441._.js:2801
[   23564ms] [WARNING] [HMR] Invalid message: {"type":"isrManifest","data":{"/":true}}
TypeError: Cannot read properties of undefined (reading 'components')
    at handleStaticIndicator (http://localhost:3111/_next/static/chunks/node_modules_next_dist_client_49292203._.js:2715:46)
    at processMessage (http://localhost:3111/_next/static/chunks/node_modules_next_dist_client_49292203._.js:2729:17)
    at http://localhost:3111/_next/static/chunks/node_modules_next_dist_client_49292203._.js:2603:13
    at WebSocket.handleMessage (http://localhost:3111/_next/static/chunks/node_modules_next_dist_client_49292203._.js:2248:17) @ http://localhost:3111/_next/static/chunks/node_modules_next_dist_e1110441._.js:2801
[   23854ms] [INFO] %cDownload the React DevTools for a better development experience: https://reactjs.org/link/react-devtools font-weight:bold @ http://localhost:3111/_next/static/chunks/node_modules_react-dom_cjs_react-dom_development_2b5e0eb3.js:25013
[   23884ms] [LOG] [HMR] connected @ http://localhost:3111/_next/static/chunks/node_modules_next_dist_e1110441._.js:2801
[   23884ms] [WARNING] [HMR] Invalid message: {"type":"isrManifest","data":{"/":true}}
TypeError: Cannot read properties of undefined (reading 'components')
    at handleStaticIndicator (http://localhost:3111/_next/static/chunks/node_modules_next_dist_client_49292203._.js:2715:46)
    at processMessage (http://localhost:3111/_next/static/chunks/node_modules_next_dist_client_49292203._.js:2729:17)
    at http://localhost:3111/_next/static/chunks/node_modules_next_dist_client_49292203._.js:2603:13
    at WebSocket.handleMessage (http://localhost:3111/_next/static/chunks/node_modules_next_dist_client_49292203._.js:2248:17) @ http://localhost:3111/_next/static/chunks/node_modules_next_dist_e1110441._.js:2801
[   24193ms] [INFO] %cDownload the React DevTools for a better development experience: https://reactjs.org/link/react-devtools font-weight:bold @ http://localhost:3111/_next/static/chunks/node_modules_react-dom_cjs_react-dom_development_2b5e0eb3.js:25013
[   24225ms] [LOG] [HMR] connected @ http://localhost:3111/_next/static/chunks/node_modules_next_dist_e1110441._.js:2801
[   24225ms] [WARNING] [HMR] Invalid message: {"type":"isrManifest","data":{"/":true}}
TypeError: Cannot read properties of undefined (reading 'components')
    at handleStaticIndicator (http://localhost:3111/_next/static/chunks/node_modules_next_dist_client_49292203._.js:2715:46)
    at processMessage (http://localhost:3111/_next/static/chunks/node_modules_next_dist_client_49292203._.js:2729:17)
    at http://localhost:3111/_next/static/chunks/node_modules_next_dist_client_49292203._.js:2603:13
    at WebSocket.handleMessage (http://localhost:3111/_next/static/chunks/node_modules_next_dist_client_49292203._.js:2248:17) @ http://localhost:3111/_next/static/chunks/node_modules_next_dist_e1110441._.js:2801
[   24564ms] [INFO] %cDownload the React DevTools for a better development experience: https://reactjs.org/link/react-devtools font-weight:bold @ http://localhost:3111/_next/static/chunks/node_modules_react-dom_cjs_react-dom_development_2b5e0eb3.js:25013
[   24598ms] [LOG] [HMR] connected @ http://localhost:3111/_next/static/chunks/node_modules_next_dist_e1110441._.js:2801
[   24599ms] [WARNING] [HMR] Invalid message: {"type":"isrManifest","data":{"/":true}}
TypeError: Cannot read properties of undefined (reading 'components')
    at handleStaticIndicator (http://localhost:3111/_next/static/chunks/node_modules_next_dist_client_49292203._.js:2715:46)
    at processMessage (http://localhost:3111/_next/static/chunks/node_modules_next_dist_client_49292203._.js:2729:17)
    at http://localhost:3111/_next/static/chunks/node_modules_next_dist_client_49292203._.js:2603:13
    at WebSocket.handleMessage (http://localhost:3111/_next/static/chunks/node_modules_next_dist_client_49292203._.js:2248:17) @ http://localhost:3111/_next/static/chunks/node_modules_next_dist_e1110441._.js:2801
[   24907ms] [INFO] %cDownload the React DevTools for a better development experience: https://reactjs.org/link/react-devtools font-weight:bold @ http://localhost:3111/_next/static/chunks/node_modules_react-dom_cjs_react-dom_development_2b5e0eb3.js:25013
[   24936ms] [LOG] [HMR] connected @ http://localhost:3111/_next/static/chunks/node_modules_next_dist_e1110441._.js:2801
[   24937ms] [WARNING] [HMR] Invalid message: {"type":"isrManifest","data":{"/":true}}
TypeError: Cannot read properties of undefined (reading 'components')
    at handleStaticIndicator (http://localhost:3111/_next/static/chunks/node_modules_next_dist_client_49292203._.js:2715:46)
    at processMessage (http://localhost:3111/_next/static/chunks/node_modules_next_dist_client_49292203._.js:2729:17)
    at http://localhost:3111/_next/static/chunks/node_modules_next_dist_client_49292203._.js:2603:13
    at WebSocket.handleMessage (http://localhost:3111/_next/static/chunks/node_modules_next_dist_client_49292203._.js:2248:17) @ http://localhost:3111/_next/static/chunks/node_modules_next_dist_e1110441._.js:2801
[   25235ms] [INFO] %cDownload the React DevTools for a better development experience: https://reactjs.org/link/react-devtools font-weight:bold @ http://localhost:3111/_next/static/chunks/node_modules_react-dom_cjs_react-dom_development_2b5e0eb3.js:25013
[   25265ms] [LOG] [HMR] connected @ http://localhost:3111/_next/static/chunks/node_modules_next_dist_e1110441._.js:2801
[   25266ms] [WARNING] [HMR] Invalid message: {"type":"isrManifest","data":{"/":true}}
TypeError: Cannot read properties of undefined (reading 'components')
    at handleStaticIndicator (http://localhost:3111/_next/static/chunks/node_modules_next_dist_client_49292203._.js:2715:46)
    at processMessage (http://localhost:3111/_next/static/chunks/node_modules_next_dist_client_49292203._.js:2729:17)
    at http://localhost:3111/_next/static/chunks/node_modules_next_dist_client_49292203._.js:2603:13
    at WebSocket.handleMessage (http://localhost:3111/_next/static/chunks/node_modules_next_dist_client_49292203._.js:2248:17) @ http://localhost:3111/_next/static/chunks/node_modules_next_dist_e1110441._.js:2801
[   25568ms] [INFO] %cDownload the React DevTools for a better development experience: https://reactjs.org/link/react-devtools font-weight:bold @ http://localhost:3111/_next/static/chunks/node_modules_react-dom_cjs_react-dom_development_2b5e0eb3.js:25013
[   25600ms] [LOG] [HMR] connected @ http://localhost:3111/_next/static/chunks/node_modules_next_dist_e1110441._.js:2801
[   25601ms] [WARNING] [HMR] Invalid message: {"type":"isrManifest","data":{"/":true}}
TypeError: Cannot read properties of undefined (reading 'components')
    at handleStaticIndicator (http://localhost:3111/_next/static/chunks/node_modules_next_dist_client_49292203._.js:2715:46)
    at processMessage (http://localhost:3111/_next/static/chunks/node_modules_next_dist_client_49292203._.js:2729:17)
    at http://localhost:3111/_next/static/chunks/node_modules_next_dist_client_49292203._.js:2603:13
    at WebSocket.handleMessage (http://localhost:3111/_next/static/chunks/node_modules_next_dist_client_49292203._.js:2248:17) @ http://localhost:3111/_next/static/chunks/node_modules_next_dist_e1110441._.js:2801
[   25917ms] [INFO] %cDownload the React DevTools for a better development experience: https://reactjs.org/link/react-devtools font-weight:bold @ http://localhost:3111/_next/static/chunks/node_modules_react-dom_cjs_react-dom_development_2b5e0eb3.js:25013
[   25945ms] [LOG] [HMR] connected @ http://localhost:3111/_next/static/chunks/node_modules_next_dist_e1110441._.js:2801
[   25949ms] [WARNING] [HMR] Invalid message: {"type":"isrManifest","data":{"/":true}}
TypeError: Cannot read properties of undefined (reading 'components')
    at handleStaticIndicator (http://localhost:3111/_next/static/chunks/node_modules_next_dist_client_49292203._.js:2715:46)
    at processMessage (http://localhost:3111/_next/static/chunks/node_modules_next_dist_client_49292203._.js:2729:17)
    at http://localhost:3111/_next/static/chunks/node_modules_next_dist_client_49292203._.js:2603:13
    at WebSocket.handleMessage (http://localhost:3111/_next/static/chunks/node_modules_next_dist_client_49292203._.js:2248:17) @ http://localhost:3111/_next/static/chunks/node_modules_next_dist_e1110441._.js:2801
[   26281ms] [INFO] %cDownload the React DevTools for a better development experience: https://reactjs.org/link/react-devtools font-weight:bold @ http://localhost:3111/_next/static/chunks/node_modules_react-dom_cjs_react-dom_development_2b5e0eb3.js:25013
[   26312ms] [LOG] [HMR] connected @ http://localhost:3111/_next/static/chunks/node_modules_next_dist_e1110441._.js:2801
[   26313ms] [WARNING] [HMR] Invalid message: {"type":"isrManifest","data":{"/":true}}
TypeError: Cannot read properties of undefined (reading 'components')
    at handleStaticIndicator (http://localhost:3111/_next/static/chunks/node_modules_next_dist_client_49292203._.js:2715:46)
    at processMessage (http://localhost:3111/_next/static/chunks/node_modules_next_dist_client_49292203._.js:2729:17)
    at http://localhost:3111/_next/static/chunks/node_modules_next_dist_client_49292203._.js:2603:13
    at WebSocket.handleMessage (http://localhost:3111/_next/static/chunks/node_modules_next_dist_client_49292203._.js:2248:17) @ http://localhost:3111/_next/static/chunks/node_modules_next_dist_e1110441._.js:2801
[   26668ms] [INFO] %cDownload the React DevTools for a better development experience: https://reactjs.org/link/react-devtools font-weight:bold @ http://localhost:3111/_next/static/chunks/node_modules_react-dom_cjs_react-dom_development_2b5e0eb3.js:25013
[   26701ms] [LOG] [HMR] connected @ http://localhost:3111/_next/static/chunks/node_modules_next_dist_e1110441._.js:2801
[   26702ms] [WARNING] [HMR] Invalid message: {"type":"isrManifest","data":{"/":true}}
TypeError: Cannot read properties of undefined (reading 'components')
    at handleStaticIndicator (http://localhost:3111/_next/static/chunks/node_modules_next_dist_client_49292203._.js:2715:46)
    at processMessage (http://localhost:3111/_next/static/chunks/node_modules_next_dist_client_49292203._.js:2729:17)
    at http://localhost:3111/_next/static/chunks/node_modules_next_dist_client_49292203._.js:2603:13
    at WebSocket.handleMessage (http://localhost:3111/_next/static/chunks/node_modules_next_dist_client_49292203._.js:2248:17) @ http://localhost:3111/_next/static/chunks/node_modules_next_dist_e1110441._.js:2801
[   27022ms] [INFO] %cDownload the React DevTools for a better development experience: https://reactjs.org/link/react-devtools font-weight:bold @ http://localhost:3111/_next/static/chunks/node_modules_react-dom_cjs_react-dom_development_2b5e0eb3.js:25013
[   27055ms] [LOG] [HMR] connected @ http://localhost:3111/_next/static/chunks/node_modules_next_dist_e1110441._.js:2801
[   27056ms] [WARNING] [HMR] Invalid message: {"type":"isrManifest","data":{"/":true}}
TypeError: Cannot read properties of undefined (reading 'components')
    at handleStaticIndicator (http://localhost:3111/_next/static/chunks/node_modules_next_dist_client_49292203._.js:2715:46)
    at processMessage (http://localhost:3111/_next/static/chunks/node_modules_next_dist_client_49292203._.js:2729:17)
    at http://localhost:3111/_next/static/chunks/node_modules_next_dist_client_49292203._.js:2603:13
    at WebSocket.handleMessage (http://localhost:3111/_next/static/chunks/node_modules_next_dist_client_49292203._.js:2248:17) @ http://localhost:3111/_next/static/chunks/node_modules_next_dist_e1110441._.js:2801
[   27538ms] [INFO] %cDownload the React DevTools for a better development experience: https://reactjs.org/link/react-devtools font-weight:bold @ http://localhost:3111/_next/static/chunks/node_modules_react-dom_cjs_react-dom_development_2b5e0eb3.js:25013
[   27575ms] [LOG] [HMR] connected @ http://localhost:3111/_next/static/chunks/node_modules_next_dist_e1110441._.js:2801
[   27578ms] [WARNING] [HMR] Invalid message: {"type":"isrManifest","data":{"/":true}}
TypeError: Cannot read properties of undefined (reading 'components')
    at handleStaticIndicator (http://localhost:3111/_next/static/chunks/node_modules_next_dist_client_49292203._.js:2715:46)
    at processMessage (http://localhost:3111/_next/static/chunks/node_modules_next_dist_client_49292203._.js:2729:17)
    at http://localhost:3111/_next/static/chunks/node_modules_next_dist_client_49292203._.js:2603:13
    at WebSocket.handleMessage (http://localhost:3111/_next/static/chunks/node_modules_next_dist_client_49292203._.js:2248:17) @ http://localhost:3111/_next/static/chunks/node_modules_next_dist_e1110441._.js:2801
[   28349ms] [INFO] %cDownload the React DevTools for a better development experience: https://reactjs.org/link/react-devtools font-weight:bold @ webpack-internal:///(pages-dir-browser)/./node_modules/react-dom/cjs/react-dom.development.js:29834
[   28592ms] ReferenceError: __turbopack_load_page_chunks__ is not defined
    at http://localhost:3111/_next/static/chunks/pages/_app.js:1:1
[   28593ms] ReferenceError: __turbopack_load_page_chunks__ is not defined
    at http://localhost:3111/_next/static/chunks/pages/index.js:1:1
[   28608ms] [LOG] [HMR] connected @ webpack-internal:///(pages-dir-browser)/./node_modules/next/dist/next-devtools/shared/forward-logs-shared.js:27
[   28610ms] [WARNING] [HMR] Invalid message: {"type":"isrManifest","data":{"/":true}}
TypeError: Cannot read properties of undefined (reading 'components')
    at handleStaticIndicator (webpack-internal:///(pages-dir-browser)/./node_modules/next/dist/client/dev/hot-reloader/pages/hot-reloader-pages.js:177:46)
    at processMessage (webpack-internal:///(pages-dir-browser)/./node_modules/next/dist/client/dev/hot-reloader/pages/hot-reloader-pages.js:191:17)
    at eval (webpack-internal:///(pages-dir-browser)/./node_modules/next/dist/client/dev/hot-reloader/pages/hot-reloader-pages.js:69:13)
    at WebSocket.handleMessage (webpack-internal:///(pages-dir-browser)/./node_modules/next/dist/client/dev/hot-reloader/pages/websocket.js:68:17) @ webpack-internal:///(pages-dir-browser)/./node_modules/next/dist/next-devtools/shared/forward-logs-shared.js:27
[   28666ms] [ERROR] Failed to load resource: the server responded with a status of 404 (Not Found) @ http://localhost:3111/_next/static/webpack/882bcfdc2ebfc3a1.webpack.hot-update.json:0
[   28685ms] [LOG] [Fast Refresh] rebuilding @ webpack-internal:///(pages-dir-browser)/./node_modules/next/dist/next-devtools/shared/forward-logs-shared.js:27
[   28697ms] [WARNING] [HMR] Invalid message: {"type":"isrManifest","data":{"/":true}}
TypeError: Cannot read properties of undefined (reading 'components')
    at handleStaticIndicator (webpack-internal:///(pages-dir-browser)/./node_modules/next/dist/client/dev/hot-reloader/pages/hot-reloader-pages.js:177:46)
    at processMessage (webpack-internal:///(pages-dir-browser)/./node_modules/next/dist/client/dev/hot-reloader/pages/hot-reloader-pages.js:191:17)
    at eval (webpack-internal:///(pages-dir-browser)/./node_modules/next/dist/client/dev/hot-reloader/pages/hot-reloader-pages.js:69:13)
    at WebSocket.handleMessage (webpack-internal:///(pages-dir-browser)/./node_modules/next/dist/client/dev/hot-reloader/pages/websocket.js:68:17) @ webpack-internal:///(pages-dir-browser)/./node_modules/next/dist/next-devtools/shared/forward-logs-shared.js:27
[   29110ms] [INFO] %cDownload the React DevTools for a better development experience: https://reactjs.org/link/react-devtools font-weight:bold @ webpack-internal:///(pages-dir-browser)/./node_modules/react-dom/cjs/react-dom.development.js:29834
[   29127ms] ReferenceError: __turbopack_load_page_chunks__ is not defined
    at http://localhost:3111/_next/static/chunks/pages/_app.js:1:1
[   29127ms] ReferenceError: __turbopack_load_page_chunks__ is not defined
    at http://localhost:3111/_next/static/chunks/pages/index.js:1:1
[   29131ms] [LOG] [HMR] connected @ webpack-internal:///(pages-dir-browser)/./node_modules/next/dist/next-devtools/shared/forward-logs-shared.js:27
[   29132ms] [WARNING] [HMR] Invalid message: {"type":"isrManifest","data":{"/":true}}
TypeError: Cannot read properties of undefined (reading 'components')
    at handleStaticIndicator (webpack-internal:///(pages-dir-browser)/./node_modules/next/dist/client/dev/hot-reloader/pages/hot-reloader-pages.js:177:46)
    at processMessage (webpack-internal:///(pages-dir-browser)/./node_modules/next/dist/client/dev/hot-reloader/pages/hot-reloader-pages.js:191:17)
    at eval (webpack-internal:///(pages-dir-browser)/./node_modules/next/dist/client/dev/hot-reloader/pages/hot-reloader-pages.js:69:13)
    at WebSocket.handleMessage (webpack-internal:///(pages-dir-browser)/./node_modules/next/dist/client/dev/hot-reloader/pages/websocket.js:68:17) @ webpack-internal:///(pages-dir-browser)/./node_modules/next/dist/next-devtools/shared/forward-logs-shared.js:27
[   29174ms] [ERROR] Failed to load resource: the server responded with a status of 404 (Not Found) @ http://localhost:3111/_next/static/webpack/882bcfdc2ebfc3a1.webpack.hot-update.json:0
[   29190ms] [LOG] [Fast Refresh] rebuilding @ webpack-internal:///(pages-dir-browser)/./node_modules/next/dist/next-devtools/shared/forward-logs-shared.js:27
[   29201ms] [WARNING] [HMR] Invalid message: {"type":"isrManifest","data":{"/":true}}
TypeError: Cannot read properties of undefined (reading 'components')
    at handleStaticIndicator (webpack-internal:///(pages-dir-browser)/./node_modules/next/dist/client/dev/hot-reloader/pages/hot-reloader-pages.js:177:46)
    at processMessage (webpack-internal:///(pages-dir-browser)/./node_modules/next/dist/client/dev/hot-reloader/pages/hot-reloader-pages.js:191:17)
    at eval (webpack-internal:///(pages-dir-browser)/./node_modules/next/dist/client/dev/hot-reloader/pages/hot-reloader-pages.js:69:13)
    at WebSocket.handleMessage (webpack-internal:///(pages-dir-browser)/./node_modules/next/dist/client/dev/hot-reloader/pages/websocket.js:68:17) @ webpack-internal:///(pages-dir-browser)/./node_modules/next/dist/next-devtools/shared/forward-logs-shared.js:27
[   29602ms] [INFO] %cDownload the React DevTools for a better development experience: https://reactjs.org/link/react-devtools font-weight:bold @ webpack-internal:///(pages-dir-browser)/./node_modules/react-dom/cjs/react-dom.development.js:29834
[   29618ms] ReferenceError: __turbopack_load_page_chunks__ is not defined
    at http://localhost:3111/_next/static/chunks/pages/_app.js:1:1
[   29619ms] ReferenceError: __turbopack_load_page_chunks__ is not defined
    at http://localhost:3111/_next/static/chunks/pages/index.js:1:1
[   29623ms] [LOG] [HMR] connected @ webpack-internal:///(pages-dir-browser)/./node_modules/next/dist/next-devtools/shared/forward-logs-shared.js:27
[   29623ms] [WARNING] [HMR] Invalid message: {"type":"isrManifest","data":{"/":true}}
TypeError: Cannot read properties of undefined (reading 'components')
    at handleStaticIndicator (webpack-internal:///(pages-dir-browser)/./node_modules/next/dist/client/dev/hot-reloader/pages/hot-reloader-pages.js:177:46)
    at processMessage (webpack-internal:///(pages-dir-browser)/./node_modules/next/dist/client/dev/hot-reloader/pages/hot-reloader-pages.js:191:17)
    at eval (webpack-internal:///(pages-dir-browser)/./node_modules/next/dist/client/dev/hot-reloader/pages/hot-reloader-pages.js:69:13)
    at WebSocket.handleMessage (webpack-internal:///(pages-dir-browser)/./node_modules/next/dist/client/dev/hot-reloader/pages/websocket.js:68:17) @ webpack-internal:///(pages-dir-browser)/./node_modules/next/dist/next-devtools/shared/forward-logs-shared.js:27
[   29665ms] [ERROR] Failed to load resource: the server responded with a status of 404 (Not Found) @ http://localhost:3111/_next/static/webpack/882bcfdc2ebfc3a1.webpack.hot-update.json:0
[   29682ms] [LOG] [Fast Refresh] rebuilding @ webpack-internal:///(pages-dir-browser)/./node_modules/next/dist/next-devtools/shared/forward-logs-shared.js:27
[   29694ms] [WARNING] [HMR] Invalid message: {"type":"isrManifest","data":{"/":true}}
TypeError: Cannot read properties of undefined (reading 'components')
    at handleStaticIndicator (webpack-internal:///(pages-dir-browser)/./node_modules/next/dist/client/dev/hot-reloader/pages/hot-reloader-pages.js:177:46)
    at processMessage (webpack-internal:///(pages-dir-browser)/./node_modules/next/dist/client/dev/hot-reloader/pages/hot-reloader-pages.js:191:17)
    at eval (webpack-internal:///(pages-dir-browser)/./node_modules/next/dist/client/dev/hot-reloader/pages/hot-reloader-pages.js:69:13)
    at WebSocket.handleMessage (webpack-internal:///(pages-dir-browser)/./node_modules/next/dist/client/dev/hot-reloader/pages/websocket.js:68:17) @ webpack-internal:///(pages-dir-browser)/./node_modules/next/dist/next-devtools/shared/forward-logs-shared.js:27
[   30090ms] [INFO] %cDownload the React DevTools for a better development experience: https://reactjs.org/link/react-devtools font-weight:bold @ webpack-internal:///(pages-dir-browser)/./node_modules/react-dom/cjs/react-dom.development.js:29834
[   30113ms] ReferenceError: __turbopack_load_page_chunks__ is not defined
    at http://localhost:3111/_next/static/chunks/pages/_app.js:1:1
[   30114ms] ReferenceError: __turbopack_load_page_chunks__ is not defined
    at http://localhost:3111/_next/static/chunks/pages/index.js:1:1
[   30118ms] [LOG] [HMR] connected @ webpack-internal:///(pages-dir-browser)/./node_modules/next/dist/next-devtools/shared/forward-logs-shared.js:27
[   30119ms] [WARNING] [HMR] Invalid message: {"type":"isrManifest","data":{"/":true}}
TypeError: Cannot read properties of undefined (reading 'components')
    at handleStaticIndicator (webpack-internal:///(pages-dir-browser)/./node_modules/next/dist/client/dev/hot-reloader/pages/hot-reloader-pages.js:177:46)
    at processMessage (webpack-internal:///(pages-dir-browser)/./node_modules/next/dist/client/dev/hot-reloader/pages/hot-reloader-pages.js:191:17)
    at eval (webpack-internal:///(pages-dir-browser)/./node_modules/next/dist/client/dev/hot-reloader/pages/hot-reloader-pages.js:69:13)
    at WebSocket.handleMessage (webpack-internal:///(pages-dir-browser)/./node_modules/next/dist/client/dev/hot-reloader/pages/websocket.js:68:17) @ webpack-internal:///(pages-dir-browser)/./node_modules/next/dist/next-devtools/shared/forward-logs-shared.js:27
[   30163ms] [ERROR] Failed to load resource: the server responded with a status of 404 (Not Found) @ http://localhost:3111/_next/static/webpack/882bcfdc2ebfc3a1.webpack.hot-update.json:0
[   30178ms] [LOG] [Fast Refresh] rebuilding @ webpack-internal:///(pages-dir-browser)/./node_modules/next/dist/next-devtools/shared/forward-logs-shared.js:27
[   30190ms] [WARNING] [HMR] Invalid message: {"type":"isrManifest","data":{"/":true}}
TypeError: Cannot read properties of undefined (reading 'components')
    at handleStaticIndicator (webpack-internal:///(pages-dir-browser)/./node_modules/next/dist/client/dev/hot-reloader/pages/hot-reloader-pages.js:177:46)
    at processMessage (webpack-internal:///(pages-dir-browser)/./node_modules/next/dist/client/dev/hot-reloader/pages/hot-reloader-pages.js:191:17)
    at eval (webpack-internal:///(pages-dir-browser)/./node_modules/next/dist/client/dev/hot-reloader/pages/hot-reloader-pages.js:69:13)
    at WebSocket.handleMessage (webpack-internal:///(pages-dir-browser)/./node_modules/next/dist/client/dev/hot-reloader/pages/websocket.js:68:17) @ webpack-internal:///(pages-dir-browser)/./node_modules/next/dist/next-devtools/shared/forward-logs-shared.js:27
[   30602ms] [INFO] %cDownload the React DevTools for a better development experience: https://reactjs.org/link/react-devtools font-weight:bold @ webpack-internal:///(pages-dir-browser)/./node_modules/react-dom/cjs/react-dom.development.js:29834
[   30619ms] ReferenceError: __turbopack_load_page_chunks__ is not defined
    at http://localhost:3111/_next/static/chunks/pages/_app.js:1:1
[   30620ms] ReferenceError: __turbopack_load_page_chunks__ is not defined
    at http://localhost:3111/_next/static/chunks/pages/index.js:1:1
[   30624ms] [LOG] [HMR] connected @ webpack-internal:///(pages-dir-browser)/./node_modules/next/dist/next-devtools/shared/forward-logs-shared.js:27
[   30625ms] [WARNING] [HMR] Invalid message: {"type":"isrManifest","data":{"/":true}}
TypeError: Cannot read properties of undefined (reading 'components')
    at handleStaticIndicator (webpack-internal:///(pages-dir-browser)/./node_modules/next/dist/client/dev/hot-reloader/pages/hot-reloader-pages.js:177:46)
    at processMessage (webpack-internal:///(pages-dir-browser)/./node_modules/next/dist/client/dev/hot-reloader/pages/hot-reloader-pages.js:191:17)
    at eval (webpack-internal:///(pages-dir-browser)/./node_modules/next/dist/client/dev/hot-reloader/pages/hot-reloader-pages.js:69:13)
    at WebSocket.handleMessage (webpack-internal:///(pages-dir-browser)/./node_modules/next/dist/client/dev/hot-reloader/pages/websocket.js:68:17) @ webpack-internal:///(pages-dir-browser)/./node_modules/next/dist/next-devtools/shared/forward-logs-shared.js:27
[   30671ms] [ERROR] Failed to load resource: the server responded with a status of 404 (Not Found) @ http://localhost:3111/_next/static/webpack/882bcfdc2ebfc3a1.webpack.hot-update.json:0
[   30687ms] [LOG] [Fast Refresh] rebuilding @ webpack-internal:///(pages-dir-browser)/./node_modules/next/dist/next-devtools/shared/forward-logs-shared.js:27
[   30699ms] [WARNING] [HMR] Invalid message: {"type":"isrManifest","data":{"/":true}}
TypeError: Cannot read properties of undefined (reading 'components')
    at handleStaticIndicator (webpack-internal:///(pages-dir-browser)/./node_modules/next/dist/client/dev/hot-reloader/pages/hot-reloader-pages.js:177:46)
    at processMessage (webpack-internal:///(pages-dir-browser)/./node_modules/next/dist/client/dev/hot-reloader/pages/hot-reloader-pages.js:191:17)
    at eval (webpack-internal:///(pages-dir-browser)/./node_modules/next/dist/client/dev/hot-reloader/pages/hot-reloader-pages.js:69:13)
    at WebSocket.handleMessage (webpack-internal:///(pages-dir-browser)/./node_modules/next/dist/client/dev/hot-reloader/pages/websocket.js:68:17) @ webpack-internal:///(pages-dir-browser)/./node_modules/next/dist/next-devtools/shared/forward-logs-shared.js:27
[   31114ms] [INFO] %cDownload the React DevTools for a better development experience: https://reactjs.org/link/react-devtools font-weight:bold @ webpack-internal:///(pages-dir-browser)/./node_modules/react-dom/cjs/react-dom.development.js:29834
[   31137ms] ReferenceError: __turbopack_load_page_chunks__ is not defined
    at http://localhost:3111/_next/static/chunks/pages/_app.js:1:1
[   31137ms] ReferenceError: __turbopack_load_page_chunks__ is not defined
    at http://localhost:3111/_next/static/chunks/pages/index.js:1:1
[   31141ms] [LOG] [HMR] connected @ webpack-internal:///(pages-dir-browser)/./node_modules/next/dist/next-devtools/shared/forward-logs-shared.js:27
[   31142ms] [WARNING] [HMR] Invalid message: {"type":"isrManifest","data":{"/":true}}
TypeError: Cannot read properties of undefined (reading 'components')
    at handleStaticIndicator (webpack-internal:///(pages-dir-browser)/./node_modules/next/dist/client/dev/hot-reloader/pages/hot-reloader-pages.js:177:46)
    at processMessage (webpack-internal:///(pages-dir-browser)/./node_modules/next/dist/client/dev/hot-reloader/pages/hot-reloader-pages.js:191:17)
    at eval (webpack-internal:///(pages-dir-browser)/./node_modules/next/dist/client/dev/hot-reloader/pages/hot-reloader-pages.js:69:13)
    at WebSocket.handleMessage (webpack-internal:///(pages-dir-browser)/./node_modules/next/dist/client/dev/hot-reloader/pages/websocket.js:68:17) @ webpack-internal:///(pages-dir-browser)/./node_modules/next/dist/next-devtools/shared/forward-logs-shared.js:27
[   31190ms] [ERROR] Failed to load resource: the server responded with a status of 404 (Not Found) @ http://localhost:3111/_next/static/webpack/882bcfdc2ebfc3a1.webpack.hot-update.json:0
[   31208ms] [LOG] [Fast Refresh] rebuilding @ webpack-internal:///(pages-dir-browser)/./node_modules/next/dist/next-devtools/shared/forward-logs-shared.js:27
[   31217ms] [WARNING] [HMR] Invalid message: {"type":"isrManifest","data":{"/":true}}
TypeError: Cannot read properties of undefined (reading 'components')
    at handleStaticIndicator (webpack-internal:///(pages-dir-browser)/./node_modules/next/dist/client/dev/hot-reloader/pages/hot-reloader-pages.js:177:46)
    at processMessage (webpack-internal:///(pages-dir-browser)/./node_modules/next/dist/client/dev/hot-reloader/pages/hot-reloader-pages.js:191:17)
    at eval (webpack-internal:///(pages-dir-browser)/./node_modules/next/dist/client/dev/hot-reloader/pages/hot-reloader-pages.js:69:13)
    at WebSocket.handleMessage (webpack-internal:///(pages-dir-browser)/./node_modules/next/dist/client/dev/hot-reloader/pages/websocket.js:68:17) @ webpack-internal:///(pages-dir-browser)/./node_modules/next/dist/next-devtools/shared/forward-logs-shared.js:27
[   31610ms] [INFO] %cDownload the React DevTools for a better development experience: https://reactjs.org/link/react-devtools font-weight:bold @ webpack-internal:///(pages-dir-browser)/./node_modules/react-dom/cjs/react-dom.development.js:29834
[   31629ms] ReferenceError: __turbopack_load_page_chunks__ is not defined
    at http://localhost:3111/_next/static/chunks/pages/_app.js:1:1
[   31630ms] ReferenceError: __turbopack_load_page_chunks__ is not defined
    at http://localhost:3111/_next/static/chunks/pages/index.js:1:1
[   31634ms] [LOG] [HMR] connected @ webpack-internal:///(pages-dir-browser)/./node_modules/next/dist/next-devtools/shared/forward-logs-shared.js:27
[   31635ms] [WARNING] [HMR] Invalid message: {"type":"isrManifest","data":{"/":true}}
TypeError: Cannot read properties of undefined (reading 'components')
    at handleStaticIndicator (webpack-internal:///(pages-dir-browser)/./node_modules/next/dist/client/dev/hot-reloader/pages/hot-reloader-pages.js:177:46)
    at processMessage (webpack-internal:///(pages-dir-browser)/./node_modules/next/dist/client/dev/hot-reloader/pages/hot-reloader-pages.js:191:17)
    at eval (webpack-internal:///(pages-dir-browser)/./node_modules/next/dist/client/dev/hot-reloader/pages/hot-reloader-pages.js:69:13)
    at WebSocket.handleMessage (webpack-internal:///(pages-dir-browser)/./node_modules/next/dist/client/dev/hot-reloader/pages/websocket.js:68:17) @ webpack-internal:///(pages-dir-browser)/./node_modules/next/dist/next-devtools/shared/forward-logs-shared.js:27
[   31682ms] [ERROR] Failed to load resource: the server responded with a status of 404 (Not Found) @ http://localhost:3111/_next/static/webpack/882bcfdc2ebfc3a1.webpack.hot-update.json:0
[   31698ms] [LOG] [Fast Refresh] rebuilding @ webpack-internal:///(pages-dir-browser)/./node_modules/next/dist/next-devtools/shared/forward-logs-shared.js:27
[   31710ms] [WARNING] [HMR] Invalid message: {"type":"isrManifest","data":{"/":true}}
TypeError: Cannot read properties of undefined (reading 'components')
    at handleStaticIndicator (webpack-internal:///(pages-dir-browser)/./node_modules/next/dist/client/dev/hot-reloader/pages/hot-reloader-pages.js:177:46)
    at processMessage (webpack-internal:///(pages-dir-browser)/./node_modules/next/dist/client/dev/hot-reloader/pages/hot-reloader-pages.js:191:17)
    at eval (webpack-internal:///(pages-dir-browser)/./node_modules/next/dist/client/dev/hot-reloader/pages/hot-reloader-pages.js:69:13)
    at WebSocket.handleMessage (webpack-internal:///(pages-dir-browser)/./node_modules/next/dist/client/dev/hot-reloader/pages/websocket.js:68:17) @ webpack-internal:///(pages-dir-browser)/./node_modules/next/dist/next-devtools/shared/forward-logs-shared.js:27
[   32108ms] [INFO] %cDownload the React DevTools for a better development experience: https://reactjs.org/link/react-devtools font-weight:bold @ webpack-internal:///(pages-dir-browser)/./node_modules/react-dom/cjs/react-dom.development.js:29834
[   32124ms] ReferenceError: __turbopack_load_page_chunks__ is not defined
    at http://localhost:3111/_next/static/chunks/pages/_app.js:1:1
[   32124ms] ReferenceError: __turbopack_load_page_chunks__ is not defined
    at http://localhost:3111/_next/static/chunks/pages/index.js:1:1
[   32129ms] [LOG] [HMR] connected @ webpack-internal:///(pages-dir-browser)/./node_modules/next/dist/next-devtools/shared/forward-logs-shared.js:27
[   32129ms] [WARNING] [HMR] Invalid message: {"type":"isrManifest","data":{"/":true}}
TypeError: Cannot read properties of undefined (reading 'components')
    at handleStaticIndicator (webpack-internal:///(pages-dir-browser)/./node_modules/next/dist/client/dev/hot-reloader/pages/hot-reloader-pages.js:177:46)
    at processMessage (webpack-internal:///(pages-dir-browser)/./node_modules/next/dist/client/dev/hot-reloader/pages/hot-reloader-pages.js:191:17)
    at eval (webpack-internal:///(pages-dir-browser)/./node_modules/next/dist/client/dev/hot-reloader/pages/hot-reloader-pages.js:69:13)
    at WebSocket.handleMessage (webpack-internal:///(pages-dir-browser)/./node_modules/next/dist/client/dev/hot-reloader/pages/websocket.js:68:17) @ webpack-internal:///(pages-dir-browser)/./node_modules/next/dist/next-devtools/shared/forward-logs-shared.js:27
[   32172ms] [ERROR] Failed to load resource: the server responded with a status of 404 (Not Found) @ http://localhost:3111/_next/static/webpack/882bcfdc2ebfc3a1.webpack.hot-update.json:0
[   32188ms] [LOG] [Fast Refresh] rebuilding @ webpack-internal:///(pages-dir-browser)/./node_modules/next/dist/next-devtools/shared/forward-logs-shared.js:27
[   32201ms] [WARNING] [HMR] Invalid message: {"type":"isrManifest","data":{"/":true}}
TypeError: Cannot read properties of undefined (reading 'components')
    at handleStaticIndicator (webpack-internal:///(pages-dir-browser)/./node_modules/next/dist/client/dev/hot-reloader/pages/hot-reloader-pages.js:177:46)
    at processMessage (webpack-internal:///(pages-dir-browser)/./node_modules/next/dist/client/dev/hot-reloader/pages/hot-reloader-pages.js:191:17)
    at eval (webpack-internal:///(pages-dir-browser)/./node_modules/next/dist/client/dev/hot-reloader/pages/hot-reloader-pages.js:69:13)
    at WebSocket.handleMessage (webpack-internal:///(pages-dir-browser)/./node_modules/next/dist/client/dev/hot-reloader/pages/websocket.js:68:17) @ webpack-internal:///(pages-dir-browser)/./node_modules/next/dist/next-devtools/shared/forward-logs-shared.js:27
[   32612ms] [INFO] %cDownload the React DevTools for a better development experience: https://reactjs.org/link/react-devtools font-weight:bold @ webpack-internal:///(pages-dir-browser)/./node_modules/react-dom/cjs/react-dom.development.js:29834
[   32637ms] ReferenceError: __turbopack_load_page_chunks__ is not defined
    at http://localhost:3111/_next/static/chunks/pages/_app.js:1:1
[   32637ms] ReferenceError: __turbopack_load_page_chunks__ is not defined
    at http://localhost:3111/_next/static/chunks/pages/index.js:1:1
[   32642ms] [LOG] [HMR] connected @ webpack-internal:///(pages-dir-browser)/./node_modules/next/dist/next-devtools/shared/forward-logs-shared.js:27
[   32643ms] [WARNING] [HMR] Invalid message: {"type":"isrManifest","data":{"/":true}}
TypeError: Cannot read properties of undefined (reading 'components')
    at handleStaticIndicator (webpack-internal:///(pages-dir-browser)/./node_modules/next/dist/client/dev/hot-reloader/pages/hot-reloader-pages.js:177:46)
    at processMessage (webpack-internal:///(pages-dir-browser)/./node_modules/next/dist/client/dev/hot-reloader/pages/hot-reloader-pages.js:191:17)
    at eval (webpack-internal:///(pages-dir-browser)/./node_modules/next/dist/client/dev/hot-reloader/pages/hot-reloader-pages.js:69:13)
    at WebSocket.handleMessage (webpack-internal:///(pages-dir-browser)/./node_modules/next/dist/client/dev/hot-reloader/pages/websocket.js:68:17) @ webpack-internal:///(pages-dir-browser)/./node_modules/next/dist/next-devtools/shared/forward-logs-shared.js:27
[   32707ms] [ERROR] Failed to load resource: the server responded with a status of 404 (Not Found) @ http://localhost:3111/_next/static/webpack/882bcfdc2ebfc3a1.webpack.hot-update.json:0
[   32730ms] [LOG] [Fast Refresh] rebuilding @ webpack-internal:///(pages-dir-browser)/./node_modules/next/dist/next-devtools/shared/forward-logs-shared.js:27
[   32743ms] [WARNING] [HMR] Invalid message: {"type":"isrManifest","data":{"/":true}}
TypeError: Cannot read properties of undefined (reading 'components')
    at handleStaticIndicator (webpack-internal:///(pages-dir-browser)/./node_modules/next/dist/client/dev/hot-reloader/pages/hot-reloader-pages.js:177:46)
    at processMessage (webpack-internal:///(pages-dir-browser)/./node_modules/next/dist/client/dev/hot-reloader/pages/hot-reloader-pages.js:191:17)
    at eval (webpack-internal:///(pages-dir-browser)/./node_modules/next/dist/client/dev/hot-reloader/pages/hot-reloader-pages.js:69:13)
    at WebSocket.handleMessage (webpack-internal:///(pages-dir-browser)/./node_modules/next/dist/client/dev/hot-reloader/pages/websocket.js:68:17) @ webpack-internal:///(pages-dir-browser)/./node_modules/next/dist/next-devtools/shared/forward-logs-shared.js:27
[   33163ms] [INFO] %cDownload the React DevTools for a better development experience: https://reactjs.org/link/react-devtools font-weight:bold @ webpack-internal:///(pages-dir-browser)/./node_modules/react-dom/cjs/react-dom.development.js:29834
[   33186ms] ReferenceError: __turbopack_load_page_chunks__ is not defined
    at http://localhost:3111/_next/static/chunks/pages/_app.js:1:1
[   33187ms] ReferenceError: __turbopack_load_page_chunks__ is not defined
    at http://localhost:3111/_next/static/chunks/pages/index.js:1:1
[   33191ms] [LOG] [HMR] connected @ webpack-internal:///(pages-dir-browser)/./node_modules/next/dist/next-devtools/shared/forward-logs-shared.js:27
[   33191ms] [WARNING] [HMR] Invalid message: {"type":"isrManifest","data":{"/":true}}
TypeError: Cannot read properties of undefined (reading 'components')
    at handleStaticIndicator (webpack-internal:///(pages-dir-browser)/./node_modules/next/dist/client/dev/hot-reloader/pages/hot-reloader-pages.js:177:46)
    at processMessage (webpack-internal:///(pages-dir-browser)/./node_modules/next/dist/client/dev/hot-reloader/pages/hot-reloader-pages.js:191:17)
    at eval (webpack-internal:///(pages-dir-browser)/./node_modules/next/dist/client/dev/hot-reloader/pages/hot-reloader-pages.js:69:13)
    at WebSocket.handleMessage (webpack-internal:///(pages-dir-browser)/./node_modules/next/dist/client/dev/hot-reloader/pages/websocket.js:68:17) @ webpack-internal:///(pages-dir-browser)/./node_modules/next/dist/next-devtools/shared/forward-logs-shared.js:27
[   33245ms] [ERROR] Failed to load resource: the server responded with a status of 404 (Not Found) @ http://localhost:3111/_next/static/webpack/882bcfdc2ebfc3a1.webpack.hot-update.json:0
[   33264ms] [LOG] [Fast Refresh] rebuilding @ webpack-internal:///(pages-dir-browser)/./node_modules/next/dist/next-devtools/shared/forward-logs-shared.js:27
[   33275ms] [WARNING] [HMR] Invalid message: {"type":"isrManifest","data":{"/":true}}
TypeError: Cannot read properties of undefined (reading 'components')
    at handleStaticIndicator (webpack-internal:///(pages-dir-browser)/./node_modules/next/dist/client/dev/hot-reloader/pages/hot-reloader-pages.js:177:46)
    at processMessage (webpack-internal:///(pages-dir-browser)/./node_modules/next/dist/client/dev/hot-reloader/pages/hot-reloader-pages.js:191:17)
    at eval (webpack-internal:///(pages-dir-browser)/./node_modules/next/dist/client/dev/hot-reloader/pages/hot-reloader-pages.js:69:13)
    at WebSocket.handleMessage (webpack-internal:///(pages-dir-browser)/./node_modules/next/dist/client/dev/hot-reloader/pages/websocket.js:68:17) @ webpack-internal:///(pages-dir-browser)/./node_modules/next/dist/next-devtools/shared/forward-logs-shared.js:27
[   33678ms] [INFO] %cDownload the React DevTools for a better development experience: https://reactjs.org/link/react-devtools font-weight:bold @ webpack-internal:///(pages-dir-browser)/./node_modules/react-dom/cjs/react-dom.development.js:29834
[   33728ms] ReferenceError: __turbopack_load_page_chunks__ is not defined
    at http://localhost:3111/_next/static/chunks/pages/_app.js:1:1
[   33729ms] ReferenceError: __turbopack_load_page_chunks__ is not defined
    at http://localhost:3111/_next/static/chunks/pages/index.js:1:1
[   33737ms] [LOG] [HMR] connected @ webpack-internal:///(pages-dir-browser)/./node_modules/next/dist/next-devtools/shared/forward-logs-shared.js:27
[   33738ms] [WARNING] [HMR] Invalid message: {"type":"isrManifest","data":{"/":true}}
TypeError: Cannot read properties of undefined (reading 'components')
    at handleStaticIndicator (webpack-internal:///(pages-dir-browser)/./node_modules/next/dist/client/dev/hot-reloader/pages/hot-reloader-pages.js:177:46)
    at processMessage (webpack-internal:///(pages-dir-browser)/./node_modules/next/dist/client/dev/hot-reloader/pages/hot-reloader-pages.js:191:17)
    at eval (webpack-internal:///(pages-dir-browser)/./node_modules/next/dist/client/dev/hot-reloader/pages/hot-reloader-pages.js:69:13)
    at WebSocket.handleMessage (webpack-internal:///(pages-dir-browser)/./node_modules/next/dist/client/dev/hot-reloader/pages/websocket.js:68:17) @ webpack-internal:///(pages-dir-browser)/./node_modules/next/dist/next-devtools/shared/forward-logs-shared.js:27
[   33792ms] [ERROR] Failed to load resource: the server responded with a status of 404 (Not Found) @ http://localhost:3111/_next/static/webpack/882bcfdc2ebfc3a1.webpack.hot-update.json:0
[   33811ms] [LOG] [Fast Refresh] rebuilding @ webpack-internal:///(pages-dir-browser)/./node_modules/next/dist/next-devtools/shared/forward-logs-shared.js:27
[   33824ms] [WARNING] [HMR] Invalid message: {"type":"isrManifest","data":{"/":true}}
TypeError: Cannot read properties of undefined (reading 'components')
    at handleStaticIndicator (webpack-internal:///(pages-dir-browser)/./node_modules/next/dist/client/dev/hot-reloader/pages/hot-reloader-pages.js:177:46)
    at processMessage (webpack-internal:///(pages-dir-browser)/./node_modules/next/dist/client/dev/hot-reloader/pages/hot-reloader-pages.js:191:17)
    at eval (webpack-internal:///(pages-dir-browser)/./node_modules/next/dist/client/dev/hot-reloader/pages/hot-reloader-pages.js:69:13)
    at WebSocket.handleMessage (webpack-internal:///(pages-dir-browser)/./node_modules/next/dist/client/dev/hot-reloader/pages/websocket.js:68:17) @ webpack-internal:///(pages-dir-browser)/./node_modules/next/dist/next-devtools/shared/forward-logs-shared.js:27
[   34238ms] [INFO] %cDownload the React DevTools for a better development experience: https://reactjs.org/link/react-devtools font-weight:bold @ webpack-internal:///(pages-dir-browser)/./node_modules/react-dom/cjs/react-dom.development.js:29834
[   34262ms] ReferenceError: __turbopack_load_page_chunks__ is not defined
    at http://localhost:3111/_next/static/chunks/pages/_app.js:1:1
[   34263ms] ReferenceError: __turbopack_load_page_chunks__ is not defined
    at http://localhost:3111/_next/static/chunks/pages/index.js:1:1
[   34267ms] [LOG] [HMR] connected @ webpack-internal:///(pages-dir-browser)/./node_modules/next/dist/next-devtools/shared/forward-logs-shared.js:27
[   34268ms] [WARNING] [HMR] Invalid message: {"type":"isrManifest","data":{"/":true}}
TypeError: Cannot read properties of undefined (reading 'components')
    at handleStaticIndicator (webpack-internal:///(pages-dir-browser)/./node_modules/next/dist/client/dev/hot-reloader/pages/hot-reloader-pages.js:177:46)
    at processMessage (webpack-internal:///(pages-dir-browser)/./node_modules/next/dist/client/dev/hot-reloader/pages/hot-reloader-pages.js:191:17)
    at eval (webpack-internal:///(pages-dir-browser)/./node_modules/next/dist/client/dev/hot-reloader/pages/hot-reloader-pages.js:69:13)
    at WebSocket.handleMessage (webpack-internal:///(pages-dir-browser)/./node_modules/next/dist/client/dev/hot-reloader/pages/websocket.js:68:17) @ webpack-internal:///(pages-dir-browser)/./node_modules/next/dist/next-devtools/shared/forward-logs-shared.js:27
[   34315ms] [ERROR] Failed to load resource: the server responded with a status of 404 (Not Found) @ http://localhost:3111/_next/static/webpack/882bcfdc2ebfc3a1.webpack.hot-update.json:0
[   34332ms] [LOG] [Fast Refresh] rebuilding @ webpack-internal:///(pages-dir-browser)/./node_modules/next/dist/next-devtools/shared/forward-logs-shared.js:27
[   34344ms] [WARNING] [HMR] Invalid message: {"type":"isrManifest","data":{"/":true}}
TypeError: Cannot read properties of undefined (reading 'components')
    at handleStaticIndicator (webpack-internal:///(pages-dir-browser)/./node_modules/next/dist/client/dev/hot-reloader/pages/hot-reloader-pages.js:177:46)
    at processMessage (webpack-internal:///(pages-dir-browser)/./node_modules/next/dist/client/dev/hot-reloader/pages/hot-reloader-pages.js:191:17)
    at eval (webpack-internal:///(pages-dir-browser)/./node_modules/next/dist/client/dev/hot-reloader/pages/hot-reloader-pages.js:69:13)
    at WebSocket.handleMessage (webpack-internal:///(pages-dir-browser)/./node_modules/next/dist/client/dev/hot-reloader/pages/websocket.js:68:17) @ webpack-internal:///(pages-dir-browser)/./node_modules/next/dist/next-devtools/shared/forward-logs-shared.js:27
[   34769ms] [INFO] %cDownload the React DevTools for a better development experience: https://reactjs.org/link/react-devtools font-weight:bold @ webpack-internal:///(pages-dir-browser)/./node_modules/react-dom/cjs/react-dom.development.js:29834
[   34794ms] ReferenceError: __turbopack_load_page_chunks__ is not defined
    at http://localhost:3111/_next/static/chunks/pages/_app.js:1:1
[   34794ms] ReferenceError: __turbopack_load_page_chunks__ is not defined
    at http://localhost:3111/_next/static/chunks/pages/index.js:1:1
[   34800ms] [LOG] [HMR] connected @ webpack-internal:///(pages-dir-browser)/./node_modules/next/dist/next-devtools/shared/forward-logs-shared.js:27
[   34801ms] [WARNING] [HMR] Invalid message: {"type":"isrManifest","data":{"/":true}}
TypeError: Cannot read properties of undefined (reading 'components')
    at handleStaticIndicator (webpack-internal:///(pages-dir-browser)/./node_modules/next/dist/client/dev/hot-reloader/pages/hot-reloader-pages.js:177:46)
    at processMessage (webpack-internal:///(pages-dir-browser)/./node_modules/next/dist/client/dev/hot-reloader/pages/hot-reloader-pages.js:191:17)
    at eval (webpack-internal:///(pages-dir-browser)/./node_modules/next/dist/client/dev/hot-reloader/pages/hot-reloader-pages.js:69:13)
    at WebSocket.handleMessage (webpack-internal:///(pages-dir-browser)/./node_modules/next/dist/client/dev/hot-reloader/pages/websocket.js:68:17) @ webpack-internal:///(pages-dir-browser)/./node_modules/next/dist/next-devtools/shared/forward-logs-shared.js:27
[   34847ms] [ERROR] Failed to load resource: the server responded with a status of 404 (Not Found) @ http://localhost:3111/_next/static/webpack/882bcfdc2ebfc3a1.webpack.hot-update.json:0
[   34864ms] [LOG] [Fast Refresh] rebuilding @ webpack-internal:///(pages-dir-browser)/./node_modules/next/dist/next-devtools/shared/forward-logs-shared.js:27
[   34877ms] [WARNING] [HMR] Invalid message: {"type":"isrManifest","data":{"/":true}}
TypeError: Cannot read properties of undefined (reading 'components')
    at handleStaticIndicator (webpack-internal:///(pages-dir-browser)/./node_modules/next/dist/client/dev/hot-reloader/pages/hot-reloader-pages.js:177:46)
    at processMessage (webpack-internal:///(pages-dir-browser)/./node_modules/next/dist/client/dev/hot-reloader/pages/hot-reloader-pages.js:191:17)
    at eval (webpack-internal:///(pages-dir-browser)/./node_modules/next/dist/client/dev/hot-reloader/pages/hot-reloader-pages.js:69:13)
    at WebSocket.handleMessage (webpack-internal:///(pages-dir-browser)/./node_modules/next/dist/client/dev/hot-reloader/pages/websocket.js:68:17) @ webpack-internal:///(pages-dir-browser)/./node_modules/next/dist/next-devtools/shared/forward-logs-shared.js:27
[   35311ms] [INFO] %cDownload the React DevTools for a better development experience: https://reactjs.org/link/react-devtools font-weight:bold @ webpack-internal:///(pages-dir-browser)/./node_modules/react-dom/cjs/react-dom.development.js:29834
[   35334ms] ReferenceError: __turbopack_load_page_chunks__ is not defined
    at http://localhost:3111/_next/static/chunks/pages/_app.js:1:1
[   35334ms] ReferenceError: __turbopack_load_page_chunks__ is not defined
    at http://localhost:3111/_next/static/chunks/pages/index.js:1:1
[   35339ms] [LOG] [HMR] connected @ webpack-internal:///(pages-dir-browser)/./node_modules/next/dist/next-devtools/shared/forward-logs-shared.js:27
[   35340ms] [WARNING] [HMR] Invalid message: {"type":"isrManifest","data":{"/":true}}
TypeError: Cannot read properties of undefined (reading 'components')
    at handleStaticIndicator (webpack-internal:///(pages-dir-browser)/./node_modules/next/dist/client/dev/hot-reloader/pages/hot-reloader-pages.js:177:46)
    at processMessage (webpack-internal:///(pages-dir-browser)/./node_modules/next/dist/client/dev/hot-reloader/pages/hot-reloader-pages.js:191:17)
    at eval (webpack-internal:///(pages-dir-browser)/./node_modules/next/dist/client/dev/hot-reloader/pages/hot-reloader-pages.js:69:13)
    at WebSocket.handleMessage (webpack-internal:///(pages-dir-browser)/./node_modules/next/dist/client/dev/hot-reloader/pages/websocket.js:68:17) @ webpack-internal:///(pages-dir-browser)/./node_modules/next/dist/next-devtools/shared/forward-logs-shared.js:27
[   35388ms] [ERROR] Failed to load resource: the server responded with a status of 404 (Not Found) @ http://localhost:3111/_next/static/webpack/882bcfdc2ebfc3a1.webpack.hot-update.json:0
[   35408ms] [LOG] [Fast Refresh] rebuilding @ webpack-internal:///(pages-dir-browser)/./node_modules/next/dist/next-devtools/shared/forward-logs-shared.js:27
[   35421ms] [WARNING] [HMR] Invalid message: {"type":"isrManifest","data":{"/":true}}
TypeError: Cannot read properties of undefined (reading 'components')
    at handleStaticIndicator (webpack-internal:///(pages-dir-browser)/./node_modules/next/dist/client/dev/hot-reloader/pages/hot-reloader-pages.js:177:46)
    at processMessage (webpack-internal:///(pages-dir-browser)/./node_modules/next/dist/client/dev/hot-reloader/pages/hot-reloader-pages.js:191:17)
    at eval (webpack-internal:///(pages-dir-browser)/./node_modules/next/dist/client/dev/hot-reloader/pages/hot-reloader-pages.js:69:13)
    at WebSocket.handleMessage (webpack-internal:///(pages-dir-browser)/./node_modules/next/dist/client/dev/hot-reloader/pages/websocket.js:68:17) @ webpack-internal:///(pages-dir-browser)/./node_modules/next/dist/next-devtools/shared/forward-logs-shared.js:27
[   35819ms] [INFO] %cDownload the React DevTools for a better development experience: https://reactjs.org/link/react-devtools font-weight:bold @ webpack-internal:///(pages-dir-browser)/./node_modules/react-dom/cjs/react-dom.development.js:29834
[   35836ms] ReferenceError: __turbopack_load_page_chunks__ is not defined
    at http://localhost:3111/_next/static/chunks/pages/_app.js:1:1
[   35837ms] ReferenceError: __turbopack_load_page_chunks__ is not defined
    at http://localhost:3111/_next/static/chunks/pages/index.js:1:1
[   35841ms] [LOG] [HMR] connected @ webpack-internal:///(pages-dir-browser)/./node_modules/next/dist/next-devtools/shared/forward-logs-shared.js:27
[   35841ms] [WARNING] [HMR] Invalid message: {"type":"isrManifest","data":{"/":true}}
TypeError: Cannot read properties of undefined (reading 'components')
    at handleStaticIndicator (webpack-internal:///(pages-dir-browser)/./node_modules/next/dist/client/dev/hot-reloader/pages/hot-reloader-pages.js:177:46)
    at processMessage (webpack-internal:///(pages-dir-browser)/./node_modules/next/dist/client/dev/hot-reloader/pages/hot-reloader-pages.js:191:17)
    at eval (webpack-internal:///(pages-dir-browser)/./node_modules/next/dist/client/dev/hot-reloader/pages/hot-reloader-pages.js:69:13)
    at WebSocket.handleMessage (webpack-internal:///(pages-dir-browser)/./node_modules/next/dist/client/dev/hot-reloader/pages/websocket.js:68:17) @ webpack-internal:///(pages-dir-browser)/./node_modules/next/dist/next-devtools/shared/forward-logs-shared.js:27
[   35889ms] [ERROR] Failed to load resource: the server responded with a status of 404 (Not Found) @ http://localhost:3111/_next/static/webpack/882bcfdc2ebfc3a1.webpack.hot-update.json:0
[   35910ms] [LOG] [Fast Refresh] rebuilding @ webpack-internal:///(pages-dir-browser)/./node_modules/next/dist/next-devtools/shared/forward-logs-shared.js:27
[   35922ms] [WARNING] [HMR] Invalid message: {"type":"isrManifest","data":{"/":true}}
TypeError: Cannot read properties of undefined (reading 'components')
    at handleStaticIndicator (webpack-internal:///(pages-dir-browser)/./node_modules/next/dist/client/dev/hot-reloader/pages/hot-reloader-pages.js:177:46)
    at processMessage (webpack-internal:///(pages-dir-browser)/./node_modules/next/dist/client/dev/hot-reloader/pages/hot-reloader-pages.js:191:17)
    at eval (webpack-internal:///(pages-dir-browser)/./node_modules/next/dist/client/dev/hot-reloader/pages/hot-reloader-pages.js:69:13)
    at WebSocket.handleMessage (webpack-internal:///(pages-dir-browser)/./node_modules/next/dist/client/dev/hot-reloader/pages/websocket.js:68:17) @ webpack-internal:///(pages-dir-browser)/./node_modules/next/dist/next-devtools/shared/forward-logs-shared.js:27
[   36328ms] [INFO] %cDownload the React DevTools for a better development experience: https://reactjs.org/link/react-devtools font-weight:bold @ webpack-internal:///(pages-dir-browser)/./node_modules/react-dom/cjs/react-dom.development.js:29834
[   36344ms] ReferenceError: __turbopack_load_page_chunks__ is not defined
    at http://localhost:3111/_next/static/chunks/pages/_app.js:1:1
[   36344ms] ReferenceError: __turbopack_load_page_chunks__ is not defined
    at http://localhost:3111/_next/static/chunks/pages/index.js:1:1
[   36348ms] [LOG] [HMR] connected @ webpack-internal:///(pages-dir-browser)/./node_modules/next/dist/next-devtools/shared/forward-logs-shared.js:27
[   36348ms] [WARNING] [HMR] Invalid message: {"type":"isrManifest","data":{"/":true}}
TypeError: Cannot read properties of undefined (reading 'components')
    at handleStaticIndicator (webpack-internal:///(pages-dir-browser)/./node_modules/next/dist/client/dev/hot-reloader/pages/hot-reloader-pages.js:177:46)
    at processMessage (webpack-internal:///(pages-dir-browser)/./node_modules/next/dist/client/dev/hot-reloader/pages/hot-reloader-pages.js:191:17)
    at eval (webpack-internal:///(pages-dir-browser)/./node_modules/next/dist/client/dev/hot-reloader/pages/hot-reloader-pages.js:69:13)
    at WebSocket.handleMessage (webpack-internal:///(pages-dir-browser)/./node_modules/next/dist/client/dev/hot-reloader/pages/websocket.js:68:17) @ webpack-internal:///(pages-dir-browser)/./node_modules/next/dist/next-devtools/shared/forward-logs-shared.js:27
[   36396ms] [ERROR] Failed to load resource: the server responded with a status of 404 (Not Found) @ http://localhost:3111/_next/static/webpack/882bcfdc2ebfc3a1.webpack.hot-update.json:0
[   36410ms] [LOG] [Fast Refresh] rebuilding @ webpack-internal:///(pages-dir-browser)/./node_modules/next/dist/next-devtools/shared/forward-logs-shared.js:27
[   36422ms] [WARNING] [HMR] Invalid message: {"type":"isrManifest","data":{"/":true}}
TypeError: Cannot read properties of undefined (reading 'components')
    at handleStaticIndicator (webpack-internal:///(pages-dir-browser)/./node_modules/next/dist/client/dev/hot-reloader/pages/hot-reloader-pages.js:177:46)
    at processMessage (webpack-internal:///(pages-dir-browser)/./node_modules/next/dist/client/dev/hot-reloader/pages/hot-reloader-pages.js:191:17)
    at eval (webpack-internal:///(pages-dir-browser)/./node_modules/next/dist/client/dev/hot-reloader/pages/hot-reloader-pages.js:69:13)
    at WebSocket.handleMessage (webpack-internal:///(pages-dir-browser)/./node_modules/next/dist/client/dev/hot-reloader/pages/websocket.js:68:17) @ webpack-internal:///(pages-dir-browser)/./node_modules/next/dist/next-devtools/shared/forward-logs-shared.js:27
[   36813ms] [INFO] %cDownload the React DevTools for a better development experience: https://reactjs.org/link/react-devtools font-weight:bold @ webpack-internal:///(pages-dir-browser)/./node_modules/react-dom/cjs/react-dom.development.js:29834
[   36829ms] ReferenceError: __turbopack_load_page_chunks__ is not defined
    at http://localhost:3111/_next/static/chunks/pages/_app.js:1:1
[   36830ms] ReferenceError: __turbopack_load_page_chunks__ is not defined
    at http://localhost:3111/_next/static/chunks/pages/index.js:1:1
[   36833ms] [LOG] [HMR] connected @ webpack-internal:///(pages-dir-browser)/./node_modules/next/dist/next-devtools/shared/forward-logs-shared.js:27
[   36834ms] [WARNING] [HMR] Invalid message: {"type":"isrManifest","data":{"/":true}}
TypeError: Cannot read properties of undefined (reading 'components')
    at handleStaticIndicator (webpack-internal:///(pages-dir-browser)/./node_modules/next/dist/client/dev/hot-reloader/pages/hot-reloader-pages.js:177:46)
    at processMessage (webpack-internal:///(pages-dir-browser)/./node_modules/next/dist/client/dev/hot-reloader/pages/hot-reloader-pages.js:191:17)
    at eval (webpack-internal:///(pages-dir-browser)/./node_modules/next/dist/client/dev/hot-reloader/pages/hot-reloader-pages.js:69:13)
    at WebSocket.handleMessage (webpack-internal:///(pages-dir-browser)/./node_modules/next/dist/client/dev/hot-reloader/pages/websocket.js:68:17) @ webpack-internal:///(pages-dir-browser)/./node_modules/next/dist/next-devtools/shared/forward-logs-shared.js:27
[   36875ms] [ERROR] Failed to load resource: the server responded with a status of 404 (Not Found) @ http://localhost:3111/_next/static/webpack/882bcfdc2ebfc3a1.webpack.hot-update.json:0
[   36891ms] [LOG] [Fast Refresh] rebuilding @ webpack-internal:///(pages-dir-browser)/./node_modules/next/dist/next-devtools/shared/forward-logs-shared.js:27
[   36904ms] [WARNING] [HMR] Invalid message: {"type":"isrManifest","data":{"/":true}}
TypeError: Cannot read properties of undefined (reading 'components')
    at handleStaticIndicator (webpack-internal:///(pages-dir-browser)/./node_modules/next/dist/client/dev/hot-reloader/pages/hot-reloader-pages.js:177:46)
    at processMessage (webpack-internal:///(pages-dir-browser)/./node_modules/next/dist/client/dev/hot-reloader/pages/hot-reloader-pages.js:191:17)
    at eval (webpack-internal:///(pages-dir-browser)/./node_modules/next/dist/client/dev/hot-reloader/pages/hot-reloader-pages.js:69:13)
    at WebSocket.handleMessage (webpack-internal:///(pages-dir-browser)/./node_modules/next/dist/client/dev/hot-reloader/pages/websocket.js:68:17) @ webpack-internal:///(pages-dir-browser)/./node_modules/next/dist/next-devtools/shared/forward-logs-shared.js:27
[   37299ms] [INFO] %cDownload the React DevTools for a better development experience: https://reactjs.org/link/react-devtools font-weight:bold @ webpack-internal:///(pages-dir-browser)/./node_modules/react-dom/cjs/react-dom.development.js:29834
[   37317ms] ReferenceError: __turbopack_load_page_chunks__ is not defined
    at http://localhost:3111/_next/static/chunks/pages/_app.js:1:1
[   37317ms] ReferenceError: __turbopack_load_page_chunks__ is not defined
    at http://localhost:3111/_next/static/chunks/pages/index.js:1:1
[   37322ms] [LOG] [HMR] connected @ webpack-internal:///(pages-dir-browser)/./node_modules/next/dist/next-devtools/shared/forward-logs-shared.js:27
[   37323ms] [WARNING] [HMR] Invalid message: {"type":"isrManifest","data":{"/":true}}
TypeError: Cannot read properties of undefined (reading 'components')
    at handleStaticIndicator (webpack-internal:///(pages-dir-browser)/./node_modules/next/dist/client/dev/hot-reloader/pages/hot-reloader-pages.js:177:46)
    at processMessage (webpack-internal:///(pages-dir-browser)/./node_modules/next/dist/client/dev/hot-reloader/pages/hot-reloader-pages.js:191:17)
    at eval (webpack-internal:///(pages-dir-browser)/./node_modules/next/dist/client/dev/hot-reloader/pages/hot-reloader-pages.js:69:13)
    at WebSocket.handleMessage (webpack-internal:///(pages-dir-browser)/./node_modules/next/dist/client/dev/hot-reloader/pages/websocket.js:68:17) @ webpack-internal:///(pages-dir-browser)/./node_modules/next/dist/next-devtools/shared/forward-logs-shared.js:27
[   37370ms] [ERROR] Failed to load resource: the server responded with a status of 404 (Not Found) @ http://localhost:3111/_next/static/webpack/882bcfdc2ebfc3a1.webpack.hot-update.json:0
[   37387ms] [LOG] [Fast Refresh] rebuilding @ webpack-internal:///(pages-dir-browser)/./node_modules/next/dist/next-devtools/shared/forward-logs-shared.js:27
[   37399ms] [WARNING] [HMR] Invalid message: {"type":"isrManifest","data":{"/":true}}
TypeError: Cannot read properties of undefined (reading 'components')
    at handleStaticIndicator (webpack-internal:///(pages-dir-browser)/./node_modules/next/dist/client/dev/hot-reloader/pages/hot-reloader-pages.js:177:46)
    at processMessage (webpack-internal:///(pages-dir-browser)/./node_modules/next/dist/client/dev/hot-reloader/pages/hot-reloader-pages.js:191:17)
    at eval (webpack-internal:///(pages-dir-browser)/./node_modules/next/dist/client/dev/hot-reloader/pages/hot-reloader-pages.js:69:13)
    at WebSocket.handleMessage (webpack-internal:///(pages-dir-browser)/./node_modules/next/dist/client/dev/hot-reloader/pages/websocket.js:68:17) @ webpack-internal:///(pages-dir-browser)/./node_modules/next/dist/next-devtools/shared/forward-logs-shared.js:27
[   37794ms] [INFO] %cDownload the React DevTools for a better development experience: https://reactjs.org/link/react-devtools font-weight:bold @ webpack-internal:///(pages-dir-browser)/./node_modules/react-dom/cjs/react-dom.development.js:29834
[   37835ms] ReferenceError: __turbopack_load_page_chunks__ is not defined
    at http://localhost:3111/_next/static/chunks/pages/_app.js:1:1
[   37835ms] ReferenceError: __turbopack_load_page_chunks__ is not defined
    at http://localhost:3111/_next/static/chunks/pages/index.js:1:1
[   37843ms] [LOG] [HMR] connected @ webpack-internal:///(pages-dir-browser)/./node_modules/next/dist/next-devtools/shared/forward-logs-shared.js:27
[   37845ms] [WARNING] [HMR] Invalid message: {"type":"isrManifest","data":{"/":true}}
TypeError: Cannot read properties of undefined (reading 'components')
    at handleStaticIndicator (webpack-internal:///(pages-dir-browser)/./node_modules/next/dist/client/dev/hot-reloader/pages/hot-reloader-pages.js:177:46)
    at processMessage (webpack-internal:///(pages-dir-browser)/./node_modules/next/dist/client/dev/hot-reloader/pages/hot-reloader-pages.js:191:17)
    at eval (webpack-internal:///(pages-dir-browser)/./node_modules/next/dist/client/dev/hot-reloader/pages/hot-reloader-pages.js:69:13)
    at WebSocket.handleMessage (webpack-internal:///(pages-dir-browser)/./node_modules/next/dist/client/dev/hot-reloader/pages/websocket.js:68:17) @ webpack-internal:///(pages-dir-browser)/./node_modules/next/dist/next-devtools/shared/forward-logs-shared.js:27
[   37887ms] [ERROR] Failed to load resource: the server responded with a status of 404 (Not Found) @ http://localhost:3111/_next/static/webpack/882bcfdc2ebfc3a1.webpack.hot-update.json:0
[   37903ms] [LOG] [Fast Refresh] rebuilding @ webpack-internal:///(pages-dir-browser)/./node_modules/next/dist/next-devtools/shared/forward-logs-shared.js:27
[   37915ms] [WARNING] [HMR] Invalid message: {"type":"isrManifest","data":{"/":true}}
TypeError: Cannot read properties of undefined (reading 'components')
    at handleStaticIndicator (webpack-internal:///(pages-dir-browser)/./node_modules/next/dist/client/dev/hot-reloader/pages/hot-reloader-pages.js:177:46)
    at processMessage (webpack-internal:///(pages-dir-browser)/./node_modules/next/dist/client/dev/hot-reloader/pages/hot-reloader-pages.js:191:17)
    at eval (webpack-internal:///(pages-dir-browser)/./node_modules/next/dist/client/dev/hot-reloader/pages/hot-reloader-pages.js:69:13)
    at WebSocket.handleMessage (webpack-internal:///(pages-dir-browser)/./node_modules/next/dist/client/dev/hot-reloader/pages/websocket.js:68:17) @ webpack-internal:///(pages-dir-browser)/./node_modules/next/dist/next-devtools/shared/forward-logs-shared.js:27
[   38308ms] [INFO] %cDownload the React DevTools for a better development experience: https://reactjs.org/link/react-devtools font-weight:bold @ webpack-internal:///(pages-dir-browser)/./node_modules/react-dom/cjs/react-dom.development.js:29834
[   38324ms] ReferenceError: __turbopack_load_page_chunks__ is not defined
    at http://localhost:3111/_next/static/chunks/pages/_app.js:1:1
[   38325ms] ReferenceError: __turbopack_load_page_chunks__ is not defined
    at http://localhost:3111/_next/static/chunks/pages/index.js:1:1
[   38328ms] [LOG] [HMR] connected @ webpack-internal:///(pages-dir-browser)/./node_modules/next/dist/next-devtools/shared/forward-logs-shared.js:27
[   38329ms] [WARNING] [HMR] Invalid message: {"type":"isrManifest","data":{"/":true}}
TypeError: Cannot read properties of undefined (reading 'components')
    at handleStaticIndicator (webpack-internal:///(pages-dir-browser)/./node_modules/next/dist/client/dev/hot-reloader/pages/hot-reloader-pages.js:177:46)
    at processMessage (webpack-internal:///(pages-dir-browser)/./node_modules/next/dist/client/dev/hot-reloader/pages/hot-reloader-pages.js:191:17)
    at eval (webpack-internal:///(pages-dir-browser)/./node_modules/next/dist/client/dev/hot-reloader/pages/hot-reloader-pages.js:69:13)
    at WebSocket.handleMessage (webpack-internal:///(pages-dir-browser)/./node_modules/next/dist/client/dev/hot-reloader/pages/websocket.js:68:17) @ webpack-internal:///(pages-dir-browser)/./node_modules/next/dist/next-devtools/shared/forward-logs-shared.js:27
[   38374ms] [ERROR] Failed to load resource: the server responded with a status of 404 (Not Found) @ http://localhost:3111/_next/static/webpack/882bcfdc2ebfc3a1.webpack.hot-update.json:0
[   38390ms] [LOG] [Fast Refresh] rebuilding @ webpack-internal:///(pages-dir-browser)/./node_modules/next/dist/next-devtools/shared/forward-logs-shared.js:27
[   38403ms] [WARNING] [HMR] Invalid message: {"type":"isrManifest","data":{"/":true}}
TypeError: Cannot read properties of undefined (reading 'components')
    at handleStaticIndicator (webpack-internal:///(pages-dir-browser)/./node_modules/next/dist/client/dev/hot-reloader/pages/hot-reloader-pages.js:177:46)
    at processMessage (webpack-internal:///(pages-dir-browser)/./node_modules/next/dist/client/dev/hot-reloader/pages/hot-reloader-pages.js:191:17)
    at eval (webpack-internal:///(pages-dir-browser)/./node_modules/next/dist/client/dev/hot-reloader/pages/hot-reloader-pages.js:69:13)
    at WebSocket.handleMessage (webpack-internal:///(pages-dir-browser)/./node_modules/next/dist/client/dev/hot-reloader/pages/websocket.js:68:17) @ webpack-internal:///(pages-dir-browser)/./node_modules/next/dist/next-devtools/shared/forward-logs-shared.js:27
[   38795ms] [INFO] %cDownload the React DevTools for a better development experience: https://reactjs.org/link/react-devtools font-weight:bold @ webpack-internal:///(pages-dir-browser)/./node_modules/react-dom/cjs/react-dom.development.js:29834
[   38812ms] ReferenceError: __turbopack_load_page_chunks__ is not defined
    at http://localhost:3111/_next/static/chunks/pages/_app.js:1:1
[   38812ms] ReferenceError: __turbopack_load_page_chunks__ is not defined
    at http://localhost:3111/_next/static/chunks/pages/index.js:1:1
[   38817ms] [LOG] [HMR] connected @ webpack-internal:///(pages-dir-browser)/./node_modules/next/dist/next-devtools/shared/forward-logs-shared.js:27
[   38818ms] [WARNING] [HMR] Invalid message: {"type":"isrManifest","data":{"/":true}}
TypeError: Cannot read properties of undefined (reading 'components')
    at handleStaticIndicator (webpack-internal:///(pages-dir-browser)/./node_modules/next/dist/client/dev/hot-reloader/pages/hot-reloader-pages.js:177:46)
    at processMessage (webpack-internal:///(pages-dir-browser)/./node_modules/next/dist/client/dev/hot-reloader/pages/hot-reloader-pages.js:191:17)
    at eval (webpack-internal:///(pages-dir-browser)/./node_modules/next/dist/client/dev/hot-reloader/pages/hot-reloader-pages.js:69:13)
    at WebSocket.handleMessage (webpack-internal:///(pages-dir-browser)/./node_modules/next/dist/client/dev/hot-reloader/pages/websocket.js:68:17) @ webpack-internal:///(pages-dir-browser)/./node_modules/next/dist/next-devtools/shared/forward-logs-shared.js:27
[   38859ms] [ERROR] Failed to load resource: the server responded with a status of 404 (Not Found) @ http://localhost:3111/_next/static/webpack/882bcfdc2ebfc3a1.webpack.hot-update.json:0
[   38876ms] [LOG] [Fast Refresh] rebuilding @ webpack-internal:///(pages-dir-browser)/./node_modules/next/dist/next-devtools/shared/forward-logs-shared.js:27
[   38889ms] [WARNING] [HMR] Invalid message: {"type":"isrManifest","data":{"/":true}}
TypeError: Cannot read properties of undefined (reading 'components')
    at handleStaticIndicator (webpack-internal:///(pages-dir-browser)/./node_modules/next/dist/client/dev/hot-reloader/pages/hot-reloader-pages.js:177:46)
    at processMessage (webpack-internal:///(pages-dir-browser)/./node_modules/next/dist/client/dev/hot-reloader/pages/hot-reloader-pages.js:191:17)
    at eval (webpack-internal:///(pages-dir-browser)/./node_modules/next/dist/client/dev/hot-reloader/pages/hot-reloader-pages.js:69:13)
    at WebSocket.handleMessage (webpack-internal:///(pages-dir-browser)/./node_modules/next/dist/client/dev/hot-reloader/pages/websocket.js:68:17) @ webpack-internal:///(pages-dir-browser)/./node_modules/next/dist/next-devtools/shared/forward-logs-shared.js:27
[   39280ms] [INFO] %cDownload the React DevTools for a better development experience: https://reactjs.org/link/react-devtools font-weight:bold @ webpack-internal:///(pages-dir-browser)/./node_modules/react-dom/cjs/react-dom.development.js:29834
[   39304ms] ReferenceError: __turbopack_load_page_chunks__ is not defined
    at http://localhost:3111/_next/static/chunks/pages/_app.js:1:1
[   39304ms] ReferenceError: __turbopack_load_page_chunks__ is not defined
    at http://localhost:3111/_next/static/chunks/pages/index.js:1:1
[   39310ms] [LOG] [HMR] connected @ webpack-internal:///(pages-dir-browser)/./node_modules/next/dist/next-devtools/shared/forward-logs-shared.js:27
[   39310ms] [WARNING] [HMR] Invalid message: {"type":"isrManifest","data":{"/":true}}
TypeError: Cannot read properties of undefined (reading 'components')
    at handleStaticIndicator (webpack-internal:///(pages-dir-browser)/./node_modules/next/dist/client/dev/hot-reloader/pages/hot-reloader-pages.js:177:46)
    at processMessage (webpack-internal:///(pages-dir-browser)/./node_modules/next/dist/client/dev/hot-reloader/pages/hot-reloader-pages.js:191:17)
    at eval (webpack-internal:///(pages-dir-browser)/./node_modules/next/dist/client/dev/hot-reloader/pages/hot-reloader-pages.js:69:13)
    at WebSocket.handleMessage (webpack-internal:///(pages-dir-browser)/./node_modules/next/dist/client/dev/hot-reloader/pages/websocket.js:68:17) @ webpack-internal:///(pages-dir-browser)/./node_modules/next/dist/next-devtools/shared/forward-logs-shared.js:27
[   39355ms] [ERROR] Failed to load resource: the server responded with a status of 404 (Not Found) @ http://localhost:3111/_next/static/webpack/882bcfdc2ebfc3a1.webpack.hot-update.json:0
[   39371ms] [LOG] [Fast Refresh] rebuilding @ webpack-internal:///(pages-dir-browser)/./node_modules/next/dist/next-devtools/shared/forward-logs-shared.js:27
[   39384ms] [WARNING] [HMR] Invalid message: {"type":"isrManifest","data":{"/":true}}
TypeError: Cannot read properties of undefined (reading 'components')
    at handleStaticIndicator (webpack-internal:///(pages-dir-browser)/./node_modules/next/dist/client/dev/hot-reloader/pages/hot-reloader-pages.js:177:46)
    at processMessage (webpack-internal:///(pages-dir-browser)/./node_modules/next/dist/client/dev/hot-reloader/pages/hot-reloader-pages.js:191:17)
    at eval (webpack-internal:///(pages-dir-browser)/./node_modules/next/dist/client/dev/hot-reloader/pages/hot-reloader-pages.js:69:13)
    at WebSocket.handleMessage (webpack-internal:///(pages-dir-browser)/./node_modules/next/dist/client/dev/hot-reloader/pages/websocket.js:68:17) @ webpack-internal:///(pages-dir-browser)/./node_modules/next/dist/next-devtools/shared/forward-logs-shared.js:27
[   39772ms] [INFO] %cDownload the React DevTools for a better development experience: https://reactjs.org/link/react-devtools font-weight:bold @ webpack-internal:///(pages-dir-browser)/./node_modules/react-dom/cjs/react-dom.development.js:29834
[   39795ms] ReferenceError: __turbopack_load_page_chunks__ is not defined
    at http://localhost:3111/_next/static/chunks/pages/_app.js:1:1
[   39796ms] ReferenceError: __turbopack_load_page_chunks__ is not defined
    at http://localhost:3111/_next/static/chunks/pages/index.js:1:1
[   39800ms] [LOG] [HMR] connected @ webpack-internal:///(pages-dir-browser)/./node_modules/next/dist/next-devtools/shared/forward-logs-shared.js:27
[   39801ms] [WARNING] [HMR] Invalid message: {"type":"isrManifest","data":{"/":true}}
TypeError: Cannot read properties of undefined (reading 'components')
    at handleStaticIndicator (webpack-internal:///(pages-dir-browser)/./node_modules/next/dist/client/dev/hot-reloader/pages/hot-reloader-pages.js:177:46)
    at processMessage (webpack-internal:///(pages-dir-browser)/./node_modules/next/dist/client/dev/hot-reloader/pages/hot-reloader-pages.js:191:17)
    at eval (webpack-internal:///(pages-dir-browser)/./node_modules/next/dist/client/dev/hot-reloader/pages/hot-reloader-pages.js:69:13)
    at WebSocket.handleMessage (webpack-internal:///(pages-dir-browser)/./node_modules/next/dist/client/dev/hot-reloader/pages/websocket.js:68:17) @ webpack-internal:///(pages-dir-browser)/./node_modules/next/dist/next-devtools/shared/forward-logs-shared.js:27
[   39847ms] [ERROR] Failed to load resource: the server responded with a status of 404 (Not Found) @ http://localhost:3111/_next/static/webpack/882bcfdc2ebfc3a1.webpack.hot-update.json:0
[   39863ms] [LOG] [Fast Refresh] rebuilding @ webpack-internal:///(pages-dir-browser)/./node_modules/next/dist/next-devtools/shared/forward-logs-shared.js:27
[   39880ms] [WARNING] [HMR] Invalid message: {"type":"isrManifest","data":{"/":true}}
TypeError: Cannot read properties of undefined (reading 'components')
    at handleStaticIndicator (webpack-internal:///(pages-dir-browser)/./node_modules/next/dist/client/dev/hot-reloader/pages/hot-reloader-pages.js:177:46)
    at processMessage (webpack-internal:///(pages-dir-browser)/./node_modules/next/dist/client/dev/hot-reloader/pages/hot-reloader-pages.js:191:17)
    at eval (webpack-internal:///(pages-dir-browser)/./node_modules/next/dist/client/dev/hot-reloader/pages/hot-reloader-pages.js:69:13)
    at WebSocket.handleMessage (webpack-internal:///(pages-dir-browser)/./node_modules/next/dist/client/dev/hot-reloader/pages/websocket.js:68:17) @ webpack-internal:///(pages-dir-browser)/./node_modules/next/dist/next-devtools/shared/forward-logs-shared.js:27
[   40291ms] [INFO] %cDownload the React DevTools for a better development experience: https://reactjs.org/link/react-devtools font-weight:bold @ webpack-internal:///(pages-dir-browser)/./node_modules/react-dom/cjs/react-dom.development.js:29834
[   40315ms] ReferenceError: __turbopack_load_page_chunks__ is not defined
    at http://localhost:3111/_next/static/chunks/pages/_app.js:1:1
[   40315ms] ReferenceError: __turbopack_load_page_chunks__ is not defined
    at http://localhost:3111/_next/static/chunks/pages/index.js:1:1
[   40319ms] [LOG] [HMR] connected @ webpack-internal:///(pages-dir-browser)/./node_modules/next/dist/next-devtools/shared/forward-logs-shared.js:27
[   40319ms] [WARNING] [HMR] Invalid message: {"type":"isrManifest","data":{"/":true}}
TypeError: Cannot read properties of undefined (reading 'components')
    at handleStaticIndicator (webpack-internal:///(pages-dir-browser)/./node_modules/next/dist/client/dev/hot-reloader/pages/hot-reloader-pages.js:177:46)
    at processMessage (webpack-internal:///(pages-dir-browser)/./node_modules/next/dist/client/dev/hot-reloader/pages/hot-reloader-pages.js:191:17)
    at eval (webpack-internal:///(pages-dir-browser)/./node_modules/next/dist/client/dev/hot-reloader/pages/hot-reloader-pages.js:69:13)
    at WebSocket.handleMessage (webpack-internal:///(pages-dir-browser)/./node_modules/next/dist/client/dev/hot-reloader/pages/websocket.js:68:17) @ webpack-internal:///(pages-dir-browser)/./node_modules/next/dist/next-devtools/shared/forward-logs-shared.js:27
[   40367ms] [ERROR] Failed to load resource: the server responded with a status of 404 (Not Found) @ http://localhost:3111/_next/static/webpack/882bcfdc2ebfc3a1.webpack.hot-update.json:0
[   40383ms] [LOG] [Fast Refresh] rebuilding @ webpack-internal:///(pages-dir-browser)/./node_modules/next/dist/next-devtools/shared/forward-logs-shared.js:27
[   40396ms] [WARNING] [HMR] Invalid message: {"type":"isrManifest","data":{"/":true}}
TypeError: Cannot read properties of undefined (reading 'components')
    at handleStaticIndicator (webpack-internal:///(pages-dir-browser)/./node_modules/next/dist/client/dev/hot-reloader/pages/hot-reloader-pages.js:177:46)
    at processMessage (webpack-internal:///(pages-dir-browser)/./node_modules/next/dist/client/dev/hot-reloader/pages/hot-reloader-pages.js:191:17)
    at eval (webpack-internal:///(pages-dir-browser)/./node_modules/next/dist/client/dev/hot-reloader/pages/hot-reloader-pages.js:69:13)
    at WebSocket.handleMessage (webpack-internal:///(pages-dir-browser)/./node_modules/next/dist/client/dev/hot-reloader/pages/websocket.js:68:17) @ webpack-internal:///(pages-dir-browser)/./node_modules/next/dist/next-devtools/shared/forward-logs-shared.js:27
[   40824ms] [INFO] %cDownload the React DevTools for a better development experience: https://reactjs.org/link/react-devtools font-weight:bold @ webpack-internal:///(pages-dir-browser)/./node_modules/react-dom/cjs/react-dom.development.js:29834
[   40848ms] ReferenceError: __turbopack_load_page_chunks__ is not defined
    at http://localhost:3111/_next/static/chunks/pages/_app.js:1:1
[   40849ms] ReferenceError: __turbopack_load_page_chunks__ is not defined
    at http://localhost:3111/_next/static/chunks/pages/index.js:1:1
[   40852ms] [LOG] [HMR] connected @ webpack-internal:///(pages-dir-browser)/./node_modules/next/dist/next-devtools/shared/forward-logs-shared.js:27
[   40852ms] [WARNING] [HMR] Invalid message: {"type":"isrManifest","data":{"/":true}}
TypeError: Cannot read properties of undefined (reading 'components')
    at handleStaticIndicator (webpack-internal:///(pages-dir-browser)/./node_modules/next/dist/client/dev/hot-reloader/pages/hot-reloader-pages.js:177:46)
    at processMessage (webpack-internal:///(pages-dir-browser)/./node_modules/next/dist/client/dev/hot-reloader/pages/hot-reloader-pages.js:191:17)
    at eval (webpack-internal:///(pages-dir-browser)/./node_modules/next/dist/client/dev/hot-reloader/pages/hot-reloader-pages.js:69:13)
    at WebSocket.handleMessage (webpack-internal:///(pages-dir-browser)/./node_modules/next/dist/client/dev/hot-reloader/pages/websocket.js:68:17) @ webpack-internal:///(pages-dir-browser)/./node_modules/next/dist/next-devtools/shared/forward-logs-shared.js:27
[   40900ms] [ERROR] Failed to load resource: the server responded with a status of 404 (Not Found) @ http://localhost:3111/_next/static/webpack/882bcfdc2ebfc3a1.webpack.hot-update.json:0
[   40918ms] [LOG] [Fast Refresh] rebuilding @ webpack-internal:///(pages-dir-browser)/./node_modules/next/dist/next-devtools/shared/forward-logs-shared.js:27
[   40931ms] [WARNING] [HMR] Invalid message: {"type":"isrManifest","data":{"/":true}}
TypeError: Cannot read properties of undefined (reading 'components')
    at handleStaticIndicator (webpack-internal:///(pages-dir-browser)/./node_modules/next/dist/client/dev/hot-reloader/pages/hot-reloader-pages.js:177:46)
    at processMessage (webpack-internal:///(pages-dir-browser)/./node_modules/next/dist/client/dev/hot-reloader/pages/hot-reloader-pages.js:191:17)
    at eval (webpack-internal:///(pages-dir-browser)/./node_modules/next/dist/client/dev/hot-reloader/pages/hot-reloader-pages.js:69:13)
    at WebSocket.handleMessage (webpack-internal:///(pages-dir-browser)/./node_modules/next/dist/client/dev/hot-reloader/pages/websocket.js:68:17) @ webpack-internal:///(pages-dir-browser)/./node_modules/next/dist/next-devtools/shared/forward-logs-shared.js:27
[   41338ms] [INFO] %cDownload the React DevTools for a better development experience: https://reactjs.org/link/react-devtools font-weight:bold @ webpack-internal:///(pages-dir-browser)/./node_modules/react-dom/cjs/react-dom.development.js:29834
[   41359ms] ReferenceError: __turbopack_load_page_chunks__ is not defined
    at http://localhost:3111/_next/static/chunks/pages/_app.js:1:1
[   41360ms] ReferenceError: __turbopack_load_page_chunks__ is not defined
    at http://localhost:3111/_next/static/chunks/pages/index.js:1:1
[   41366ms] [LOG] [HMR] connected @ webpack-internal:///(pages-dir-browser)/./node_modules/next/dist/next-devtools/shared/forward-logs-shared.js:27
[   41367ms] [WARNING] [HMR] Invalid message: {"type":"isrManifest","data":{"/":true}}
TypeError: Cannot read properties of undefined (reading 'components')
    at handleStaticIndicator (webpack-internal:///(pages-dir-browser)/./node_modules/next/dist/client/dev/hot-reloader/pages/hot-reloader-pages.js:177:46)
    at processMessage (webpack-internal:///(pages-dir-browser)/./node_modules/next/dist/client/dev/hot-reloader/pages/hot-reloader-pages.js:191:17)
    at eval (webpack-internal:///(pages-dir-browser)/./node_modules/next/dist/client/dev/hot-reloader/pages/hot-reloader-pages.js:69:13)
    at WebSocket.handleMessage (webpack-internal:///(pages-dir-browser)/./node_modules/next/dist/client/dev/hot-reloader/pages/websocket.js:68:17) @ webpack-internal:///(pages-dir-browser)/./node_modules/next/dist/next-devtools/shared/forward-logs-shared.js:27
[   41410ms] [ERROR] Failed to load resource: the server responded with a status of 404 (Not Found) @ http://localhost:3111/_next/static/webpack/882bcfdc2ebfc3a1.webpack.hot-update.json:0
[   41428ms] [LOG] [Fast Refresh] rebuilding @ webpack-internal:///(pages-dir-browser)/./node_modules/next/dist/next-devtools/shared/forward-logs-shared.js:27
[   41441ms] [WARNING] [HMR] Invalid message: {"type":"isrManifest","data":{"/":true}}
TypeError: Cannot read properties of undefined (reading 'components')
    at handleStaticIndicator (webpack-internal:///(pages-dir-browser)/./node_modules/next/dist/client/dev/hot-reloader/pages/hot-reloader-pages.js:177:46)
    at processMessage (webpack-internal:///(pages-dir-browser)/./node_modules/next/dist/client/dev/hot-reloader/pages/hot-reloader-pages.js:191:17)
    at eval (webpack-internal:///(pages-dir-browser)/./node_modules/next/dist/client/dev/hot-reloader/pages/hot-reloader-pages.js:69:13)
    at WebSocket.handleMessage (webpack-internal:///(pages-dir-browser)/./node_modules/next/dist/client/dev/hot-reloader/pages/websocket.js:68:17) @ webpack-internal:///(pages-dir-browser)/./node_modules/next/dist/next-devtools/shared/forward-logs-shared.js:27
[   41837ms] [INFO] %cDownload the React DevTools for a better development experience: https://reactjs.org/link/react-devtools font-weight:bold @ webpack-internal:///(pages-dir-browser)/./node_modules/react-dom/cjs/react-dom.development.js:29834
[   41856ms] ReferenceError: __turbopack_load_page_chunks__ is not defined
    at http://localhost:3111/_next/static/chunks/pages/_app.js:1:1
[   41856ms] ReferenceError: __turbopack_load_page_chunks__ is not defined
    at http://localhost:3111/_next/static/chunks/pages/index.js:1:1
[   41861ms] [LOG] [HMR] connected @ webpack-internal:///(pages-dir-browser)/./node_modules/next/dist/next-devtools/shared/forward-logs-shared.js:27
[   41862ms] [WARNING] [HMR] Invalid message: {"type":"isrManifest","data":{"/":true}}
TypeError: Cannot read properties of undefined (reading 'components')
    at handleStaticIndicator (webpack-internal:///(pages-dir-browser)/./node_modules/next/dist/client/dev/hot-reloader/pages/hot-reloader-pages.js:177:46)
    at processMessage (webpack-internal:///(pages-dir-browser)/./node_modules/next/dist/client/dev/hot-reloader/pages/hot-reloader-pages.js:191:17)
    at eval (webpack-internal:///(pages-dir-browser)/./node_modules/next/dist/client/dev/hot-reloader/pages/hot-reloader-pages.js:69:13)
    at WebSocket.handleMessage (webpack-internal:///(pages-dir-browser)/./node_modules/next/dist/client/dev/hot-reloader/pages/websocket.js:68:17) @ webpack-internal:///(pages-dir-browser)/./node_modules/next/dist/next-devtools/shared/forward-logs-shared.js:27
[   41905ms] [ERROR] Failed to load resource: the server responded with a status of 404 (Not Found) @ http://localhost:3111/_next/static/webpack/882bcfdc2ebfc3a1.webpack.hot-update.json:0
[   41921ms] [LOG] [Fast Refresh] rebuilding @ webpack-internal:///(pages-dir-browser)/./node_modules/next/dist/next-devtools/shared/forward-logs-shared.js:27
[   41934ms] [WARNING] [HMR] Invalid message: {"type":"isrManifest","data":{"/":true}}
TypeError: Cannot read properties of undefined (reading 'components')
    at handleStaticIndicator (webpack-internal:///(pages-dir-browser)/./node_modules/next/dist/client/dev/hot-reloader/pages/hot-reloader-pages.js:177:46)
    at processMessage (webpack-internal:///(pages-dir-browser)/./node_modules/next/dist/client/dev/hot-reloader/pages/hot-reloader-pages.js:191:17)
    at eval (webpack-internal:///(pages-dir-browser)/./node_modules/next/dist/client/dev/hot-reloader/pages/hot-reloader-pages.js:69:13)
    at WebSocket.handleMessage (webpack-internal:///(pages-dir-browser)/./node_modules/next/dist/client/dev/hot-reloader/pages/websocket.js:68:17) @ webpack-internal:///(pages-dir-browser)/./node_modules/next/dist/next-devtools/shared/forward-logs-shared.js:27
[   42323ms] [INFO] %cDownload the React DevTools for a better development experience: https://reactjs.org/link/react-devtools font-weight:bold @ webpack-internal:///(pages-dir-browser)/./node_modules/react-dom/cjs/react-dom.development.js:29834
[   42341ms] ReferenceError: __turbopack_load_page_chunks__ is not defined
    at http://localhost:3111/_next/static/chunks/pages/_app.js:1:1
[   42342ms] ReferenceError: __turbopack_load_page_chunks__ is not defined
    at http://localhost:3111/_next/static/chunks/pages/index.js:1:1
[   42347ms] [LOG] [HMR] connected @ webpack-internal:///(pages-dir-browser)/./node_modules/next/dist/next-devtools/shared/forward-logs-shared.js:27
[   42347ms] [WARNING] [HMR] Invalid message: {"type":"isrManifest","data":{"/":true}}
TypeError: Cannot read properties of undefined (reading 'components')
    at handleStaticIndicator (webpack-internal:///(pages-dir-browser)/./node_modules/next/dist/client/dev/hot-reloader/pages/hot-reloader-pages.js:177:46)
    at processMessage (webpack-internal:///(pages-dir-browser)/./node_modules/next/dist/client/dev/hot-reloader/pages/hot-reloader-pages.js:191:17)
    at eval (webpack-internal:///(pages-dir-browser)/./node_modules/next/dist/client/dev/hot-reloader/pages/hot-reloader-pages.js:69:13)
    at WebSocket.handleMessage (webpack-internal:///(pages-dir-browser)/./node_modules/next/dist/client/dev/hot-reloader/pages/websocket.js:68:17) @ webpack-internal:///(pages-dir-browser)/./node_modules/next/dist/next-devtools/shared/forward-logs-shared.js:27
[   42396ms] [ERROR] Failed to load resource: the server responded with a status of 404 (Not Found) @ http://localhost:3111/_next/static/webpack/882bcfdc2ebfc3a1.webpack.hot-update.json:0
[   42413ms] [LOG] [Fast Refresh] rebuilding @ webpack-internal:///(pages-dir-browser)/./node_modules/next/dist/next-devtools/shared/forward-logs-shared.js:27
[   42424ms] [WARNING] [HMR] Invalid message: {"type":"isrManifest","data":{"/":true}}
TypeError: Cannot read properties of undefined (reading 'components')
    at handleStaticIndicator (webpack-internal:///(pages-dir-browser)/./node_modules/next/dist/client/dev/hot-reloader/pages/hot-reloader-pages.js:177:46)
    at processMessage (webpack-internal:///(pages-dir-browser)/./node_modules/next/dist/client/dev/hot-reloader/pages/hot-reloader-pages.js:191:17)
    at eval (webpack-internal:///(pages-dir-browser)/./node_modules/next/dist/client/dev/hot-reloader/pages/hot-reloader-pages.js:69:13)
    at WebSocket.handleMessage (webpack-internal:///(pages-dir-browser)/./node_modules/next/dist/client/dev/hot-reloader/pages/websocket.js:68:17) @ webpack-internal:///(pages-dir-browser)/./node_modules/next/dist/next-devtools/shared/forward-logs-shared.js:27
[   42820ms] [INFO] %cDownload the React DevTools for a better development experience: https://reactjs.org/link/react-devtools font-weight:bold @ webpack-internal:///(pages-dir-browser)/./node_modules/react-dom/cjs/react-dom.development.js:29834
[   42839ms] ReferenceError: __turbopack_load_page_chunks__ is not defined
    at http://localhost:3111/_next/static/chunks/pages/_app.js:1:1
[   42840ms] ReferenceError: __turbopack_load_page_chunks__ is not defined
    at http://localhost:3111/_next/static/chunks/pages/index.js:1:1
[   42844ms] [LOG] [HMR] connected @ webpack-internal:///(pages-dir-browser)/./node_modules/next/dist/next-devtools/shared/forward-logs-shared.js:27
[   42845ms] [WARNING] [HMR] Invalid message: {"type":"isrManifest","data":{"/":true}}
TypeError: Cannot read properties of undefined (reading 'components')
    at handleStaticIndicator (webpack-internal:///(pages-dir-browser)/./node_modules/next/dist/client/dev/hot-reloader/pages/hot-reloader-pages.js:177:46)
    at processMessage (webpack-internal:///(pages-dir-browser)/./node_modules/next/dist/client/dev/hot-reloader/pages/hot-reloader-pages.js:191:17)
    at eval (webpack-internal:///(pages-dir-browser)/./node_modules/next/dist/client/dev/hot-reloader/pages/hot-reloader-pages.js:69:13)
    at WebSocket.handleMessage (webpack-internal:///(pages-dir-browser)/./node_modules/next/dist/client/dev/hot-reloader/pages/websocket.js:68:17) @ webpack-internal:///(pages-dir-browser)/./node_modules/next/dist/next-devtools/shared/forward-logs-shared.js:27
[   42888ms] [ERROR] Failed to load resource: the server responded with a status of 404 (Not Found) @ http://localhost:3111/_next/static/webpack/882bcfdc2ebfc3a1.webpack.hot-update.json:0
[   42906ms] [LOG] [Fast Refresh] rebuilding @ webpack-internal:///(pages-dir-browser)/./node_modules/next/dist/next-devtools/shared/forward-logs-shared.js:27
[   42919ms] [WARNING] [HMR] Invalid message: {"type":"isrManifest","data":{"/":true}}
TypeError: Cannot read properties of undefined (reading 'components')
    at handleStaticIndicator (webpack-internal:///(pages-dir-browser)/./node_modules/next/dist/client/dev/hot-reloader/pages/hot-reloader-pages.js:177:46)
    at processMessage (webpack-internal:///(pages-dir-browser)/./node_modules/next/dist/client/dev/hot-reloader/pages/hot-reloader-pages.js:191:17)
    at eval (webpack-internal:///(pages-dir-browser)/./node_modules/next/dist/client/dev/hot-reloader/pages/hot-reloader-pages.js:69:13)
    at WebSocket.handleMessage (webpack-internal:///(pages-dir-browser)/./node_modules/next/dist/client/dev/hot-reloader/pages/websocket.js:68:17) @ webpack-internal:///(pages-dir-browser)/./node_modules/next/dist/next-devtools/shared/forward-logs-shared.js:27
[   43342ms] [INFO] %cDownload the React DevTools for a better development experience: https://reactjs.org/link/react-devtools font-weight:bold @ webpack-internal:///(pages-dir-browser)/./node_modules/react-dom/cjs/react-dom.development.js:29834
[   43364ms] ReferenceError: __turbopack_load_page_chunks__ is not defined
    at http://localhost:3111/_next/static/chunks/pages/_app.js:1:1
[   43365ms] ReferenceError: __turbopack_load_page_chunks__ is not defined
    at http://localhost:3111/_next/static/chunks/pages/index.js:1:1
[   43369ms] [LOG] [HMR] connected @ webpack-internal:///(pages-dir-browser)/./node_modules/next/dist/next-devtools/shared/forward-logs-shared.js:27
[   43370ms] [WARNING] [HMR] Invalid message: {"type":"isrManifest","data":{"/":true}}
TypeError: Cannot read properties of undefined (reading 'components')
    at handleStaticIndicator (webpack-internal:///(pages-dir-browser)/./node_modules/next/dist/client/dev/hot-reloader/pages/hot-reloader-pages.js:177:46)
    at processMessage (webpack-internal:///(pages-dir-browser)/./node_modules/next/dist/client/dev/hot-reloader/pages/hot-reloader-pages.js:191:17)
    at eval (webpack-internal:///(pages-dir-browser)/./node_modules/next/dist/client/dev/hot-reloader/pages/hot-reloader-pages.js:69:13)
    at WebSocket.handleMessage (webpack-internal:///(pages-dir-browser)/./node_modules/next/dist/client/dev/hot-reloader/pages/websocket.js:68:17) @ webpack-internal:///(pages-dir-browser)/./node_modules/next/dist/next-devtools/shared/forward-logs-shared.js:27
[   43419ms] [ERROR] Failed to load resource: the server responded with a status of 404 (Not Found) @ http://localhost:3111/_next/static/webpack/882bcfdc2ebfc3a1.webpack.hot-update.json:0
[   43438ms] [LOG] [Fast Refresh] rebuilding @ webpack-internal:///(pages-dir-browser)/./node_modules/next/dist/next-devtools/shared/forward-logs-shared.js:27
[   43451ms] [WARNING] [HMR] Invalid message: {"type":"isrManifest","data":{"/":true}}
TypeError: Cannot read properties of undefined (reading 'components')
    at handleStaticIndicator (webpack-internal:///(pages-dir-browser)/./node_modules/next/dist/client/dev/hot-reloader/pages/hot-reloader-pages.js:177:46)
    at processMessage (webpack-internal:///(pages-dir-browser)/./node_modules/next/dist/client/dev/hot-reloader/pages/hot-reloader-pages.js:191:17)
    at eval (webpack-internal:///(pages-dir-browser)/./node_modules/next/dist/client/dev/hot-reloader/pages/hot-reloader-pages.js:69:13)
    at WebSocket.handleMessage (webpack-internal:///(pages-dir-browser)/./node_modules/next/dist/client/dev/hot-reloader/pages/websocket.js:68:17) @ webpack-internal:///(pages-dir-browser)/./node_modules/next/dist/next-devtools/shared/forward-logs-shared.js:27
[   43861ms] [INFO] %cDownload the React DevTools for a better development experience: https://reactjs.org/link/react-devtools font-weight:bold @ webpack-internal:///(pages-dir-browser)/./node_modules/react-dom/cjs/react-dom.development.js:29834
[   43884ms] ReferenceError: __turbopack_load_page_chunks__ is not defined
    at http://localhost:3111/_next/static/chunks/pages/_app.js:1:1
[   43885ms] ReferenceError: __turbopack_load_page_chunks__ is not defined
    at http://localhost:3111/_next/static/chunks/pages/index.js:1:1
[   43888ms] [LOG] [HMR] connected @ webpack-internal:///(pages-dir-browser)/./node_modules/next/dist/next-devtools/shared/forward-logs-shared.js:27
[   43888ms] [WARNING] [HMR] Invalid message: {"type":"isrManifest","data":{"/":true}}
TypeError: Cannot read properties of undefined (reading 'components')
    at handleStaticIndicator (webpack-internal:///(pages-dir-browser)/./node_modules/next/dist/client/dev/hot-reloader/pages/hot-reloader-pages.js:177:46)
    at processMessage (webpack-internal:///(pages-dir-browser)/./node_modules/next/dist/client/dev/hot-reloader/pages/hot-reloader-pages.js:191:17)
    at eval (webpack-internal:///(pages-dir-browser)/./node_modules/next/dist/client/dev/hot-reloader/pages/hot-reloader-pages.js:69:13)
    at WebSocket.handleMessage (webpack-internal:///(pages-dir-browser)/./node_modules/next/dist/client/dev/hot-reloader/pages/websocket.js:68:17) @ webpack-internal:///(pages-dir-browser)/./node_modules/next/dist/next-devtools/shared/forward-logs-shared.js:27
[   43938ms] [ERROR] Failed to load resource: the server responded with a status of 404 (Not Found) @ http://localhost:3111/_next/static/webpack/882bcfdc2ebfc3a1.webpack.hot-update.json:0
[   43958ms] [LOG] [Fast Refresh] rebuilding @ webpack-internal:///(pages-dir-browser)/./node_modules/next/dist/next-devtools/shared/forward-logs-shared.js:27
[   43972ms] [WARNING] [HMR] Invalid message: {"type":"isrManifest","data":{"/":true}}
TypeError: Cannot read properties of undefined (reading 'components')
    at handleStaticIndicator (webpack-internal:///(pages-dir-browser)/./node_modules/next/dist/client/dev/hot-reloader/pages/hot-reloader-pages.js:177:46)
    at processMessage (webpack-internal:///(pages-dir-browser)/./node_modules/next/dist/client/dev/hot-reloader/pages/hot-reloader-pages.js:191:17)
    at eval (webpack-internal:///(pages-dir-browser)/./node_modules/next/dist/client/dev/hot-reloader/pages/hot-reloader-pages.js:69:13)
    at WebSocket.handleMessage (webpack-internal:///(pages-dir-browser)/./node_modules/next/dist/client/dev/hot-reloader/pages/websocket.js:68:17) @ webpack-internal:///(pages-dir-browser)/./node_modules/next/dist/next-devtools/shared/forward-logs-shared.js:27
[   44378ms] [INFO] %cDownload the React DevTools for a better development experience: https://reactjs.org/link/react-devtools font-weight:bold @ webpack-internal:///(pages-dir-browser)/./node_modules/react-dom/cjs/react-dom.development.js:29834
[   44409ms] ReferenceError: __turbopack_load_page_chunks__ is not defined
    at http://localhost:3111/_next/static/chunks/pages/_app.js:1:1
[   44410ms] ReferenceError: __turbopack_load_page_chunks__ is not defined
    at http://localhost:3111/_next/static/chunks/pages/index.js:1:1
[   44441ms] [LOG] [HMR] connected @ webpack-internal:///(pages-dir-browser)/./node_modules/next/dist/next-devtools/shared/forward-logs-shared.js:27
[   44442ms] [WARNING] [HMR] Invalid message: {"type":"isrManifest","data":{"/":true}}
TypeError: Cannot read properties of undefined (reading 'components')
    at handleStaticIndicator (webpack-internal:///(pages-dir-browser)/./node_modules/next/dist/client/dev/hot-reloader/pages/hot-reloader-pages.js:177:46)
    at processMessage (webpack-internal:///(pages-dir-browser)/./node_modules/next/dist/client/dev/hot-reloader/pages/hot-reloader-pages.js:191:17)
    at eval (webpack-internal:///(pages-dir-browser)/./node_modules/next/dist/client/dev/hot-reloader/pages/hot-reloader-pages.js:69:13)
    at WebSocket.handleMessage (webpack-internal:///(pages-dir-browser)/./node_modules/next/dist/client/dev/hot-reloader/pages/websocket.js:68:17) @ webpack-internal:///(pages-dir-browser)/./node_modules/next/dist/next-devtools/shared/forward-logs-shared.js:27
[   44491ms] [ERROR] Failed to load resource: the server responded with a status of 404 (Not Found) @ http://localhost:3111/_next/static/webpack/882bcfdc2ebfc3a1.webpack.hot-update.json:0
[   44514ms] [LOG] [Fast Refresh] rebuilding @ webpack-internal:///(pages-dir-browser)/./node_modules/next/dist/next-devtools/shared/forward-logs-shared.js:27
[   44526ms] [WARNING] [HMR] Invalid message: {"type":"isrManifest","data":{"/":true}}
TypeError: Cannot read properties of undefined (reading 'components')
    at handleStaticIndicator (webpack-internal:///(pages-dir-browser)/./node_modules/next/dist/client/dev/hot-reloader/pages/hot-reloader-pages.js:177:46)
    at processMessage (webpack-internal:///(pages-dir-browser)/./node_modules/next/dist/client/dev/hot-reloader/pages/hot-reloader-pages.js:191:17)
    at eval (webpack-internal:///(pages-dir-browser)/./node_modules/next/dist/client/dev/hot-reloader/pages/hot-reloader-pages.js:69:13)
    at WebSocket.handleMessage (webpack-internal:///(pages-dir-browser)/./node_modules/next/dist/client/dev/hot-reloader/pages/websocket.js:68:17) @ webpack-internal:///(pages-dir-browser)/./node_modules/next/dist/next-devtools/shared/forward-logs-shared.js:27
[   44902ms] [INFO] %cDownload the React DevTools for a better development experience: https://reactjs.org/link/react-devtools font-weight:bold @ webpack-internal:///(pages-dir-browser)/./node_modules/react-dom/cjs/react-dom.development.js:29834
[   44917ms] ReferenceError: __turbopack_load_page_chunks__ is not defined
    at http://localhost:3111/_next/static/chunks/pages/_app.js:1:1
[   44918ms] ReferenceError: __turbopack_load_page_chunks__ is not defined
    at http://localhost:3111/_next/static/chunks/pages/index.js:1:1
[   44922ms] [LOG] [HMR] connected @ webpack-internal:///(pages-dir-browser)/./node_modules/next/dist/next-devtools/shared/forward-logs-shared.js:27
[   44923ms] [WARNING] [HMR] Invalid message: {"type":"isrManifest","data":{"/":true}}
TypeError: Cannot read properties of undefined (reading 'components')
    at handleStaticIndicator (webpack-internal:///(pages-dir-browser)/./node_modules/next/dist/client/dev/hot-reloader/pages/hot-reloader-pages.js:177:46)
    at processMessage (webpack-internal:///(pages-dir-browser)/./node_modules/next/dist/client/dev/hot-reloader/pages/hot-reloader-pages.js:191:17)
    at eval (webpack-internal:///(pages-dir-browser)/./node_modules/next/dist/client/dev/hot-reloader/pages/hot-reloader-pages.js:69:13)
    at WebSocket.handleMessage (webpack-internal:///(pages-dir-browser)/./node_modules/next/dist/client/dev/hot-reloader/pages/websocket.js:68:17) @ webpack-internal:///(pages-dir-browser)/./node_modules/next/dist/next-devtools/shared/forward-logs-shared.js:27
[   44961ms] [ERROR] Failed to load resource: the server responded with a status of 404 (Not Found) @ http://localhost:3111/_next/static/webpack/882bcfdc2ebfc3a1.webpack.hot-update.json:0
[   44977ms] [LOG] [Fast Refresh] rebuilding @ webpack-internal:///(pages-dir-browser)/./node_modules/next/dist/next-devtools/shared/forward-logs-shared.js:27
[   44990ms] [WARNING] [HMR] Invalid message: {"type":"isrManifest","data":{"/":true}}
TypeError: Cannot read properties of undefined (reading 'components')
    at handleStaticIndicator (webpack-internal:///(pages-dir-browser)/./node_modules/next/dist/client/dev/hot-reloader/pages/hot-reloader-pages.js:177:46)
    at processMessage (webpack-internal:///(pages-dir-browser)/./node_modules/next/dist/client/dev/hot-reloader/pages/hot-reloader-pages.js:191:17)
    at eval (webpack-internal:///(pages-dir-browser)/./node_modules/next/dist/client/dev/hot-reloader/pages/hot-reloader-pages.js:69:13)
    at WebSocket.handleMessage (webpack-internal:///(pages-dir-browser)/./node_modules/next/dist/client/dev/hot-reloader/pages/websocket.js:68:17) @ webpack-internal:///(pages-dir-browser)/./node_modules/next/dist/next-devtools/shared/forward-logs-shared.js:27
[   45363ms] [INFO] %cDownload the React DevTools for a better development experience: https://reactjs.org/link/react-devtools font-weight:bold @ webpack-internal:///(pages-dir-browser)/./node_modules/react-dom/cjs/react-dom.development.js:29834
[   45378ms] ReferenceError: __turbopack_load_page_chunks__ is not defined
    at http://localhost:3111/_next/static/chunks/pages/_app.js:1:1
[   45379ms] ReferenceError: __turbopack_load_page_chunks__ is not defined
    at http://localhost:3111/_next/static/chunks/pages/index.js:1:1
[   45383ms] [LOG] [HMR] connected @ webpack-internal:///(pages-dir-browser)/./node_modules/next/dist/next-devtools/shared/forward-logs-shared.js:27
[   45384ms] [WARNING] [HMR] Invalid message: {"type":"isrManifest","data":{"/":true}}
TypeError: Cannot read properties of undefined (reading 'components')
    at handleStaticIndicator (webpack-internal:///(pages-dir-browser)/./node_modules/next/dist/client/dev/hot-reloader/pages/hot-reloader-pages.js:177:46)
    at processMessage (webpack-internal:///(pages-dir-browser)/./node_modules/next/dist/client/dev/hot-reloader/pages/hot-reloader-pages.js:191:17)
    at eval (webpack-internal:///(pages-dir-browser)/./node_modules/next/dist/client/dev/hot-reloader/pages/hot-reloader-pages.js:69:13)
    at WebSocket.handleMessage (webpack-internal:///(pages-dir-browser)/./node_modules/next/dist/client/dev/hot-reloader/pages/websocket.js:68:17) @ webpack-internal:///(pages-dir-browser)/./node_modules/next/dist/next-devtools/shared/forward-logs-shared.js:27
[   45423ms] [ERROR] Failed to load resource: the server responded with a status of 404 (Not Found) @ http://localhost:3111/_next/static/webpack/882bcfdc2ebfc3a1.webpack.hot-update.json:0
[   45438ms] [LOG] [Fast Refresh] rebuilding @ webpack-internal:///(pages-dir-browser)/./node_modules/next/dist/next-devtools/shared/forward-logs-shared.js:27
[   45448ms] [WARNING] [HMR] Invalid message: {"type":"isrManifest","data":{"/":true}}
TypeError: Cannot read properties of undefined (reading 'components')
    at handleStaticIndicator (webpack-internal:///(pages-dir-browser)/./node_modules/next/dist/client/dev/hot-reloader/pages/hot-reloader-pages.js:177:46)
    at processMessage (webpack-internal:///(pages-dir-browser)/./node_modules/next/dist/client/dev/hot-reloader/pages/hot-reloader-pages.js:191:17)
    at eval (webpack-internal:///(pages-dir-browser)/./node_modules/next/dist/client/dev/hot-reloader/pages/hot-reloader-pages.js:69:13)
    at WebSocket.handleMessage (webpack-internal:///(pages-dir-browser)/./node_modules/next/dist/client/dev/hot-reloader/pages/websocket.js:68:17) @ webpack-internal:///(pages-dir-browser)/./node_modules/next/dist/next-devtools/shared/forward-logs-shared.js:27
[   45836ms] [INFO] %cDownload the React DevTools for a better development experience: https://reactjs.org/link/react-devtools font-weight:bold @ webpack-internal:///(pages-dir-browser)/./node_modules/react-dom/cjs/react-dom.development.js:29834
[   45851ms] ReferenceError: __turbopack_load_page_chunks__ is not defined
    at http://localhost:3111/_next/static/chunks/pages/_app.js:1:1
[   45852ms] ReferenceError: __turbopack_load_page_chunks__ is not defined
    at http://localhost:3111/_next/static/chunks/pages/index.js:1:1
[   45857ms] [LOG] [HMR] connected @ webpack-internal:///(pages-dir-browser)/./node_modules/next/dist/next-devtools/shared/forward-logs-shared.js:27
[   45857ms] [WARNING] [HMR] Invalid message: {"type":"isrManifest","data":{"/":true}}
TypeError: Cannot read properties of undefined (reading 'components')
    at handleStaticIndicator (webpack-internal:///(pages-dir-browser)/./node_modules/next/dist/client/dev/hot-reloader/pages/hot-reloader-pages.js:177:46)
    at processMessage (webpack-internal:///(pages-dir-browser)/./node_modules/next/dist/client/dev/hot-reloader/pages/hot-reloader-pages.js:191:17)
    at eval (webpack-internal:///(pages-dir-browser)/./node_modules/next/dist/client/dev/hot-reloader/pages/hot-reloader-pages.js:69:13)
    at WebSocket.handleMessage (webpack-internal:///(pages-dir-browser)/./node_modules/next/dist/client/dev/hot-reloader/pages/websocket.js:68:17) @ webpack-internal:///(pages-dir-browser)/./node_modules/next/dist/next-devtools/shared/forward-logs-shared.js:27
[   45899ms] [ERROR] Failed to load resource: the server responded with a status of 404 (Not Found) @ http://localhost:3111/_next/static/webpack/882bcfdc2ebfc3a1.webpack.hot-update.json:0
[   45914ms] [LOG] [Fast Refresh] rebuilding @ webpack-internal:///(pages-dir-browser)/./node_modules/next/dist/next-devtools/shared/forward-logs-shared.js:27
[   45925ms] [WARNING] [HMR] Invalid message: {"type":"isrManifest","data":{"/":true}}
TypeError: Cannot read properties of undefined (reading 'components')
    at handleStaticIndicator (webpack-internal:///(pages-dir-browser)/./node_modules/next/dist/client/dev/hot-reloader/pages/hot-reloader-pages.js:177:46)
    at processMessage (webpack-internal:///(pages-dir-browser)/./node_modules/next/dist/client/dev/hot-reloader/pages/hot-reloader-pages.js:191:17)
    at eval (webpack-internal:///(pages-dir-browser)/./node_modules/next/dist/client/dev/hot-reloader/pages/hot-reloader-pages.js:69:13)
    at WebSocket.handleMessage (webpack-internal:///(pages-dir-browser)/./node_modules/next/dist/client/dev/hot-reloader/pages/websocket.js:68:17) @ webpack-internal:///(pages-dir-browser)/./node_modules/next/dist/next-devtools/shared/forward-logs-shared.js:27
[   46303ms] [INFO] %cDownload the React DevTools for a better development experience: https://reactjs.org/link/react-devtools font-weight:bold @ webpack-internal:///(pages-dir-browser)/./node_modules/react-dom/cjs/react-dom.development.js:29834
[   46324ms] ReferenceError: __turbopack_load_page_chunks__ is not defined
    at http://localhost:3111/_next/static/chunks/pages/_app.js:1:1
[   46324ms] ReferenceError: __turbopack_load_page_chunks__ is not defined
    at http://localhost:3111/_next/static/chunks/pages/index.js:1:1
[   46332ms] [LOG] [HMR] connected @ webpack-internal:///(pages-dir-browser)/./node_modules/next/dist/next-devtools/shared/forward-logs-shared.js:27
[   46333ms] [WARNING] [HMR] Invalid message: {"type":"isrManifest","data":{"/":true}}
TypeError: Cannot read properties of undefined (reading 'components')
    at handleStaticIndicator (webpack-internal:///(pages-dir-browser)/./node_modules/next/dist/client/dev/hot-reloader/pages/hot-reloader-pages.js:177:46)
    at processMessage (webpack-internal:///(pages-dir-browser)/./node_modules/next/dist/client/dev/hot-reloader/pages/hot-reloader-pages.js:191:17)
    at eval (webpack-internal:///(pages-dir-browser)/./node_modules/next/dist/client/dev/hot-reloader/pages/hot-reloader-pages.js:69:13)
    at WebSocket.handleMessage (webpack-internal:///(pages-dir-browser)/./node_modules/next/dist/client/dev/hot-reloader/pages/websocket.js:68:17) @ webpack-internal:///(pages-dir-browser)/./node_modules/next/dist/next-devtools/shared/forward-logs-shared.js:27
[   46379ms] [ERROR] Failed to load resource: the server responded with a status of 404 (Not Found) @ http://localhost:3111/_next/static/webpack/882bcfdc2ebfc3a1.webpack.hot-update.json:0
[   46399ms] [LOG] [Fast Refresh] rebuilding @ webpack-internal:///(pages-dir-browser)/./node_modules/next/dist/next-devtools/shared/forward-logs-shared.js:27
[   46411ms] [WARNING] [HMR] Invalid message: {"type":"isrManifest","data":{"/":true}}
TypeError: Cannot read properties of undefined (reading 'components')
    at handleStaticIndicator (webpack-internal:///(pages-dir-browser)/./node_modules/next/dist/client/dev/hot-reloader/pages/hot-reloader-pages.js:177:46)
    at processMessage (webpack-internal:///(pages-dir-browser)/./node_modules/next/dist/client/dev/hot-reloader/pages/hot-reloader-pages.js:191:17)
    at eval (webpack-internal:///(pages-dir-browser)/./node_modules/next/dist/client/dev/hot-reloader/pages/hot-reloader-pages.js:69:13)
    at WebSocket.handleMessage (webpack-internal:///(pages-dir-browser)/./node_modules/next/dist/client/dev/hot-reloader/pages/websocket.js:68:17) @ webpack-internal:///(pages-dir-browser)/./node_modules/next/dist/next-devtools/shared/forward-logs-shared.js:27
[   46825ms] [INFO] %cDownload the React DevTools for a better development experience: https://reactjs.org/link/react-devtools font-weight:bold @ webpack-internal:///(pages-dir-browser)/./node_modules/react-dom/cjs/react-dom.development.js:29834
[   46848ms] ReferenceError: __turbopack_load_page_chunks__ is not defined
    at http://localhost:3111/_next/static/chunks/pages/_app.js:1:1
[   46848ms] ReferenceError: __turbopack_load_page_chunks__ is not defined
    at http://localhost:3111/_next/static/chunks/pages/index.js:1:1
[   46854ms] [LOG] [HMR] connected @ webpack-internal:///(pages-dir-browser)/./node_modules/next/dist/next-devtools/shared/forward-logs-shared.js:27
[   46854ms] [WARNING] [HMR] Invalid message: {"type":"isrManifest","data":{"/":true}}
TypeError: Cannot read properties of undefined (reading 'components')
    at handleStaticIndicator (webpack-internal:///(pages-dir-browser)/./node_modules/next/dist/client/dev/hot-reloader/pages/hot-reloader-pages.js:177:46)
    at processMessage (webpack-internal:///(pages-dir-browser)/./node_modules/next/dist/client/dev/hot-reloader/pages/hot-reloader-pages.js:191:17)
    at eval (webpack-internal:///(pages-dir-browser)/./node_modules/next/dist/client/dev/hot-reloader/pages/hot-reloader-pages.js:69:13)
    at WebSocket.handleMessage (webpack-internal:///(pages-dir-browser)/./node_modules/next/dist/client/dev/hot-reloader/pages/websocket.js:68:17) @ webpack-internal:///(pages-dir-browser)/./node_modules/next/dist/next-devtools/shared/forward-logs-shared.js:27
[   46903ms] [ERROR] Failed to load resource: the server responded with a status of 404 (Not Found) @ http://localhost:3111/_next/static/webpack/882bcfdc2ebfc3a1.webpack.hot-update.json:0
[   46922ms] [LOG] [Fast Refresh] rebuilding @ webpack-internal:///(pages-dir-browser)/./node_modules/next/dist/next-devtools/shared/forward-logs-shared.js:27
[   46934ms] [WARNING] [HMR] Invalid message: {"type":"isrManifest","data":{"/":true}}
TypeError: Cannot read properties of undefined (reading 'components')
    at handleStaticIndicator (webpack-internal:///(pages-dir-browser)/./node_modules/next/dist/client/dev/hot-reloader/pages/hot-reloader-pages.js:177:46)
    at processMessage (webpack-internal:///(pages-dir-browser)/./node_modules/next/dist/client/dev/hot-reloader/pages/hot-reloader-pages.js:191:17)
    at eval (webpack-internal:///(pages-dir-browser)/./node_modules/next/dist/client/dev/hot-reloader/pages/hot-reloader-pages.js:69:13)
    at WebSocket.handleMessage (webpack-internal:///(pages-dir-browser)/./node_modules/next/dist/client/dev/hot-reloader/pages/websocket.js:68:17) @ webpack-internal:///(pages-dir-browser)/./node_modules/next/dist/next-devtools/shared/forward-logs-shared.js:27
[   47391ms] [INFO] %cDownload the React DevTools for a better development experience: https://reactjs.org/link/react-devtools font-weight:bold @ webpack-internal:///(pages-dir-browser)/./node_modules/react-dom/cjs/react-dom.development.js:29834
[   47407ms] ReferenceError: __turbopack_load_page_chunks__ is not defined
    at http://localhost:3111/_next/static/chunks/pages/_app.js:1:1
[   47407ms] ReferenceError: __turbopack_load_page_chunks__ is not defined
    at http://localhost:3111/_next/static/chunks/pages/index.js:1:1
[   47412ms] [LOG] [HMR] connected @ webpack-internal:///(pages-dir-browser)/./node_modules/next/dist/next-devtools/shared/forward-logs-shared.js:27
[   47413ms] [WARNING] [HMR] Invalid message: {"type":"isrManifest","data":{"/":true}}
TypeError: Cannot read properties of undefined (reading 'components')
    at handleStaticIndicator (webpack-internal:///(pages-dir-browser)/./node_modules/next/dist/client/dev/hot-reloader/pages/hot-reloader-pages.js:177:46)
    at processMessage (webpack-internal:///(pages-dir-browser)/./node_modules/next/dist/client/dev/hot-reloader/pages/hot-reloader-pages.js:191:17)
    at eval (webpack-internal:///(pages-dir-browser)/./node_modules/next/dist/client/dev/hot-reloader/pages/hot-reloader-pages.js:69:13)
    at WebSocket.handleMessage (webpack-internal:///(pages-dir-browser)/./node_modules/next/dist/client/dev/hot-reloader/pages/websocket.js:68:17) @ webpack-internal:///(pages-dir-browser)/./node_modules/next/dist/next-devtools/shared/forward-logs-shared.js:27
[   47452ms] [ERROR] Failed to load resource: the server responded with a status of 404 (Not Found) @ http://localhost:3111/_next/static/webpack/882bcfdc2ebfc3a1.webpack.hot-update.json:0
[   47465ms] [LOG] [Fast Refresh] rebuilding @ webpack-internal:///(pages-dir-browser)/./node_modules/next/dist/next-devtools/shared/forward-logs-shared.js:27
[   47474ms] [WARNING] [HMR] Invalid message: {"type":"isrManifest","data":{"/":true}}
TypeError: Cannot read properties of undefined (reading 'components')
    at handleStaticIndicator (webpack-internal:///(pages-dir-browser)/./node_modules/next/dist/client/dev/hot-reloader/pages/hot-reloader-pages.js:177:46)
    at processMessage (webpack-internal:///(pages-dir-browser)/./node_modules/next/dist/client/dev/hot-reloader/pages/hot-reloader-pages.js:191:17)
    at eval (webpack-internal:///(pages-dir-browser)/./node_modules/next/dist/client/dev/hot-reloader/pages/hot-reloader-pages.js:69:13)
    at WebSocket.handleMessage (webpack-internal:///(pages-dir-browser)/./node_modules/next/dist/client/dev/hot-reloader/pages/websocket.js:68:17) @ webpack-internal:///(pages-dir-browser)/./node_modules/next/dist/next-devtools/shared/forward-logs-shared.js:27
[   47854ms] [INFO] %cDownload the React DevTools for a better development experience: https://reactjs.org/link/react-devtools font-weight:bold @ webpack-internal:///(pages-dir-browser)/./node_modules/react-dom/cjs/react-dom.development.js:29834
[   47870ms] ReferenceError: __turbopack_load_page_chunks__ is not defined
    at http://localhost:3111/_next/static/chunks/pages/_app.js:1:1
[   47871ms] ReferenceError: __turbopack_load_page_chunks__ is not defined
    at http://localhost:3111/_next/static/chunks/pages/index.js:1:1
[   47874ms] [LOG] [HMR] connected @ webpack-internal:///(pages-dir-browser)/./node_modules/next/dist/next-devtools/shared/forward-logs-shared.js:27
[   47875ms] [WARNING] [HMR] Invalid message: {"type":"isrManifest","data":{"/":true}}
TypeError: Cannot read properties of undefined (reading 'components')
    at handleStaticIndicator (webpack-internal:///(pages-dir-browser)/./node_modules/next/dist/client/dev/hot-reloader/pages/hot-reloader-pages.js:177:46)
    at processMessage (webpack-internal:///(pages-dir-browser)/./node_modules/next/dist/client/dev/hot-reloader/pages/hot-reloader-pages.js:191:17)
    at eval (webpack-internal:///(pages-dir-browser)/./node_modules/next/dist/client/dev/hot-reloader/pages/hot-reloader-pages.js:69:13)
    at WebSocket.handleMessage (webpack-internal:///(pages-dir-browser)/./node_modules/next/dist/client/dev/hot-reloader/pages/websocket.js:68:17) @ webpack-internal:///(pages-dir-browser)/./node_modules/next/dist/next-devtools/shared/forward-logs-shared.js:27
[   47913ms] [ERROR] Failed to load resource: the server responded with a status of 404 (Not Found) @ http://localhost:3111/_next/static/webpack/882bcfdc2ebfc3a1.webpack.hot-update.json:0
[   47926ms] [LOG] [Fast Refresh] rebuilding @ webpack-internal:///(pages-dir-browser)/./node_modules/next/dist/next-devtools/shared/forward-logs-shared.js:27
[   47936ms] [WARNING] [HMR] Invalid message: {"type":"isrManifest","data":{"/":true}}
TypeError: Cannot read properties of undefined (reading 'components')
    at handleStaticIndicator (webpack-internal:///(pages-dir-browser)/./node_modules/next/dist/client/dev/hot-reloader/pages/hot-reloader-pages.js:177:46)
    at processMessage (webpack-internal:///(pages-dir-browser)/./node_modules/next/dist/client/dev/hot-reloader/pages/hot-reloader-pages.js:191:17)
    at eval (webpack-internal:///(pages-dir-browser)/./node_modules/next/dist/client/dev/hot-reloader/pages/hot-reloader-pages.js:69:13)
    at WebSocket.handleMessage (webpack-internal:///(pages-dir-browser)/./node_modules/next/dist/client/dev/hot-reloader/pages/websocket.js:68:17) @ webpack-internal:///(pages-dir-browser)/./node_modules/next/dist/next-devtools/shared/forward-logs-shared.js:27
[   48348ms] [INFO] %cDownload the React DevTools for a better development experience: https://reactjs.org/link/react-devtools font-weight:bold @ webpack-internal:///(pages-dir-browser)/./node_modules/react-dom/cjs/react-dom.development.js:29834
[   48364ms] ReferenceError: __turbopack_load_page_chunks__ is not defined
    at http://localhost:3111/_next/static/chunks/pages/_app.js:1:1
[   48364ms] ReferenceError: __turbopack_load_page_chunks__ is not defined
    at http://localhost:3111/_next/static/chunks/pages/index.js:1:1
[   48367ms] [LOG] [HMR] connected @ webpack-internal:///(pages-dir-browser)/./node_modules/next/dist/next-devtools/shared/forward-logs-shared.js:27
[   48368ms] [WARNING] [HMR] Invalid message: {"type":"isrManifest","data":{"/":true}}
TypeError: Cannot read properties of undefined (reading 'components')
    at handleStaticIndicator (webpack-internal:///(pages-dir-browser)/./node_modules/next/dist/client/dev/hot-reloader/pages/hot-reloader-pages.js:177:46)
    at processMessage (webpack-internal:///(pages-dir-browser)/./node_modules/next/dist/client/dev/hot-reloader/pages/hot-reloader-pages.js:191:17)
    at eval (webpack-internal:///(pages-dir-browser)/./node_modules/next/dist/client/dev/hot-reloader/pages/hot-reloader-pages.js:69:13)
    at WebSocket.handleMessage (webpack-internal:///(pages-dir-browser)/./node_modules/next/dist/client/dev/hot-reloader/pages/websocket.js:68:17) @ webpack-internal:///(pages-dir-browser)/./node_modules/next/dist/next-devtools/shared/forward-logs-shared.js:27
[   48413ms] [ERROR] Failed to load resource: the server responded with a status of 404 (Not Found) @ http://localhost:3111/_next/static/webpack/882bcfdc2ebfc3a1.webpack.hot-update.json:0
[   48427ms] [LOG] [Fast Refresh] rebuilding @ webpack-internal:///(pages-dir-browser)/./node_modules/next/dist/next-devtools/shared/forward-logs-shared.js:27
[   48438ms] [WARNING] [HMR] Invalid message: {"type":"isrManifest","data":{"/":true}}
TypeError: Cannot read properties of undefined (reading 'components')
    at handleStaticIndicator (webpack-internal:///(pages-dir-browser)/./node_modules/next/dist/client/dev/hot-reloader/pages/hot-reloader-pages.js:177:46)
    at processMessage (webpack-internal:///(pages-dir-browser)/./node_modules/next/dist/client/dev/hot-reloader/pages/hot-reloader-pages.js:191:17)
    at eval (webpack-internal:///(pages-dir-browser)/./node_modules/next/dist/client/dev/hot-reloader/pages/hot-reloader-pages.js:69:13)
    at WebSocket.handleMessage (webpack-internal:///(pages-dir-browser)/./node_modules/next/dist/client/dev/hot-reloader/pages/websocket.js:68:17) @ webpack-internal:///(pages-dir-browser)/./node_modules/next/dist/next-devtools/shared/forward-logs-shared.js:27
[   48819ms] [INFO] %cDownload the React DevTools for a better development experience: https://reactjs.org/link/react-devtools font-weight:bold @ webpack-internal:///(pages-dir-browser)/./node_modules/react-dom/cjs/react-dom.development.js:29834
[   48834ms] ReferenceError: __turbopack_load_page_chunks__ is not defined
    at http://localhost:3111/_next/static/chunks/pages/_app.js:1:1
[   48835ms] ReferenceError: __turbopack_load_page_chunks__ is not defined
    at http://localhost:3111/_next/static/chunks/pages/index.js:1:1
[   48838ms] [LOG] [HMR] connected @ webpack-internal:///(pages-dir-browser)/./node_modules/next/dist/next-devtools/shared/forward-logs-shared.js:27
[   48839ms] [WARNING] [HMR] Invalid message: {"type":"isrManifest","data":{"/":true}}
TypeError: Cannot read properties of undefined (reading 'components')
    at handleStaticIndicator (webpack-internal:///(pages-dir-browser)/./node_modules/next/dist/client/dev/hot-reloader/pages/hot-reloader-pages.js:177:46)
    at processMessage (webpack-internal:///(pages-dir-browser)/./node_modules/next/dist/client/dev/hot-reloader/pages/hot-reloader-pages.js:191:17)
    at eval (webpack-internal:///(pages-dir-browser)/./node_modules/next/dist/client/dev/hot-reloader/pages/hot-reloader-pages.js:69:13)
    at WebSocket.handleMessage (webpack-internal:///(pages-dir-browser)/./node_modules/next/dist/client/dev/hot-reloader/pages/websocket.js:68:17) @ webpack-internal:///(pages-dir-browser)/./node_modules/next/dist/next-devtools/shared/forward-logs-shared.js:27
[   48876ms] [ERROR] Failed to load resource: the server responded with a status of 404 (Not Found) @ http://localhost:3111/_next/static/webpack/882bcfdc2ebfc3a1.webpack.hot-update.json:0
[   48891ms] [LOG] [Fast Refresh] rebuilding @ webpack-internal:///(pages-dir-browser)/./node_modules/next/dist/next-devtools/shared/forward-logs-shared.js:27
[   48903ms] [WARNING] [HMR] Invalid message: {"type":"isrManifest","data":{"/":true}}
TypeError: Cannot read properties of undefined (reading 'components')
    at handleStaticIndicator (webpack-internal:///(pages-dir-browser)/./node_modules/next/dist/client/dev/hot-reloader/pages/hot-reloader-pages.js:177:46)
    at processMessage (webpack-internal:///(pages-dir-browser)/./node_modules/next/dist/client/dev/hot-reloader/pages/hot-reloader-pages.js:191:17)
    at eval (webpack-internal:///(pages-dir-browser)/./node_modules/next/dist/client/dev/hot-reloader/pages/hot-reloader-pages.js:69:13)
    at WebSocket.handleMessage (webpack-internal:///(pages-dir-browser)/./node_modules/next/dist/client/dev/hot-reloader/pages/websocket.js:68:17) @ webpack-internal:///(pages-dir-browser)/./node_modules/next/dist/next-devtools/shared/forward-logs-shared.js:27
[   49288ms] [INFO] %cDownload the React DevTools for a better development experience: https://reactjs.org/link/react-devtools font-weight:bold @ webpack-internal:///(pages-dir-browser)/./node_modules/react-dom/cjs/react-dom.development.js:29834
[   49305ms] ReferenceError: __turbopack_load_page_chunks__ is not defined
    at http://localhost:3111/_next/static/chunks/pages/_app.js:1:1
[   49306ms] ReferenceError: __turbopack_load_page_chunks__ is not defined
    at http://localhost:3111/_next/static/chunks/pages/index.js:1:1
[   49309ms] [LOG] [HMR] connected @ webpack-internal:///(pages-dir-browser)/./node_modules/next/dist/next-devtools/shared/forward-logs-shared.js:27
[   49309ms] [WARNING] [HMR] Invalid message: {"type":"isrManifest","data":{"/":true}}
TypeError: Cannot read properties of undefined (reading 'components')
    at handleStaticIndicator (webpack-internal:///(pages-dir-browser)/./node_modules/next/dist/client/dev/hot-reloader/pages/hot-reloader-pages.js:177:46)
    at processMessage (webpack-internal:///(pages-dir-browser)/./node_modules/next/dist/client/dev/hot-reloader/pages/hot-reloader-pages.js:191:17)
    at eval (webpack-internal:///(pages-dir-browser)/./node_modules/next/dist/client/dev/hot-reloader/pages/hot-reloader-pages.js:69:13)
    at WebSocket.handleMessage (webpack-internal:///(pages-dir-browser)/./node_modules/next/dist/client/dev/hot-reloader/pages/websocket.js:68:17) @ webpack-internal:///(pages-dir-browser)/./node_modules/next/dist/next-devtools/shared/forward-logs-shared.js:27
[   49351ms] [ERROR] Failed to load resource: the server responded with a status of 404 (Not Found) @ http://localhost:3111/_next/static/webpack/882bcfdc2ebfc3a1.webpack.hot-update.json:0
[   49366ms] [LOG] [Fast Refresh] rebuilding @ webpack-internal:///(pages-dir-browser)/./node_modules/next/dist/next-devtools/shared/forward-logs-shared.js:27
[   49376ms] [WARNING] [HMR] Invalid message: {"type":"isrManifest","data":{"/":true}}
TypeError: Cannot read properties of undefined (reading 'components')
    at handleStaticIndicator (webpack-internal:///(pages-dir-browser)/./node_modules/next/dist/client/dev/hot-reloader/pages/hot-reloader-pages.js:177:46)
    at processMessage (webpack-internal:///(pages-dir-browser)/./node_modules/next/dist/client/dev/hot-reloader/pages/hot-reloader-pages.js:191:17)
    at eval (webpack-internal:///(pages-dir-browser)/./node_modules/next/dist/client/dev/hot-reloader/pages/hot-reloader-pages.js:69:13)
    at WebSocket.handleMessage (webpack-internal:///(pages-dir-browser)/./node_modules/next/dist/client/dev/hot-reloader/pages/websocket.js:68:17) @ webpack-internal:///(pages-dir-browser)/./node_modules/next/dist/next-devtools/shared/forward-logs-shared.js:27
[   49771ms] [INFO] %cDownload the React DevTools for a better development experience: https://reactjs.org/link/react-devtools font-weight:bold @ webpack-internal:///(pages-dir-browser)/./node_modules/react-dom/cjs/react-dom.development.js:29834
[   49805ms] ReferenceError: __turbopack_load_page_chunks__ is not defined
    at http://localhost:3111/_next/static/chunks/pages/_app.js:1:1
[   49805ms] ReferenceError: __turbopack_load_page_chunks__ is not defined
    at http://localhost:3111/_next/static/chunks/pages/index.js:1:1
[   49813ms] [LOG] [HMR] connected @ webpack-internal:///(pages-dir-browser)/./node_modules/next/dist/next-devtools/shared/forward-logs-shared.js:27
[   49814ms] [WARNING] [HMR] Invalid message: {"type":"isrManifest","data":{"/":true}}
TypeError: Cannot read properties of undefined (reading 'components')
    at handleStaticIndicator (webpack-internal:///(pages-dir-browser)/./node_modules/next/dist/client/dev/hot-reloader/pages/hot-reloader-pages.js:177:46)
    at processMessage (webpack-internal:///(pages-dir-browser)/./node_modules/next/dist/client/dev/hot-reloader/pages/hot-reloader-pages.js:191:17)
    at eval (webpack-internal:///(pages-dir-browser)/./node_modules/next/dist/client/dev/hot-reloader/pages/hot-reloader-pages.js:69:13)
    at WebSocket.handleMessage (webpack-internal:///(pages-dir-browser)/./node_modules/next/dist/client/dev/hot-reloader/pages/websocket.js:68:17) @ webpack-internal:///(pages-dir-browser)/./node_modules/next/dist/next-devtools/shared/forward-logs-shared.js:27
[   49882ms] [ERROR] Failed to load resource: the server responded with a status of 404 (Not Found) @ http://localhost:3111/_next/static/webpack/882bcfdc2ebfc3a1.webpack.hot-update.json:0
[   49897ms] [LOG] [Fast Refresh] rebuilding @ webpack-internal:///(pages-dir-browser)/./node_modules/next/dist/next-devtools/shared/forward-logs-shared.js:27
[   49909ms] [WARNING] [HMR] Invalid message: {"type":"isrManifest","data":{"/":true}}
TypeError: Cannot read properties of undefined (reading 'components')
    at handleStaticIndicator (webpack-internal:///(pages-dir-browser)/./node_modules/next/dist/client/dev/hot-reloader/pages/hot-reloader-pages.js:177:46)
    at processMessage (webpack-internal:///(pages-dir-browser)/./node_modules/next/dist/client/dev/hot-reloader/pages/hot-reloader-pages.js:191:17)
    at eval (webpack-internal:///(pages-dir-browser)/./node_modules/next/dist/client/dev/hot-reloader/pages/hot-reloader-pages.js:69:13)
    at WebSocket.handleMessage (webpack-internal:///(pages-dir-browser)/./node_modules/next/dist/client/dev/hot-reloader/pages/websocket.js:68:17) @ webpack-internal:///(pages-dir-browser)/./node_modules/next/dist/next-devtools/shared/forward-logs-shared.js:27
[   50355ms] [INFO] %cDownload the React DevTools for a better development experience: https://reactjs.org/link/react-devtools font-weight:bold @ webpack-internal:///(pages-dir-browser)/./node_modules/react-dom/cjs/react-dom.development.js:29834
[   50379ms] ReferenceError: __turbopack_load_page_chunks__ is not defined
    at http://localhost:3111/_next/static/chunks/pages/_app.js:1:1
[   50380ms] ReferenceError: __turbopack_load_page_chunks__ is not defined
    at http://localhost:3111/_next/static/chunks/pages/index.js:1:1
[   50384ms] [LOG] [HMR] connected @ webpack-internal:///(pages-dir-browser)/./node_modules/next/dist/next-devtools/shared/forward-logs-shared.js:27
[   50384ms] [WARNING] [HMR] Invalid message: {"type":"isrManifest","data":{"/":true}}
TypeError: Cannot read properties of undefined (reading 'components')
    at handleStaticIndicator (webpack-internal:///(pages-dir-browser)/./node_modules/next/dist/client/dev/hot-reloader/pages/hot-reloader-pages.js:177:46)
    at processMessage (webpack-internal:///(pages-dir-browser)/./node_modules/next/dist/client/dev/hot-reloader/pages/hot-reloader-pages.js:191:17)
    at eval (webpack-internal:///(pages-dir-browser)/./node_modules/next/dist/client/dev/hot-reloader/pages/hot-reloader-pages.js:69:13)
    at WebSocket.handleMessage (webpack-internal:///(pages-dir-browser)/./node_modules/next/dist/client/dev/hot-reloader/pages/websocket.js:68:17) @ webpack-internal:///(pages-dir-browser)/./node_modules/next/dist/next-devtools/shared/forward-logs-shared.js:27
[   50434ms] [ERROR] Failed to load resource: the server responded with a status of 404 (Not Found) @ http://localhost:3111/_next/static/webpack/882bcfdc2ebfc3a1.webpack.hot-update.json:0
[   50452ms] [LOG] [Fast Refresh] rebuilding @ webpack-internal:///(pages-dir-browser)/./node_modules/next/dist/next-devtools/shared/forward-logs-shared.js:27
[   50465ms] [WARNING] [HMR] Invalid message: {"type":"isrManifest","data":{"/":true}}
TypeError: Cannot read properties of undefined (reading 'components')
    at handleStaticIndicator (webpack-internal:///(pages-dir-browser)/./node_modules/next/dist/client/dev/hot-reloader/pages/hot-reloader-pages.js:177:46)
    at processMessage (webpack-internal:///(pages-dir-browser)/./node_modules/next/dist/client/dev/hot-reloader/pages/hot-reloader-pages.js:191:17)
    at eval (webpack-internal:///(pages-dir-browser)/./node_modules/next/dist/client/dev/hot-reloader/pages/hot-reloader-pages.js:69:13)
    at WebSocket.handleMessage (webpack-internal:///(pages-dir-browser)/./node_modules/next/dist/client/dev/hot-reloader/pages/websocket.js:68:17) @ webpack-internal:///(pages-dir-browser)/./node_modules/next/dist/next-devtools/shared/forward-logs-shared.js:27
[   50873ms] [INFO] %cDownload the React DevTools for a better development experience: https://reactjs.org/link/react-devtools font-weight:bold @ webpack-internal:///(pages-dir-browser)/./node_modules/react-dom/cjs/react-dom.development.js:29834
[   50895ms] ReferenceError: __turbopack_load_page_chunks__ is not defined
    at http://localhost:3111/_next/static/chunks/pages/_app.js:1:1
[   50896ms] ReferenceError: __turbopack_load_page_chunks__ is not defined
    at http://localhost:3111/_next/static/chunks/pages/index.js:1:1
[   50900ms] [LOG] [HMR] connected @ webpack-internal:///(pages-dir-browser)/./node_modules/next/dist/next-devtools/shared/forward-logs-shared.js:27
[   50901ms] [WARNING] [HMR] Invalid message: {"type":"isrManifest","data":{"/":true}}
TypeError: Cannot read properties of undefined (reading 'components')
    at handleStaticIndicator (webpack-internal:///(pages-dir-browser)/./node_modules/next/dist/client/dev/hot-reloader/pages/hot-reloader-pages.js:177:46)
    at processMessage (webpack-internal:///(pages-dir-browser)/./node_modules/next/dist/client/dev/hot-reloader/pages/hot-reloader-pages.js:191:17)
    at eval (webpack-internal:///(pages-dir-browser)/./node_modules/next/dist/client/dev/hot-reloader/pages/hot-reloader-pages.js:69:13)
    at WebSocket.handleMessage (webpack-internal:///(pages-dir-browser)/./node_modules/next/dist/client/dev/hot-reloader/pages/websocket.js:68:17) @ webpack-internal:///(pages-dir-browser)/./node_modules/next/dist/next-devtools/shared/forward-logs-shared.js:27
[   50951ms] [ERROR] Failed to load resource: the server responded with a status of 404 (Not Found) @ http://localhost:3111/_next/static/webpack/882bcfdc2ebfc3a1.webpack.hot-update.json:0
[   50970ms] [LOG] [Fast Refresh] rebuilding @ webpack-internal:///(pages-dir-browser)/./node_modules/next/dist/next-devtools/shared/forward-logs-shared.js:27
[   50982ms] [WARNING] [HMR] Invalid message: {"type":"isrManifest","data":{"/":true}}
TypeError: Cannot read properties of undefined (reading 'components')
    at handleStaticIndicator (webpack-internal:///(pages-dir-browser)/./node_modules/next/dist/client/dev/hot-reloader/pages/hot-reloader-pages.js:177:46)
    at processMessage (webpack-internal:///(pages-dir-browser)/./node_modules/next/dist/client/dev/hot-reloader/pages/hot-reloader-pages.js:191:17)
    at eval (webpack-internal:///(pages-dir-browser)/./node_modules/next/dist/client/dev/hot-reloader/pages/hot-reloader-pages.js:69:13)
    at WebSocket.handleMessage (webpack-internal:///(pages-dir-browser)/./node_modules/next/dist/client/dev/hot-reloader/pages/websocket.js:68:17) @ webpack-internal:///(pages-dir-browser)/./node_modules/next/dist/next-devtools/shared/forward-logs-shared.js:27
[   51385ms] [INFO] %cDownload the React DevTools for a better development experience: https://reactjs.org/link/react-devtools font-weight:bold @ webpack-internal:///(pages-dir-browser)/./node_modules/react-dom/cjs/react-dom.development.js:29834
[   51409ms] ReferenceError: __turbopack_load_page_chunks__ is not defined
    at http://localhost:3111/_next/static/chunks/pages/_app.js:1:1
[   51409ms] ReferenceError: __turbopack_load_page_chunks__ is not defined
    at http://localhost:3111/_next/static/chunks/pages/index.js:1:1
[   51414ms] [LOG] [HMR] connected @ webpack-internal:///(pages-dir-browser)/./node_modules/next/dist/next-devtools/shared/forward-logs-shared.js:27
[   51415ms] [WARNING] [HMR] Invalid message: {"type":"isrManifest","data":{"/":true}}
TypeError: Cannot read properties of undefined (reading 'components')
    at handleStaticIndicator (webpack-internal:///(pages-dir-browser)/./node_modules/next/dist/client/dev/hot-reloader/pages/hot-reloader-pages.js:177:46)
    at processMessage (webpack-internal:///(pages-dir-browser)/./node_modules/next/dist/client/dev/hot-reloader/pages/hot-reloader-pages.js:191:17)
    at eval (webpack-internal:///(pages-dir-browser)/./node_modules/next/dist/client/dev/hot-reloader/pages/hot-reloader-pages.js:69:13)
    at WebSocket.handleMessage (webpack-internal:///(pages-dir-browser)/./node_modules/next/dist/client/dev/hot-reloader/pages/websocket.js:68:17) @ webpack-internal:///(pages-dir-browser)/./node_modules/next/dist/next-devtools/shared/forward-logs-shared.js:27
[   51469ms] [ERROR] Failed to load resource: the server responded with a status of 404 (Not Found) @ http://localhost:3111/_next/static/webpack/882bcfdc2ebfc3a1.webpack.hot-update.json:0
[   51486ms] [LOG] [Fast Refresh] rebuilding @ webpack-internal:///(pages-dir-browser)/./node_modules/next/dist/next-devtools/shared/forward-logs-shared.js:27
[   51498ms] [WARNING] [HMR] Invalid message: {"type":"isrManifest","data":{"/":true}}
TypeError: Cannot read properties of undefined (reading 'components')
    at handleStaticIndicator (webpack-internal:///(pages-dir-browser)/./node_modules/next/dist/client/dev/hot-reloader/pages/hot-reloader-pages.js:177:46)
    at processMessage (webpack-internal:///(pages-dir-browser)/./node_modules/next/dist/client/dev/hot-reloader/pages/hot-reloader-pages.js:191:17)
    at eval (webpack-internal:///(pages-dir-browser)/./node_modules/next/dist/client/dev/hot-reloader/pages/hot-reloader-pages.js:69:13)
    at WebSocket.handleMessage (webpack-internal:///(pages-dir-browser)/./node_modules/next/dist/client/dev/hot-reloader/pages/websocket.js:68:17) @ webpack-internal:///(pages-dir-browser)/./node_modules/next/dist/next-devtools/shared/forward-logs-shared.js:27
[   51896ms] [INFO] %cDownload the React DevTools for a better development experience: https://reactjs.org/link/react-devtools font-weight:bold @ webpack-internal:///(pages-dir-browser)/./node_modules/react-dom/cjs/react-dom.development.js:29834
[   51916ms] ReferenceError: __turbopack_load_page_chunks__ is not defined
    at http://localhost:3111/_next/static/chunks/pages/_app.js:1:1
[   51917ms] ReferenceError: __turbopack_load_page_chunks__ is not defined
    at http://localhost:3111/_next/static/chunks/pages/index.js:1:1
[   51923ms] [LOG] [HMR] connected @ webpack-internal:///(pages-dir-browser)/./node_modules/next/dist/next-devtools/shared/forward-logs-shared.js:27
[   51923ms] [WARNING] [HMR] Invalid message: {"type":"isrManifest","data":{"/":true}}
TypeError: Cannot read properties of undefined (reading 'components')
    at handleStaticIndicator (webpack-internal:///(pages-dir-browser)/./node_modules/next/dist/client/dev/hot-reloader/pages/hot-reloader-pages.js:177:46)
    at processMessage (webpack-internal:///(pages-dir-browser)/./node_modules/next/dist/client/dev/hot-reloader/pages/hot-reloader-pages.js:191:17)
    at eval (webpack-internal:///(pages-dir-browser)/./node_modules/next/dist/client/dev/hot-reloader/pages/hot-reloader-pages.js:69:13)
    at WebSocket.handleMessage (webpack-internal:///(pages-dir-browser)/./node_modules/next/dist/client/dev/hot-reloader/pages/websocket.js:68:17) @ webpack-internal:///(pages-dir-browser)/./node_modules/next/dist/next-devtools/shared/forward-logs-shared.js:27
[   51970ms] [ERROR] Failed to load resource: the server responded with a status of 404 (Not Found) @ http://localhost:3111/_next/static/webpack/882bcfdc2ebfc3a1.webpack.hot-update.json:0
[   51991ms] [LOG] [Fast Refresh] rebuilding @ webpack-internal:///(pages-dir-browser)/./node_modules/next/dist/next-devtools/shared/forward-logs-shared.js:27
[   52012ms] [WARNING] [HMR] Invalid message: {"type":"isrManifest","data":{"/":true}}
TypeError: Cannot read properties of undefined (reading 'components')
    at handleStaticIndicator (webpack-internal:///(pages-dir-browser)/./node_modules/next/dist/client/dev/hot-reloader/pages/hot-reloader-pages.js:177:46)
    at processMessage (webpack-internal:///(pages-dir-browser)/./node_modules/next/dist/client/dev/hot-reloader/pages/hot-reloader-pages.js:191:17)
    at eval (webpack-internal:///(pages-dir-browser)/./node_modules/next/dist/client/dev/hot-reloader/pages/hot-reloader-pages.js:69:13)
    at WebSocket.handleMessage (webpack-internal:///(pages-dir-browser)/./node_modules/next/dist/client/dev/hot-reloader/pages/websocket.js:68:17) @ webpack-internal:///(pages-dir-browser)/./node_modules/next/dist/next-devtools/shared/forward-logs-shared.js:27
[   52423ms] [INFO] %cDownload the React DevTools for a better development experience: https://reactjs.org/link/react-devtools font-weight:bold @ webpack-internal:///(pages-dir-browser)/./node_modules/react-dom/cjs/react-dom.development.js:29834
[   52442ms] ReferenceError: __turbopack_load_page_chunks__ is not defined
    at http://localhost:3111/_next/static/chunks/pages/_app.js:1:1
[   52443ms] ReferenceError: __turbopack_load_page_chunks__ is not defined
    at http://localhost:3111/_next/static/chunks/pages/index.js:1:1
[   52451ms] [LOG] [HMR] connected @ webpack-internal:///(pages-dir-browser)/./node_modules/next/dist/next-devtools/shared/forward-logs-shared.js:27
[   52452ms] [WARNING] [HMR] Invalid message: {"type":"isrManifest","data":{"/":true}}
TypeError: Cannot read properties of undefined (reading 'components')
    at handleStaticIndicator (webpack-internal:///(pages-dir-browser)/./node_modules/next/dist/client/dev/hot-reloader/pages/hot-reloader-pages.js:177:46)
    at processMessage (webpack-internal:///(pages-dir-browser)/./node_modules/next/dist/client/dev/hot-reloader/pages/hot-reloader-pages.js:191:17)
    at eval (webpack-internal:///(pages-dir-browser)/./node_modules/next/dist/client/dev/hot-reloader/pages/hot-reloader-pages.js:69:13)
    at WebSocket.handleMessage (webpack-internal:///(pages-dir-browser)/./node_modules/next/dist/client/dev/hot-reloader/pages/websocket.js:68:17) @ webpack-internal:///(pages-dir-browser)/./node_modules/next/dist/next-devtools/shared/forward-logs-shared.js:27
[   52501ms] [ERROR] Failed to load resource: the server responded with a status of 404 (Not Found) @ http://localhost:3111/_next/static/webpack/882bcfdc2ebfc3a1.webpack.hot-update.json:0
[   52519ms] [LOG] [Fast Refresh] rebuilding @ webpack-internal:///(pages-dir-browser)/./node_modules/next/dist/next-devtools/shared/forward-logs-shared.js:27
[   52532ms] [WARNING] [HMR] Invalid message: {"type":"isrManifest","data":{"/":true}}
TypeError: Cannot read properties of undefined (reading 'components')
    at handleStaticIndicator (webpack-internal:///(pages-dir-browser)/./node_modules/next/dist/client/dev/hot-reloader/pages/hot-reloader-pages.js:177:46)
    at processMessage (webpack-internal:///(pages-dir-browser)/./node_modules/next/dist/client/dev/hot-reloader/pages/hot-reloader-pages.js:191:17)
    at eval (webpack-internal:///(pages-dir-browser)/./node_modules/next/dist/client/dev/hot-reloader/pages/hot-reloader-pages.js:69:13)
    at WebSocket.handleMessage (webpack-internal:///(pages-dir-browser)/./node_modules/next/dist/client/dev/hot-reloader/pages/websocket.js:68:17) @ webpack-internal:///(pages-dir-browser)/./node_modules/next/dist/next-devtools/shared/forward-logs-shared.js:27
[   52942ms] [INFO] %cDownload the React DevTools for a better development experience: https://reactjs.org/link/react-devtools font-weight:bold @ webpack-internal:///(pages-dir-browser)/./node_modules/react-dom/cjs/react-dom.development.js:29834
[   52966ms] ReferenceError: __turbopack_load_page_chunks__ is not defined
    at http://localhost:3111/_next/static/chunks/pages/_app.js:1:1
[   52967ms] ReferenceError: __turbopack_load_page_chunks__ is not defined
    at http://localhost:3111/_next/static/chunks/pages/index.js:1:1
[   52972ms] [LOG] [HMR] connected @ webpack-internal:///(pages-dir-browser)/./node_modules/next/dist/next-devtools/shared/forward-logs-shared.js:27
[   52973ms] [WARNING] [HMR] Invalid message: {"type":"isrManifest","data":{"/":true}}
TypeError: Cannot read properties of undefined (reading 'components')
    at handleStaticIndicator (webpack-internal:///(pages-dir-browser)/./node_modules/next/dist/client/dev/hot-reloader/pages/hot-reloader-pages.js:177:46)
    at processMessage (webpack-internal:///(pages-dir-browser)/./node_modules/next/dist/client/dev/hot-reloader/pages/hot-reloader-pages.js:191:17)
    at eval (webpack-internal:///(pages-dir-browser)/./node_modules/next/dist/client/dev/hot-reloader/pages/hot-reloader-pages.js:69:13)
    at WebSocket.handleMessage (webpack-internal:///(pages-dir-browser)/./node_modules/next/dist/client/dev/hot-reloader/pages/websocket.js:68:17) @ webpack-internal:///(pages-dir-browser)/./node_modules/next/dist/next-devtools/shared/forward-logs-shared.js:27
[   53025ms] [ERROR] Failed to load resource: the server responded with a status of 404 (Not Found) @ http://localhost:3111/_next/static/webpack/882bcfdc2ebfc3a1.webpack.hot-update.json:0
[   53041ms] [LOG] [Fast Refresh] rebuilding @ webpack-internal:///(pages-dir-browser)/./node_modules/next/dist/next-devtools/shared/forward-logs-shared.js:27
[   53052ms] [WARNING] [HMR] Invalid message: {"type":"isrManifest","data":{"/":true}}
TypeError: Cannot read properties of undefined (reading 'components')
    at handleStaticIndicator (webpack-internal:///(pages-dir-browser)/./node_modules/next/dist/client/dev/hot-reloader/pages/hot-reloader-pages.js:177:46)
    at processMessage (webpack-internal:///(pages-dir-browser)/./node_modules/next/dist/client/dev/hot-reloader/pages/hot-reloader-pages.js:191:17)
    at eval (webpack-internal:///(pages-dir-browser)/./node_modules/next/dist/client/dev/hot-reloader/pages/hot-reloader-pages.js:69:13)
    at WebSocket.handleMessage (webpack-internal:///(pages-dir-browser)/./node_modules/next/dist/client/dev/hot-reloader/pages/websocket.js:68:17) @ webpack-internal:///(pages-dir-browser)/./node_modules/next/dist/next-devtools/shared/forward-logs-shared.js:27
[   53452ms] [INFO] %cDownload the React DevTools for a better development experience: https://reactjs.org/link/react-devtools font-weight:bold @ webpack-internal:///(pages-dir-browser)/./node_modules/react-dom/cjs/react-dom.development.js:29834
[   53475ms] ReferenceError: __turbopack_load_page_chunks__ is not defined
    at http://localhost:3111/_next/static/chunks/pages/_app.js:1:1
[   53477ms] ReferenceError: __turbopack_load_page_chunks__ is not defined
    at http://localhost:3111/_next/static/chunks/pages/index.js:1:1
[   53481ms] [LOG] [HMR] connected @ webpack-internal:///(pages-dir-browser)/./node_modules/next/dist/next-devtools/shared/forward-logs-shared.js:27
[   53482ms] [WARNING] [HMR] Invalid message: {"type":"isrManifest","data":{"/":true}}
TypeError: Cannot read properties of undefined (reading 'components')
    at handleStaticIndicator (webpack-internal:///(pages-dir-browser)/./node_modules/next/dist/client/dev/hot-reloader/pages/hot-reloader-pages.js:177:46)
    at processMessage (webpack-internal:///(pages-dir-browser)/./node_modules/next/dist/client/dev/hot-reloader/pages/hot-reloader-pages.js:191:17)
    at eval (webpack-internal:///(pages-dir-browser)/./node_modules/next/dist/client/dev/hot-reloader/pages/hot-reloader-pages.js:69:13)
    at WebSocket.handleMessage (webpack-internal:///(pages-dir-browser)/./node_modules/next/dist/client/dev/hot-reloader/pages/websocket.js:68:17) @ webpack-internal:///(pages-dir-browser)/./node_modules/next/dist/next-devtools/shared/forward-logs-shared.js:27
[   53543ms] [ERROR] Failed to load resource: the server responded with a status of 404 (Not Found) @ http://localhost:3111/_next/static/webpack/882bcfdc2ebfc3a1.webpack.hot-update.json:0
[   53560ms] [LOG] [Fast Refresh] rebuilding @ webpack-internal:///(pages-dir-browser)/./node_modules/next/dist/next-devtools/shared/forward-logs-shared.js:27
[   53572ms] [WARNING] [HMR] Invalid message: {"type":"isrManifest","data":{"/":true}}
TypeError: Cannot read properties of undefined (reading 'components')
    at handleStaticIndicator (webpack-internal:///(pages-dir-browser)/./node_modules/next/dist/client/dev/hot-reloader/pages/hot-reloader-pages.js:177:46)
    at processMessage (webpack-internal:///(pages-dir-browser)/./node_modules/next/dist/client/dev/hot-reloader/pages/hot-reloader-pages.js:191:17)
    at eval (webpack-internal:///(pages-dir-browser)/./node_modules/next/dist/client/dev/hot-reloader/pages/hot-reloader-pages.js:69:13)
    at WebSocket.handleMessage (webpack-internal:///(pages-dir-browser)/./node_modules/next/dist/client/dev/hot-reloader/pages/websocket.js:68:17) @ webpack-internal:///(pages-dir-browser)/./node_modules/next/dist/next-devtools/shared/forward-logs-shared.js:27
[   53987ms] [INFO] %cDownload the React DevTools for a better development experience: https://reactjs.org/link/react-devtools font-weight:bold @ webpack-internal:///(pages-dir-browser)/./node_modules/react-dom/cjs/react-dom.development.js:29834
[   54011ms] ReferenceError: __turbopack_load_page_chunks__ is not defined
    at http://localhost:3111/_next/static/chunks/pages/_app.js:1:1
[   54012ms] ReferenceError: __turbopack_load_page_chunks__ is not defined
    at http://localhost:3111/_next/static/chunks/pages/index.js:1:1
[   54016ms] [LOG] [HMR] connected @ webpack-internal:///(pages-dir-browser)/./node_modules/next/dist/next-devtools/shared/forward-logs-shared.js:27
[   54016ms] [WARNING] [HMR] Invalid message: {"type":"isrManifest","data":{"/":true}}
TypeError: Cannot read properties of undefined (reading 'components')
    at handleStaticIndicator (webpack-internal:///(pages-dir-browser)/./node_modules/next/dist/client/dev/hot-reloader/pages/hot-reloader-pages.js:177:46)
    at processMessage (webpack-internal:///(pages-dir-browser)/./node_modules/next/dist/client/dev/hot-reloader/pages/hot-reloader-pages.js:191:17)
    at eval (webpack-internal:///(pages-dir-browser)/./node_modules/next/dist/client/dev/hot-reloader/pages/hot-reloader-pages.js:69:13)
    at WebSocket.handleMessage (webpack-internal:///(pages-dir-browser)/./node_modules/next/dist/client/dev/hot-reloader/pages/websocket.js:68:17) @ webpack-internal:///(pages-dir-browser)/./node_modules/next/dist/next-devtools/shared/forward-logs-shared.js:27
[   54064ms] [ERROR] Failed to load resource: the server responded with a status of 404 (Not Found) @ http://localhost:3111/_next/static/webpack/882bcfdc2ebfc3a1.webpack.hot-update.json:0
[   54082ms] [LOG] [Fast Refresh] rebuilding @ webpack-internal:///(pages-dir-browser)/./node_modules/next/dist/next-devtools/shared/forward-logs-shared.js:27
[   54095ms] [WARNING] [HMR] Invalid message: {"type":"isrManifest","data":{"/":true}}
TypeError: Cannot read properties of undefined (reading 'components')
    at handleStaticIndicator (webpack-internal:///(pages-dir-browser)/./node_modules/next/dist/client/dev/hot-reloader/pages/hot-reloader-pages.js:177:46)
    at processMessage (webpack-internal:///(pages-dir-browser)/./node_modules/next/dist/client/dev/hot-reloader/pages/hot-reloader-pages.js:191:17)
    at eval (webpack-internal:///(pages-dir-browser)/./node_modules/next/dist/client/dev/hot-reloader/pages/hot-reloader-pages.js:69:13)
    at WebSocket.handleMessage (webpack-internal:///(pages-dir-browser)/./node_modules/next/dist/client/dev/hot-reloader/pages/websocket.js:68:17) @ webpack-internal:///(pages-dir-browser)/./node_modules/next/dist/next-devtools/shared/forward-logs-shared.js:27
[   54505ms] [INFO] %cDownload the React DevTools for a better development experience: https://reactjs.org/link/react-devtools font-weight:bold @ webpack-internal:///(pages-dir-browser)/./node_modules/react-dom/cjs/react-dom.development.js:29834
[   54534ms] ReferenceError: __turbopack_load_page_chunks__ is not defined
    at http://localhost:3111/_next/static/chunks/pages/_app.js:1:1
[   54536ms] ReferenceError: __turbopack_load_page_chunks__ is not defined
    at http://localhost:3111/_next/static/chunks/pages/index.js:1:1
[   54540ms] [LOG] [HMR] connected @ webpack-internal:///(pages-dir-browser)/./node_modules/next/dist/next-devtools/shared/forward-logs-shared.js:27
[   54540ms] [WARNING] [HMR] Invalid message: {"type":"isrManifest","data":{"/":true}}
TypeError: Cannot read properties of undefined (reading 'components')
    at handleStaticIndicator (webpack-internal:///(pages-dir-browser)/./node_modules/next/dist/client/dev/hot-reloader/pages/hot-reloader-pages.js:177:46)
    at processMessage (webpack-internal:///(pages-dir-browser)/./node_modules/next/dist/client/dev/hot-reloader/pages/hot-reloader-pages.js:191:17)
    at eval (webpack-internal:///(pages-dir-browser)/./node_modules/next/dist/client/dev/hot-reloader/pages/hot-reloader-pages.js:69:13)
    at WebSocket.handleMessage (webpack-internal:///(pages-dir-browser)/./node_modules/next/dist/client/dev/hot-reloader/pages/websocket.js:68:17) @ webpack-internal:///(pages-dir-browser)/./node_modules/next/dist/next-devtools/shared/forward-logs-shared.js:27
[   54576ms] [ERROR] Failed to load resource: the server responded with a status of 404 (Not Found) @ http://localhost:3111/_next/static/webpack/882bcfdc2ebfc3a1.webpack.hot-update.json:0
[   55053ms] [INFO] %cDownload the React DevTools for a better development experience: https://reactjs.org/link/react-devtools font-weight:bold @ webpack-internal:///(pages-dir-browser)/./node_modules/react-dom/cjs/react-dom.development.js:29834
[   55078ms] ReferenceError: __turbopack_load_page_chunks__ is not defined
    at http://localhost:3111/_next/static/chunks/pages/_app.js:1:1
[   55079ms] ReferenceError: __turbopack_load_page_chunks__ is not defined
    at http://localhost:3111/_next/static/chunks/pages/index.js:1:1
[   55083ms] [LOG] [HMR] connected @ webpack-internal:///(pages-dir-browser)/./node_modules/next/dist/next-devtools/shared/forward-logs-shared.js:27
[   55084ms] [WARNING] [HMR] Invalid message: {"type":"isrManifest","data":{"/":true}}
TypeError: Cannot read properties of undefined (reading 'components')
    at handleStaticIndicator (webpack-internal:///(pages-dir-browser)/./node_modules/next/dist/client/dev/hot-reloader/pages/hot-reloader-pages.js:177:46)
    at processMessage (webpack-internal:///(pages-dir-browser)/./node_modules/next/dist/client/dev/hot-reloader/pages/hot-reloader-pages.js:191:17)
    at eval (webpack-internal:///(pages-dir-browser)/./node_modules/next/dist/client/dev/hot-reloader/pages/hot-reloader-pages.js:69:13)
    at WebSocket.handleMessage (webpack-internal:///(pages-dir-browser)/./node_modules/next/dist/client/dev/hot-reloader/pages/websocket.js:68:17) @ webpack-internal:///(pages-dir-browser)/./node_modules/next/dist/next-devtools/shared/forward-logs-shared.js:27
[   55135ms] [ERROR] Failed to load resource: the server responded with a status of 404 (Not Found) @ http://localhost:3111/_next/static/webpack/882bcfdc2ebfc3a1.webpack.hot-update.json:0
[   55151ms] [LOG] [Fast Refresh] rebuilding @ webpack-internal:///(pages-dir-browser)/./node_modules/next/dist/next-devtools/shared/forward-logs-shared.js:27
[   55165ms] [WARNING] [HMR] Invalid message: {"type":"isrManifest","data":{"/":true}}
TypeError: Cannot read properties of undefined (reading 'components')
    at handleStaticIndicator (webpack-internal:///(pages-dir-browser)/./node_modules/next/dist/client/dev/hot-reloader/pages/hot-reloader-pages.js:177:46)
    at processMessage (webpack-internal:///(pages-dir-browser)/./node_modules/next/dist/client/dev/hot-reloader/pages/hot-reloader-pages.js:191:17)
    at eval (webpack-internal:///(pages-dir-browser)/./node_modules/next/dist/client/dev/hot-reloader/pages/hot-reloader-pages.js:69:13)
    at WebSocket.handleMessage (webpack-internal:///(pages-dir-browser)/./node_modules/next/dist/client/dev/hot-reloader/pages/websocket.js:68:17) @ webpack-internal:///(pages-dir-browser)/./node_modules/next/dist/next-devtools/shared/forward-logs-shared.js:27
[   55589ms] [INFO] %cDownload the React DevTools for a better development experience: https://reactjs.org/link/react-devtools font-weight:bold @ webpack-internal:///(pages-dir-browser)/./node_modules/react-dom/cjs/react-dom.development.js:29834
[   55609ms] ReferenceError: __turbopack_load_page_chunks__ is not defined
    at http://localhost:3111/_next/static/chunks/pages/_app.js:1:1
[   55609ms] ReferenceError: __turbopack_load_page_chunks__ is not defined
    at http://localhost:3111/_next/static/chunks/pages/index.js:1:1
[   55614ms] [LOG] [HMR] connected @ webpack-internal:///(pages-dir-browser)/./node_modules/next/dist/next-devtools/shared/forward-logs-shared.js:27
[   55615ms] [WARNING] [HMR] Invalid message: {"type":"isrManifest","data":{"/":true}}
TypeError: Cannot read properties of undefined (reading 'components')
    at handleStaticIndicator (webpack-internal:///(pages-dir-browser)/./node_modules/next/dist/client/dev/hot-reloader/pages/hot-reloader-pages.js:177:46)
    at processMessage (webpack-internal:///(pages-dir-browser)/./node_modules/next/dist/client/dev/hot-reloader/pages/hot-reloader-pages.js:191:17)
    at eval (webpack-internal:///(pages-dir-browser)/./node_modules/next/dist/client/dev/hot-reloader/pages/hot-reloader-pages.js:69:13)
    at WebSocket.handleMessage (webpack-internal:///(pages-dir-browser)/./node_modules/next/dist/client/dev/hot-reloader/pages/websocket.js:68:17) @ webpack-internal:///(pages-dir-browser)/./node_modules/next/dist/next-devtools/shared/forward-logs-shared.js:27
[   55664ms] [ERROR] Failed to load resource: the server responded with a status of 404 (Not Found) @ http://localhost:3111/_next/static/webpack/882bcfdc2ebfc3a1.webpack.hot-update.json:0
[   55681ms] [LOG] [Fast Refresh] rebuilding @ webpack-internal:///(pages-dir-browser)/./node_modules/next/dist/next-devtools/shared/forward-logs-shared.js:27
[   55694ms] [WARNING] [HMR] Invalid message: {"type":"isrManifest","data":{"/":true}}
TypeError: Cannot read properties of undefined (reading 'components')
    at handleStaticIndicator (webpack-internal:///(pages-dir-browser)/./node_modules/next/dist/client/dev/hot-reloader/pages/hot-reloader-pages.js:177:46)
    at processMessage (webpack-internal:///(pages-dir-browser)/./node_modules/next/dist/client/dev/hot-reloader/pages/hot-reloader-pages.js:191:17)
    at eval (webpack-internal:///(pages-dir-browser)/./node_modules/next/dist/client/dev/hot-reloader/pages/hot-reloader-pages.js:69:13)
    at WebSocket.handleMessage (webpack-internal:///(pages-dir-browser)/./node_modules/next/dist/client/dev/hot-reloader/pages/websocket.js:68:17) @ webpack-internal:///(pages-dir-browser)/./node_modules/next/dist/next-devtools/shared/forward-logs-shared.js:27
[   56119ms] [INFO] %cDownload the React DevTools for a better development experience: https://reactjs.org/link/react-devtools font-weight:bold @ webpack-internal:///(pages-dir-browser)/./node_modules/react-dom/cjs/react-dom.development.js:29834
[   56152ms] ReferenceError: __turbopack_load_page_chunks__ is not defined
    at http://localhost:3111/_next/static/chunks/pages/_app.js:1:1
[   56152ms] ReferenceError: __turbopack_load_page_chunks__ is not defined
    at http://localhost:3111/_next/static/chunks/pages/index.js:1:1
[   56159ms] [LOG] [HMR] connected @ webpack-internal:///(pages-dir-browser)/./node_modules/next/dist/next-devtools/shared/forward-logs-shared.js:27
[   56159ms] [WARNING] [HMR] Invalid message: {"type":"isrManifest","data":{"/":true}}
TypeError: Cannot read properties of undefined (reading 'components')
    at handleStaticIndicator (webpack-internal:///(pages-dir-browser)/./node_modules/next/dist/client/dev/hot-reloader/pages/hot-reloader-pages.js:177:46)
    at processMessage (webpack-internal:///(pages-dir-browser)/./node_modules/next/dist/client/dev/hot-reloader/pages/hot-reloader-pages.js:191:17)
    at eval (webpack-internal:///(pages-dir-browser)/./node_modules/next/dist/client/dev/hot-reloader/pages/hot-reloader-pages.js:69:13)
    at WebSocket.handleMessage (webpack-internal:///(pages-dir-browser)/./node_modules/next/dist/client/dev/hot-reloader/pages/websocket.js:68:17) @ webpack-internal:///(pages-dir-browser)/./node_modules/next/dist/next-devtools/shared/forward-logs-shared.js:27
[   56190ms] [ERROR] Failed to load resource: the server responded with a status of 404 (Not Found) @ http://localhost:3111/_next/static/webpack/882bcfdc2ebfc3a1.webpack.hot-update.json:0
[   56659ms] [INFO] %cDownload the React DevTools for a better development experience: https://reactjs.org/link/react-devtools font-weight:bold @ webpack-internal:///(pages-dir-browser)/./node_modules/react-dom/cjs/react-dom.development.js:29834
[   56679ms] ReferenceError: __turbopack_load_page_chunks__ is not defined
    at http://localhost:3111/_next/static/chunks/pages/_app.js:1:1
[   56680ms] ReferenceError: __turbopack_load_page_chunks__ is not defined
    at http://localhost:3111/_next/static/chunks/pages/index.js:1:1
[   56687ms] [LOG] [HMR] connected @ webpack-internal:///(pages-dir-browser)/./node_modules/next/dist/next-devtools/shared/forward-logs-shared.js:27
[   56688ms] [WARNING] [HMR] Invalid message: {"type":"isrManifest","data":{"/":true}}
TypeError: Cannot read properties of undefined (reading 'components')
    at handleStaticIndicator (webpack-internal:///(pages-dir-browser)/./node_modules/next/dist/client/dev/hot-reloader/pages/hot-reloader-pages.js:177:46)
    at processMessage (webpack-internal:///(pages-dir-browser)/./node_modules/next/dist/client/dev/hot-reloader/pages/hot-reloader-pages.js:191:17)
    at eval (webpack-internal:///(pages-dir-browser)/./node_modules/next/dist/client/dev/hot-reloader/pages/hot-reloader-pages.js:69:13)
    at WebSocket.handleMessage (webpack-internal:///(pages-dir-browser)/./node_modules/next/dist/client/dev/hot-reloader/pages/websocket.js:68:17) @ webpack-internal:///(pages-dir-browser)/./node_modules/next/dist/next-devtools/shared/forward-logs-shared.js:27
[   56701ms] [ERROR] Failed to load resource: the server responded with a status of 404 (Not Found) @ http://localhost:3111/_next/static/webpack/882bcfdc2ebfc3a1.webpack.hot-update.json:0
[   56726ms] [LOG] [Fast Refresh] rebuilding @ webpack-internal:///(pages-dir-browser)/./node_modules/next/dist/next-devtools/shared/forward-logs-shared.js:27
[   56732ms] [WARNING] [HMR] Invalid message: {"type":"isrManifest","data":{"/":true}}
TypeError: Cannot read properties of undefined (reading 'components')
    at handleStaticIndicator (webpack-internal:///(pages-dir-browser)/./node_modules/next/dist/client/dev/hot-reloader/pages/hot-reloader-pages.js:177:46)
    at processMessage (webpack-internal:///(pages-dir-browser)/./node_modules/next/dist/client/dev/hot-reloader/pages/hot-reloader-pages.js:191:17)
    at eval (webpack-internal:///(pages-dir-browser)/./node_modules/next/dist/client/dev/hot-reloader/pages/hot-reloader-pages.js:69:13)
    at WebSocket.handleMessage (webpack-internal:///(pages-dir-browser)/./node_modules/next/dist/client/dev/hot-reloader/pages/websocket.js:68:17) @ webpack-internal:///(pages-dir-browser)/./node_modules/next/dist/next-devtools/shared/forward-logs-shared.js:27
[   57131ms] [INFO] %cDownload the React DevTools for a better development experience: https://reactjs.org/link/react-devtools font-weight:bold @ webpack-internal:///(pages-dir-browser)/./node_modules/react-dom/cjs/react-dom.development.js:29834
[   57147ms] ReferenceError: __turbopack_load_page_chunks__ is not defined
    at http://localhost:3111/_next/static/chunks/pages/_app.js:1:1
[   57148ms] ReferenceError: __turbopack_load_page_chunks__ is not defined
    at http://localhost:3111/_next/static/chunks/pages/index.js:1:1
[   57151ms] [LOG] [HMR] connected @ webpack-internal:///(pages-dir-browser)/./node_modules/next/dist/next-devtools/shared/forward-logs-shared.js:27
[   57152ms] [WARNING] [HMR] Invalid message: {"type":"isrManifest","data":{"/":true}}
TypeError: Cannot read properties of undefined (reading 'components')
    at handleStaticIndicator (webpack-internal:///(pages-dir-browser)/./node_modules/next/dist/client/dev/hot-reloader/pages/hot-reloader-pages.js:177:46)
    at processMessage (webpack-internal:///(pages-dir-browser)/./node_modules/next/dist/client/dev/hot-reloader/pages/hot-reloader-pages.js:191:17)
    at eval (webpack-internal:///(pages-dir-browser)/./node_modules/next/dist/client/dev/hot-reloader/pages/hot-reloader-pages.js:69:13)
    at WebSocket.handleMessage (webpack-internal:///(pages-dir-browser)/./node_modules/next/dist/client/dev/hot-reloader/pages/websocket.js:68:17) @ webpack-internal:///(pages-dir-browser)/./node_modules/next/dist/next-devtools/shared/forward-logs-shared.js:27
[   57206ms] [ERROR] Failed to load resource: the server responded with a status of 404 (Not Found) @ http://localhost:3111/_next/static/webpack/882bcfdc2ebfc3a1.webpack.hot-update.json:0
[   57223ms] [LOG] [Fast Refresh] rebuilding @ webpack-internal:///(pages-dir-browser)/./node_modules/next/dist/next-devtools/shared/forward-logs-shared.js:27
[   57236ms] [WARNING] [HMR] Invalid message: {"type":"isrManifest","data":{"/":true}}
TypeError: Cannot read properties of undefined (reading 'components')
    at handleStaticIndicator (webpack-internal:///(pages-dir-browser)/./node_modules/next/dist/client/dev/hot-reloader/pages/hot-reloader-pages.js:177:46)
    at processMessage (webpack-internal:///(pages-dir-browser)/./node_modules/next/dist/client/dev/hot-reloader/pages/hot-reloader-pages.js:191:17)
    at eval (webpack-internal:///(pages-dir-browser)/./node_modules/next/dist/client/dev/hot-reloader/pages/hot-reloader-pages.js:69:13)
    at WebSocket.handleMessage (webpack-internal:///(pages-dir-browser)/./node_modules/next/dist/client/dev/hot-reloader/pages/websocket.js:68:17) @ webpack-internal:///(pages-dir-browser)/./node_modules/next/dist/next-devtools/shared/forward-logs-shared.js:27
[   57657ms] [INFO] %cDownload the React DevTools for a better development experience: https://reactjs.org/link/react-devtools font-weight:bold @ webpack-internal:///(pages-dir-browser)/./node_modules/react-dom/cjs/react-dom.development.js:29834
[   57679ms] ReferenceError: __turbopack_load_page_chunks__ is not defined
    at http://localhost:3111/_next/static/chunks/pages/_app.js:1:1
[   57680ms] ReferenceError: __turbopack_load_page_chunks__ is not defined
    at http://localhost:3111/_next/static/chunks/pages/index.js:1:1
[   57685ms] [LOG] [HMR] connected @ webpack-internal:///(pages-dir-browser)/./node_modules/next/dist/next-devtools/shared/forward-logs-shared.js:27
[   57685ms] [WARNING] [HMR] Invalid message: {"type":"isrManifest","data":{"/":true}}
TypeError: Cannot read properties of undefined (reading 'components')
    at handleStaticIndicator (webpack-internal:///(pages-dir-browser)/./node_modules/next/dist/client/dev/hot-reloader/pages/hot-reloader-pages.js:177:46)
    at processMessage (webpack-internal:///(pages-dir-browser)/./node_modules/next/dist/client/dev/hot-reloader/pages/hot-reloader-pages.js:191:17)
    at eval (webpack-internal:///(pages-dir-browser)/./node_modules/next/dist/client/dev/hot-reloader/pages/hot-reloader-pages.js:69:13)
    at WebSocket.handleMessage (webpack-internal:///(pages-dir-browser)/./node_modules/next/dist/client/dev/hot-reloader/pages/websocket.js:68:17) @ webpack-internal:///(pages-dir-browser)/./node_modules/next/dist/next-devtools/shared/forward-logs-shared.js:27
[   57738ms] [ERROR] Failed to load resource: the server responded with a status of 404 (Not Found) @ http://localhost:3111/_next/static/webpack/882bcfdc2ebfc3a1.webpack.hot-update.json:0
[   57754ms] [LOG] [Fast Refresh] rebuilding @ webpack-internal:///(pages-dir-browser)/./node_modules/next/dist/next-devtools/shared/forward-logs-shared.js:27
[   57767ms] [WARNING] [HMR] Invalid message: {"type":"isrManifest","data":{"/":true}}
TypeError: Cannot read properties of undefined (reading 'components')
    at handleStaticIndicator (webpack-internal:///(pages-dir-browser)/./node_modules/next/dist/client/dev/hot-reloader/pages/hot-reloader-pages.js:177:46)
    at processMessage (webpack-internal:///(pages-dir-browser)/./node_modules/next/dist/client/dev/hot-reloader/pages/hot-reloader-pages.js:191:17)
    at eval (webpack-internal:///(pages-dir-browser)/./node_modules/next/dist/client/dev/hot-reloader/pages/hot-reloader-pages.js:69:13)
    at WebSocket.handleMessage (webpack-internal:///(pages-dir-browser)/./node_modules/next/dist/client/dev/hot-reloader/pages/websocket.js:68:17) @ webpack-internal:///(pages-dir-browser)/./node_modules/next/dist/next-devtools/shared/forward-logs-shared.js:27
[   58177ms] [INFO] %cDownload the React DevTools for a better development experience: https://reactjs.org/link/react-devtools font-weight:bold @ webpack-internal:///(pages-dir-browser)/./node_modules/react-dom/cjs/react-dom.development.js:29834
[   58198ms] ReferenceError: __turbopack_load_page_chunks__ is not defined
    at http://localhost:3111/_next/static/chunks/pages/_app.js:1:1
[   58199ms] ReferenceError: __turbopack_load_page_chunks__ is not defined
    at http://localhost:3111/_next/static/chunks/pages/index.js:1:1
[   58203ms] [LOG] [HMR] connected @ webpack-internal:///(pages-dir-browser)/./node_modules/next/dist/next-devtools/shared/forward-logs-shared.js:27
[   58204ms] [WARNING] [HMR] Invalid message: {"type":"isrManifest","data":{"/":true}}
TypeError: Cannot read properties of undefined (reading 'components')
    at handleStaticIndicator (webpack-internal:///(pages-dir-browser)/./node_modules/next/dist/client/dev/hot-reloader/pages/hot-reloader-pages.js:177:46)
    at processMessage (webpack-internal:///(pages-dir-browser)/./node_modules/next/dist/client/dev/hot-reloader/pages/hot-reloader-pages.js:191:17)
    at eval (webpack-internal:///(pages-dir-browser)/./node_modules/next/dist/client/dev/hot-reloader/pages/hot-reloader-pages.js:69:13)
    at WebSocket.handleMessage (webpack-internal:///(pages-dir-browser)/./node_modules/next/dist/client/dev/hot-reloader/pages/websocket.js:68:17) @ webpack-internal:///(pages-dir-browser)/./node_modules/next/dist/next-devtools/shared/forward-logs-shared.js:27
[   58252ms] [ERROR] Failed to load resource: the server responded with a status of 404 (Not Found) @ http://localhost:3111/_next/static/webpack/882bcfdc2ebfc3a1.webpack.hot-update.json:0
[   58268ms] [LOG] [Fast Refresh] rebuilding @ webpack-internal:///(pages-dir-browser)/./node_modules/next/dist/next-devtools/shared/forward-logs-shared.js:27
[   58280ms] [WARNING] [HMR] Invalid message: {"type":"isrManifest","data":{"/":true}}
TypeError: Cannot read properties of undefined (reading 'components')
    at handleStaticIndicator (webpack-internal:///(pages-dir-browser)/./node_modules/next/dist/client/dev/hot-reloader/pages/hot-reloader-pages.js:177:46)
    at processMessage (webpack-internal:///(pages-dir-browser)/./node_modules/next/dist/client/dev/hot-reloader/pages/hot-reloader-pages.js:191:17)
    at eval (webpack-internal:///(pages-dir-browser)/./node_modules/next/dist/client/dev/hot-reloader/pages/hot-reloader-pages.js:69:13)
    at WebSocket.handleMessage (webpack-internal:///(pages-dir-browser)/./node_modules/next/dist/client/dev/hot-reloader/pages/websocket.js:68:17) @ webpack-internal:///(pages-dir-browser)/./node_modules/next/dist/next-devtools/shared/forward-logs-shared.js:27
[   58694ms] [INFO] %cDownload the React DevTools for a better development experience: https://reactjs.org/link/react-devtools font-weight:bold @ webpack-internal:///(pages-dir-browser)/./node_modules/react-dom/cjs/react-dom.development.js:29834
[   58709ms] ReferenceError: __turbopack_load_page_chunks__ is not defined
    at http://localhost:3111/_next/static/chunks/pages/_app.js:1:1
[   58710ms] ReferenceError: __turbopack_load_page_chunks__ is not defined
    at http://localhost:3111/_next/static/chunks/pages/index.js:1:1
[   58714ms] [LOG] [HMR] connected @ webpack-internal:///(pages-dir-browser)/./node_modules/next/dist/next-devtools/shared/forward-logs-shared.js:27
[   58715ms] [WARNING] [HMR] Invalid message: {"type":"isrManifest","data":{"/":true}}
TypeError: Cannot read properties of undefined (reading 'components')
    at handleStaticIndicator (webpack-internal:///(pages-dir-browser)/./node_modules/next/dist/client/dev/hot-reloader/pages/hot-reloader-pages.js:177:46)
    at processMessage (webpack-internal:///(pages-dir-browser)/./node_modules/next/dist/client/dev/hot-reloader/pages/hot-reloader-pages.js:191:17)
    at eval (webpack-internal:///(pages-dir-browser)/./node_modules/next/dist/client/dev/hot-reloader/pages/hot-reloader-pages.js:69:13)
    at WebSocket.handleMessage (webpack-internal:///(pages-dir-browser)/./node_modules/next/dist/client/dev/hot-reloader/pages/websocket.js:68:17) @ webpack-internal:///(pages-dir-browser)/./node_modules/next/dist/next-devtools/shared/forward-logs-shared.js:27
[   58755ms] [ERROR] Failed to load resource: the server responded with a status of 404 (Not Found) @ http://localhost:3111/_next/static/webpack/882bcfdc2ebfc3a1.webpack.hot-update.json:0
[   58768ms] [LOG] [Fast Refresh] rebuilding @ webpack-internal:///(pages-dir-browser)/./node_modules/next/dist/next-devtools/shared/forward-logs-shared.js:27
[   58778ms] [WARNING] [HMR] Invalid message: {"type":"isrManifest","data":{"/":true}}
TypeError: Cannot read properties of undefined (reading 'components')
    at handleStaticIndicator (webpack-internal:///(pages-dir-browser)/./node_modules/next/dist/client/dev/hot-reloader/pages/hot-reloader-pages.js:177:46)
    at processMessage (webpack-internal:///(pages-dir-browser)/./node_modules/next/dist/client/dev/hot-reloader/pages/hot-reloader-pages.js:191:17)
    at eval (webpack-internal:///(pages-dir-browser)/./node_modules/next/dist/client/dev/hot-reloader/pages/hot-reloader-pages.js:69:13)
    at WebSocket.handleMessage (webpack-internal:///(pages-dir-browser)/./node_modules/next/dist/client/dev/hot-reloader/pages/websocket.js:68:17) @ webpack-internal:///(pages-dir-browser)/./node_modules/next/dist/next-devtools/shared/forward-logs-shared.js:27
[   59193ms] [INFO] %cDownload the React DevTools for a better development experience: https://reactjs.org/link/react-devtools font-weight:bold @ webpack-internal:///(pages-dir-browser)/./node_modules/react-dom/cjs/react-dom.development.js:29834
[   59208ms] ReferenceError: __turbopack_load_page_chunks__ is not defined
    at http://localhost:3111/_next/static/chunks/pages/_app.js:1:1
[   59208ms] ReferenceError: __turbopack_load_page_chunks__ is not defined
    at http://localhost:3111/_next/static/chunks/pages/index.js:1:1
[   59213ms] [LOG] [HMR] connected @ webpack-internal:///(pages-dir-browser)/./node_modules/next/dist/next-devtools/shared/forward-logs-shared.js:27
[   59213ms] [WARNING] [HMR] Invalid message: {"type":"isrManifest","data":{"/":true}}
TypeError: Cannot read properties of undefined (reading 'components')
    at handleStaticIndicator (webpack-internal:///(pages-dir-browser)/./node_modules/next/dist/client/dev/hot-reloader/pages/hot-reloader-pages.js:177:46)
    at processMessage (webpack-internal:///(pages-dir-browser)/./node_modules/next/dist/client/dev/hot-reloader/pages/hot-reloader-pages.js:191:17)
    at eval (webpack-internal:///(pages-dir-browser)/./node_modules/next/dist/client/dev/hot-reloader/pages/hot-reloader-pages.js:69:13)
    at WebSocket.handleMessage (webpack-internal:///(pages-dir-browser)/./node_modules/next/dist/client/dev/hot-reloader/pages/websocket.js:68:17) @ webpack-internal:///(pages-dir-browser)/./node_modules/next/dist/next-devtools/shared/forward-logs-shared.js:27
[   59254ms] [ERROR] Failed to load resource: the server responded with a status of 404 (Not Found) @ http://localhost:3111/_next/static/webpack/882bcfdc2ebfc3a1.webpack.hot-update.json:0
[   59268ms] [LOG] [Fast Refresh] rebuilding @ webpack-internal:///(pages-dir-browser)/./node_modules/next/dist/next-devtools/shared/forward-logs-shared.js:27
[   59281ms] [WARNING] [HMR] Invalid message: {"type":"isrManifest","data":{"/":true}}
TypeError: Cannot read properties of undefined (reading 'components')
    at handleStaticIndicator (webpack-internal:///(pages-dir-browser)/./node_modules/next/dist/client/dev/hot-reloader/pages/hot-reloader-pages.js:177:46)
    at processMessage (webpack-internal:///(pages-dir-browser)/./node_modules/next/dist/client/dev/hot-reloader/pages/hot-reloader-pages.js:191:17)
    at eval (webpack-internal:///(pages-dir-browser)/./node_modules/next/dist/client/dev/hot-reloader/pages/hot-reloader-pages.js:69:13)
    at WebSocket.handleMessage (webpack-internal:///(pages-dir-browser)/./node_modules/next/dist/client/dev/hot-reloader/pages/websocket.js:68:17) @ webpack-internal:///(pages-dir-browser)/./node_modules/next/dist/next-devtools/shared/forward-logs-shared.js:27
[   59696ms] [INFO] %cDownload the React DevTools for a better development experience: https://reactjs.org/link/react-devtools font-weight:bold @ webpack-internal:///(pages-dir-browser)/./node_modules/react-dom/cjs/react-dom.development.js:29834
[   59719ms] ReferenceError: __turbopack_load_page_chunks__ is not defined
    at http://localhost:3111/_next/static/chunks/pages/_app.js:1:1
[   59720ms] ReferenceError: __turbopack_load_page_chunks__ is not defined
    at http://localhost:3111/_next/static/chunks/pages/index.js:1:1
[   59724ms] [LOG] [HMR] connected @ webpack-internal:///(pages-dir-browser)/./node_modules/next/dist/next-devtools/shared/forward-logs-shared.js:27
[   59725ms] [WARNING] [HMR] Invalid message: {"type":"isrManifest","data":{"/":true}}
TypeError: Cannot read properties of undefined (reading 'components')
    at handleStaticIndicator (webpack-internal:///(pages-dir-browser)/./node_modules/next/dist/client/dev/hot-reloader/pages/hot-reloader-pages.js:177:46)
    at processMessage (webpack-internal:///(pages-dir-browser)/./node_modules/next/dist/client/dev/hot-reloader/pages/hot-reloader-pages.js:191:17)
    at eval (webpack-internal:///(pages-dir-browser)/./node_modules/next/dist/client/dev/hot-reloader/pages/hot-reloader-pages.js:69:13)
    at WebSocket.handleMessage (webpack-internal:///(pages-dir-browser)/./node_modules/next/dist/client/dev/hot-reloader/pages/websocket.js:68:17) @ webpack-internal:///(pages-dir-browser)/./node_modules/next/dist/next-devtools/shared/forward-logs-shared.js:27
[   59742ms] [ERROR] Failed to load resource: the server responded with a status of 404 (Not Found) @ http://localhost:3111/_next/static/webpack/882bcfdc2ebfc3a1.webpack.hot-update.json:0
[   59786ms] [LOG] [Fast Refresh] rebuilding @ webpack-internal:///(pages-dir-browser)/./node_modules/next/dist/next-devtools/shared/forward-logs-shared.js:27
[   59787ms] [WARNING] [HMR] Invalid message: {"type":"isrManifest","data":{"/":true}}
TypeError: Cannot read properties of undefined (reading 'components')
    at handleStaticIndicator (webpack-internal:///(pages-dir-browser)/./node_modules/next/dist/client/dev/hot-reloader/pages/hot-reloader-pages.js:177:46)
    at processMessage (webpack-internal:///(pages-dir-browser)/./node_modules/next/dist/client/dev/hot-reloader/pages/hot-reloader-pages.js:191:17)
    at eval (webpack-internal:///(pages-dir-browser)/./node_modules/next/dist/client/dev/hot-reloader/pages/hot-reloader-pages.js:69:13)
    at WebSocket.handleMessage (webpack-internal:///(pages-dir-browser)/./node_modules/next/dist/client/dev/hot-reloader/pages/websocket.js:68:17) @ webpack-internal:///(pages-dir-browser)/./node_modules/next/dist/next-devtools/shared/forward-logs-shared.js:27
[   60201ms] [INFO] %cDownload the React DevTools for a better development experience: https://reactjs.org/link/react-devtools font-weight:bold @ webpack-internal:///(pages-dir-browser)/./node_modules/react-dom/cjs/react-dom.development.js:29834
[   60225ms] ReferenceError: __turbopack_load_page_chunks__ is not defined
    at http://localhost:3111/_next/static/chunks/pages/_app.js:1:1
[   60226ms] ReferenceError: __turbopack_load_page_chunks__ is not defined
    at http://localhost:3111/_next/static/chunks/pages/index.js:1:1
[   60230ms] [LOG] [HMR] connected @ webpack-internal:///(pages-dir-browser)/./node_modules/next/dist/next-devtools/shared/forward-logs-shared.js:27
[   60231ms] [WARNING] [HMR] Invalid message: {"type":"isrManifest","data":{"/":true}}
TypeError: Cannot read properties of undefined (reading 'components')
    at handleStaticIndicator (webpack-internal:///(pages-dir-browser)/./node_modules/next/dist/client/dev/hot-reloader/pages/hot-reloader-pages.js:177:46)
    at processMessage (webpack-internal:///(pages-dir-browser)/./node_modules/next/dist/client/dev/hot-reloader/pages/hot-reloader-pages.js:191:17)
    at eval (webpack-internal:///(pages-dir-browser)/./node_modules/next/dist/client/dev/hot-reloader/pages/hot-reloader-pages.js:69:13)
    at WebSocket.handleMessage (webpack-internal:///(pages-dir-browser)/./node_modules/next/dist/client/dev/hot-reloader/pages/websocket.js:68:17) @ webpack-internal:///(pages-dir-browser)/./node_modules/next/dist/next-devtools/shared/forward-logs-shared.js:27
[   60282ms] [ERROR] Failed to load resource: the server responded with a status of 404 (Not Found) @ http://localhost:3111/_next/static/webpack/882bcfdc2ebfc3a1.webpack.hot-update.json:0
[   60299ms] [LOG] [Fast Refresh] rebuilding @ webpack-internal:///(pages-dir-browser)/./node_modules/next/dist/next-devtools/shared/forward-logs-shared.js:27
[   60309ms] [WARNING] [HMR] Invalid message: {"type":"isrManifest","data":{"/":true}}
TypeError: Cannot read properties of undefined (reading 'components')
    at handleStaticIndicator (webpack-internal:///(pages-dir-browser)/./node_modules/next/dist/client/dev/hot-reloader/pages/hot-reloader-pages.js:177:46)
    at processMessage (webpack-internal:///(pages-dir-browser)/./node_modules/next/dist/client/dev/hot-reloader/pages/hot-reloader-pages.js:191:17)
    at eval (webpack-internal:///(pages-dir-browser)/./node_modules/next/dist/client/dev/hot-reloader/pages/hot-reloader-pages.js:69:13)
    at WebSocket.handleMessage (webpack-internal:///(pages-dir-browser)/./node_modules/next/dist/client/dev/hot-reloader/pages/websocket.js:68:17) @ webpack-internal:///(pages-dir-browser)/./node_modules/next/dist/next-devtools/shared/forward-logs-shared.js:27
[   60736ms] [INFO] %cDownload the React DevTools for a better development experience: https://reactjs.org/link/react-devtools font-weight:bold @ webpack-internal:///(pages-dir-browser)/./node_modules/react-dom/cjs/react-dom.development.js:29834
[   60758ms] ReferenceError: __turbopack_load_page_chunks__ is not defined
    at http://localhost:3111/_next/static/chunks/pages/_app.js:1:1
[   60758ms] ReferenceError: __turbopack_load_page_chunks__ is not defined
    at http://localhost:3111/_next/static/chunks/pages/index.js:1:1
[   60762ms] [LOG] [HMR] connected @ webpack-internal:///(pages-dir-browser)/./node_modules/next/dist/next-devtools/shared/forward-logs-shared.js:27
[   60763ms] [WARNING] [HMR] Invalid message: {"type":"isrManifest","data":{"/":true}}
TypeError: Cannot read properties of undefined (reading 'components')
    at handleStaticIndicator (webpack-internal:///(pages-dir-browser)/./node_modules/next/dist/client/dev/hot-reloader/pages/hot-reloader-pages.js:177:46)
    at processMessage (webpack-internal:///(pages-dir-browser)/./node_modules/next/dist/client/dev/hot-reloader/pages/hot-reloader-pages.js:191:17)
    at eval (webpack-internal:///(pages-dir-browser)/./node_modules/next/dist/client/dev/hot-reloader/pages/hot-reloader-pages.js:69:13)
    at WebSocket.handleMessage (webpack-internal:///(pages-dir-browser)/./node_modules/next/dist/client/dev/hot-reloader/pages/websocket.js:68:17) @ webpack-internal:///(pages-dir-browser)/./node_modules/next/dist/next-devtools/shared/forward-logs-shared.js:27
[   60806ms] [ERROR] Failed to load resource: the server responded with a status of 404 (Not Found) @ http://localhost:3111/_next/static/webpack/882bcfdc2ebfc3a1.webpack.hot-update.json:0
[   60823ms] [LOG] [Fast Refresh] rebuilding @ webpack-internal:///(pages-dir-browser)/./node_modules/next/dist/next-devtools/shared/forward-logs-shared.js:27
[   60836ms] [WARNING] [HMR] Invalid message: {"type":"isrManifest","data":{"/":true}}
TypeError: Cannot read properties of undefined (reading 'components')
    at handleStaticIndicator (webpack-internal:///(pages-dir-browser)/./node_modules/next/dist/client/dev/hot-reloader/pages/hot-reloader-pages.js:177:46)
    at processMessage (webpack-internal:///(pages-dir-browser)/./node_modules/next/dist/client/dev/hot-reloader/pages/hot-reloader-pages.js:191:17)
    at eval (webpack-internal:///(pages-dir-browser)/./node_modules/next/dist/client/dev/hot-reloader/pages/hot-reloader-pages.js:69:13)
    at WebSocket.handleMessage (webpack-internal:///(pages-dir-browser)/./node_modules/next/dist/client/dev/hot-reloader/pages/websocket.js:68:17) @ webpack-internal:///(pages-dir-browser)/./node_modules/next/dist/next-devtools/shared/forward-logs-shared.js:27
[   61257ms] [INFO] %cDownload the React DevTools for a better development experience: https://reactjs.org/link/react-devtools font-weight:bold @ webpack-internal:///(pages-dir-browser)/./node_modules/react-dom/cjs/react-dom.development.js:29834
[   61276ms] ReferenceError: __turbopack_load_page_chunks__ is not defined
    at http://localhost:3111/_next/static/chunks/pages/_app.js:1:1
[   61276ms] ReferenceError: __turbopack_load_page_chunks__ is not defined
    at http://localhost:3111/_next/static/chunks/pages/index.js:1:1
[   61281ms] [LOG] [HMR] connected @ webpack-internal:///(pages-dir-browser)/./node_modules/next/dist/next-devtools/shared/forward-logs-shared.js:27
[   61281ms] [WARNING] [HMR] Invalid message: {"type":"isrManifest","data":{"/":true}}
TypeError: Cannot read properties of undefined (reading 'components')
    at handleStaticIndicator (webpack-internal:///(pages-dir-browser)/./node_modules/next/dist/client/dev/hot-reloader/pages/hot-reloader-pages.js:177:46)
    at processMessage (webpack-internal:///(pages-dir-browser)/./node_modules/next/dist/client/dev/hot-reloader/pages/hot-reloader-pages.js:191:17)
    at eval (webpack-internal:///(pages-dir-browser)/./node_modules/next/dist/client/dev/hot-reloader/pages/hot-reloader-pages.js:69:13)
    at WebSocket.handleMessage (webpack-internal:///(pages-dir-browser)/./node_modules/next/dist/client/dev/hot-reloader/pages/websocket.js:68:17) @ webpack-internal:///(pages-dir-browser)/./node_modules/next/dist/next-devtools/shared/forward-logs-shared.js:27
[   61335ms] [ERROR] Failed to load resource: the server responded with a status of 404 (Not Found) @ http://localhost:3111/_next/static/webpack/882bcfdc2ebfc3a1.webpack.hot-update.json:0
[   61354ms] [LOG] [Fast Refresh] rebuilding @ webpack-internal:///(pages-dir-browser)/./node_modules/next/dist/next-devtools/shared/forward-logs-shared.js:27
[   61367ms] [WARNING] [HMR] Invalid message: {"type":"isrManifest","data":{"/":true}}
TypeError: Cannot read properties of undefined (reading 'components')
    at handleStaticIndicator (webpack-internal:///(pages-dir-browser)/./node_modules/next/dist/client/dev/hot-reloader/pages/hot-reloader-pages.js:177:46)
    at processMessage (webpack-internal:///(pages-dir-browser)/./node_modules/next/dist/client/dev/hot-reloader/pages/hot-reloader-pages.js:191:17)
    at eval (webpack-internal:///(pages-dir-browser)/./node_modules/next/dist/client/dev/hot-reloader/pages/hot-reloader-pages.js:69:13)
    at WebSocket.handleMessage (webpack-internal:///(pages-dir-browser)/./node_modules/next/dist/client/dev/hot-reloader/pages/websocket.js:68:17) @ webpack-internal:///(pages-dir-browser)/./node_modules/next/dist/next-devtools/shared/forward-logs-shared.js:27
[   61733ms] [INFO] %cDownload the React DevTools for a better development experience: https://reactjs.org/link/react-devtools font-weight:bold @ webpack-internal:///(pages-dir-browser)/./node_modules/react-dom/cjs/react-dom.development.js:29834
[   61757ms] ReferenceError: __turbopack_load_page_chunks__ is not defined
    at http://localhost:3111/_next/static/chunks/pages/_app.js:1:1
[   61757ms] ReferenceError: __turbopack_load_page_chunks__ is not defined
    at http://localhost:3111/_next/static/chunks/pages/index.js:1:1
[   61763ms] [LOG] [HMR] connected @ webpack-internal:///(pages-dir-browser)/./node_modules/next/dist/next-devtools/shared/forward-logs-shared.js:27
[   61763ms] [WARNING] [HMR] Invalid message: {"type":"isrManifest","data":{"/":true}}
TypeError: Cannot read properties of undefined (reading 'components')
    at handleStaticIndicator (webpack-internal:///(pages-dir-browser)/./node_modules/next/dist/client/dev/hot-reloader/pages/hot-reloader-pages.js:177:46)
    at processMessage (webpack-internal:///(pages-dir-browser)/./node_modules/next/dist/client/dev/hot-reloader/pages/hot-reloader-pages.js:191:17)
    at eval (webpack-internal:///(pages-dir-browser)/./node_modules/next/dist/client/dev/hot-reloader/pages/hot-reloader-pages.js:69:13)
    at WebSocket.handleMessage (webpack-internal:///(pages-dir-browser)/./node_modules/next/dist/client/dev/hot-reloader/pages/websocket.js:68:17) @ webpack-internal:///(pages-dir-browser)/./node_modules/next/dist/next-devtools/shared/forward-logs-shared.js:27
[   61805ms] [ERROR] Failed to load resource: the server responded with a status of 404 (Not Found) @ http://localhost:3111/_next/static/webpack/882bcfdc2ebfc3a1.webpack.hot-update.json:0
[   61821ms] [LOG] [Fast Refresh] rebuilding @ webpack-internal:///(pages-dir-browser)/./node_modules/next/dist/next-devtools/shared/forward-logs-shared.js:27
[   61831ms] [WARNING] [HMR] Invalid message: {"type":"isrManifest","data":{"/":true}}
TypeError: Cannot read properties of undefined (reading 'components')
    at handleStaticIndicator (webpack-internal:///(pages-dir-browser)/./node_modules/next/dist/client/dev/hot-reloader/pages/hot-reloader-pages.js:177:46)
    at processMessage (webpack-internal:///(pages-dir-browser)/./node_modules/next/dist/client/dev/hot-reloader/pages/hot-reloader-pages.js:191:17)
    at eval (webpack-internal:///(pages-dir-browser)/./node_modules/next/dist/client/dev/hot-reloader/pages/hot-reloader-pages.js:69:13)
    at WebSocket.handleMessage (webpack-internal:///(pages-dir-browser)/./node_modules/next/dist/client/dev/hot-reloader/pages/websocket.js:68:17) @ webpack-internal:///(pages-dir-browser)/./node_modules/next/dist/next-devtools/shared/forward-logs-shared.js:27
[   62227ms] [INFO] %cDownload the React DevTools for a better development experience: https://reactjs.org/link/react-devtools font-weight:bold @ webpack-internal:///(pages-dir-browser)/./node_modules/react-dom/cjs/react-dom.development.js:29834
[   62245ms] ReferenceError: __turbopack_load_page_chunks__ is not defined
    at http://localhost:3111/_next/static/chunks/pages/_app.js:1:1
[   62246ms] ReferenceError: __turbopack_load_page_chunks__ is not defined
    at http://localhost:3111/_next/static/chunks/pages/index.js:1:1
[   62250ms] [LOG] [HMR] connected @ webpack-internal:///(pages-dir-browser)/./node_modules/next/dist/next-devtools/shared/forward-logs-shared.js:27
[   62251ms] [WARNING] [HMR] Invalid message: {"type":"isrManifest","data":{"/":true}}
TypeError: Cannot read properties of undefined (reading 'components')
    at handleStaticIndicator (webpack-internal:///(pages-dir-browser)/./node_modules/next/dist/client/dev/hot-reloader/pages/hot-reloader-pages.js:177:46)
    at processMessage (webpack-internal:///(pages-dir-browser)/./node_modules/next/dist/client/dev/hot-reloader/pages/hot-reloader-pages.js:191:17)
    at eval (webpack-internal:///(pages-dir-browser)/./node_modules/next/dist/client/dev/hot-reloader/pages/hot-reloader-pages.js:69:13)
    at WebSocket.handleMessage (webpack-internal:///(pages-dir-browser)/./node_modules/next/dist/client/dev/hot-reloader/pages/websocket.js:68:17) @ webpack-internal:///(pages-dir-browser)/./node_modules/next/dist/next-devtools/shared/forward-logs-shared.js:27
[   62300ms] [ERROR] Failed to load resource: the server responded with a status of 404 (Not Found) @ http://localhost:3111/_next/static/webpack/882bcfdc2ebfc3a1.webpack.hot-update.json:0
[   62316ms] [LOG] [Fast Refresh] rebuilding @ webpack-internal:///(pages-dir-browser)/./node_modules/next/dist/next-devtools/shared/forward-logs-shared.js:27
[   62328ms] [WARNING] [HMR] Invalid message: {"type":"isrManifest","data":{"/":true}}
TypeError: Cannot read properties of undefined (reading 'components')
    at handleStaticIndicator (webpack-internal:///(pages-dir-browser)/./node_modules/next/dist/client/dev/hot-reloader/pages/hot-reloader-pages.js:177:46)
    at processMessage (webpack-internal:///(pages-dir-browser)/./node_modules/next/dist/client/dev/hot-reloader/pages/hot-reloader-pages.js:191:17)
    at eval (webpack-internal:///(pages-dir-browser)/./node_modules/next/dist/client/dev/hot-reloader/pages/hot-reloader-pages.js:69:13)
    at WebSocket.handleMessage (webpack-internal:///(pages-dir-browser)/./node_modules/next/dist/client/dev/hot-reloader/pages/websocket.js:68:17) @ webpack-internal:///(pages-dir-browser)/./node_modules/next/dist/next-devtools/shared/forward-logs-shared.js:27
[   62717ms] [INFO] %cDownload the React DevTools for a better development experience: https://reactjs.org/link/react-devtools font-weight:bold @ webpack-internal:///(pages-dir-browser)/./node_modules/react-dom/cjs/react-dom.development.js:29834
[   62739ms] ReferenceError: __turbopack_load_page_chunks__ is not defined
    at http://localhost:3111/_next/static/chunks/pages/_app.js:1:1
[   62739ms] ReferenceError: __turbopack_load_page_chunks__ is not defined
    at http://localhost:3111/_next/static/chunks/pages/index.js:1:1
[   62745ms] [LOG] [HMR] connected @ webpack-internal:///(pages-dir-browser)/./node_modules/next/dist/next-devtools/shared/forward-logs-shared.js:27
[   62747ms] [WARNING] [HMR] Invalid message: {"type":"isrManifest","data":{"/":true}}
TypeError: Cannot read properties of undefined (reading 'components')
    at handleStaticIndicator (webpack-internal:///(pages-dir-browser)/./node_modules/next/dist/client/dev/hot-reloader/pages/hot-reloader-pages.js:177:46)
    at processMessage (webpack-internal:///(pages-dir-browser)/./node_modules/next/dist/client/dev/hot-reloader/pages/hot-reloader-pages.js:191:17)
    at eval (webpack-internal:///(pages-dir-browser)/./node_modules/next/dist/client/dev/hot-reloader/pages/hot-reloader-pages.js:69:13)
    at WebSocket.handleMessage (webpack-internal:///(pages-dir-browser)/./node_modules/next/dist/client/dev/hot-reloader/pages/websocket.js:68:17) @ webpack-internal:///(pages-dir-browser)/./node_modules/next/dist/next-devtools/shared/forward-logs-shared.js:27
[   62793ms] [ERROR] Failed to load resource: the server responded with a status of 404 (Not Found) @ http://localhost:3111/_next/static/webpack/882bcfdc2ebfc3a1.webpack.hot-update.json:0
[   62815ms] [LOG] [Fast Refresh] rebuilding @ webpack-internal:///(pages-dir-browser)/./node_modules/next/dist/next-devtools/shared/forward-logs-shared.js:27
[   62828ms] [WARNING] [HMR] Invalid message: {"type":"isrManifest","data":{"/":true}}
TypeError: Cannot read properties of undefined (reading 'components')
    at handleStaticIndicator (webpack-internal:///(pages-dir-browser)/./node_modules/next/dist/client/dev/hot-reloader/pages/hot-reloader-pages.js:177:46)
    at processMessage (webpack-internal:///(pages-dir-browser)/./node_modules/next/dist/client/dev/hot-reloader/pages/hot-reloader-pages.js:191:17)
    at eval (webpack-internal:///(pages-dir-browser)/./node_modules/next/dist/client/dev/hot-reloader/pages/hot-reloader-pages.js:69:13)
    at WebSocket.handleMessage (webpack-internal:///(pages-dir-browser)/./node_modules/next/dist/client/dev/hot-reloader/pages/websocket.js:68:17) @ webpack-internal:///(pages-dir-browser)/./node_modules/next/dist/next-devtools/shared/forward-logs-shared.js:27
[   63223ms] [INFO] %cDownload the React DevTools for a better development experience: https://reactjs.org/link/react-devtools font-weight:bold @ webpack-internal:///(pages-dir-browser)/./node_modules/react-dom/cjs/react-dom.development.js:29834
[   63259ms] ReferenceError: __turbopack_load_page_chunks__ is not defined
    at http://localhost:3111/_next/static/chunks/pages/_app.js:1:1
[   63264ms] ReferenceError: __turbopack_load_page_chunks__ is not defined
    at http://localhost:3111/_next/static/chunks/pages/index.js:1:1
[   63265ms] [LOG] [HMR] connected @ webpack-internal:///(pages-dir-browser)/./node_modules/next/dist/next-devtools/shared/forward-logs-shared.js:27
[   63266ms] [WARNING] [HMR] Invalid message: {"type":"isrManifest","data":{"/":true}}
TypeError: Cannot read properties of undefined (reading 'components')
    at handleStaticIndicator (webpack-internal:///(pages-dir-browser)/./node_modules/next/dist/client/dev/hot-reloader/pages/hot-reloader-pages.js:177:46)
    at processMessage (webpack-internal:///(pages-dir-browser)/./node_modules/next/dist/client/dev/hot-reloader/pages/hot-reloader-pages.js:191:17)
    at eval (webpack-internal:///(pages-dir-browser)/./node_modules/next/dist/client/dev/hot-reloader/pages/hot-reloader-pages.js:69:13)
    at WebSocket.handleMessage (webpack-internal:///(pages-dir-browser)/./node_modules/next/dist/client/dev/hot-reloader/pages/websocket.js:68:17) @ webpack-internal:///(pages-dir-browser)/./node_modules/next/dist/next-devtools/shared/forward-logs-shared.js:27
[   63288ms] [ERROR] Failed to load resource: the server responded with a status of 404 (Not Found) @ http://localhost:3111/_next/static/webpack/882bcfdc2ebfc3a1.webpack.hot-update.json:0
[   63770ms] [INFO] %cDownload the React DevTools for a better development experience: https://reactjs.org/link/react-devtools font-weight:bold @ webpack-internal:///(pages-dir-browser)/./node_modules/react-dom/cjs/react-dom.development.js:29834
[   63794ms] ReferenceError: __turbopack_load_page_chunks__ is not defined
    at http://localhost:3111/_next/static/chunks/pages/_app.js:1:1
[   63795ms] ReferenceError: __turbopack_load_page_chunks__ is not defined
    at http://localhost:3111/_next/static/chunks/pages/index.js:1:1
[   63799ms] [LOG] [HMR] connected @ webpack-internal:///(pages-dir-browser)/./node_modules/next/dist/next-devtools/shared/forward-logs-shared.js:27
[   63800ms] [WARNING] [HMR] Invalid message: {"type":"isrManifest","data":{"/":true}}
TypeError: Cannot read properties of undefined (reading 'components')
    at handleStaticIndicator (webpack-internal:///(pages-dir-browser)/./node_modules/next/dist/client/dev/hot-reloader/pages/hot-reloader-pages.js:177:46)
    at processMessage (webpack-internal:///(pages-dir-browser)/./node_modules/next/dist/client/dev/hot-reloader/pages/hot-reloader-pages.js:191:17)
    at eval (webpack-internal:///(pages-dir-browser)/./node_modules/next/dist/client/dev/hot-reloader/pages/hot-reloader-pages.js:69:13)
    at WebSocket.handleMessage (webpack-internal:///(pages-dir-browser)/./node_modules/next/dist/client/dev/hot-reloader/pages/websocket.js:68:17) @ webpack-internal:///(pages-dir-browser)/./node_modules/next/dist/next-devtools/shared/forward-logs-shared.js:27
[   63843ms] [ERROR] Failed to load resource: the server responded with a status of 404 (Not Found) @ http://localhost:3111/_next/static/webpack/882bcfdc2ebfc3a1.webpack.hot-update.json:0
[   63860ms] [LOG] [Fast Refresh] rebuilding @ webpack-internal:///(pages-dir-browser)/./node_modules/next/dist/next-devtools/shared/forward-logs-shared.js:27
[   63872ms] [WARNING] [HMR] Invalid message: {"type":"isrManifest","data":{"/":true}}
TypeError: Cannot read properties of undefined (reading 'components')
    at handleStaticIndicator (webpack-internal:///(pages-dir-browser)/./node_modules/next/dist/client/dev/hot-reloader/pages/hot-reloader-pages.js:177:46)
    at processMessage (webpack-internal:///(pages-dir-browser)/./node_modules/next/dist/client/dev/hot-reloader/pages/hot-reloader-pages.js:191:17)
    at eval (webpack-internal:///(pages-dir-browser)/./node_modules/next/dist/client/dev/hot-reloader/pages/hot-reloader-pages.js:69:13)
    at WebSocket.handleMessage (webpack-internal:///(pages-dir-browser)/./node_modules/next/dist/client/dev/hot-reloader/pages/websocket.js:68:17) @ webpack-internal:///(pages-dir-browser)/./node_modules/next/dist/next-devtools/shared/forward-logs-shared.js:27
[   64265ms] [INFO] %cDownload the React DevTools for a better development experience: https://reactjs.org/link/react-devtools font-weight:bold @ webpack-internal:///(pages-dir-browser)/./node_modules/react-dom/cjs/react-dom.development.js:29834
[   64282ms] ReferenceError: __turbopack_load_page_chunks__ is not defined
    at http://localhost:3111/_next/static/chunks/pages/_app.js:1:1
[   64283ms] ReferenceError: __turbopack_load_page_chunks__ is not defined
    at http://localhost:3111/_next/static/chunks/pages/index.js:1:1
[   64288ms] [LOG] [HMR] connected @ webpack-internal:///(pages-dir-browser)/./node_modules/next/dist/next-devtools/shared/forward-logs-shared.js:27
[   64289ms] [WARNING] [HMR] Invalid message: {"type":"isrManifest","data":{"/":true}}
TypeError: Cannot read properties of undefined (reading 'components')
    at handleStaticIndicator (webpack-internal:///(pages-dir-browser)/./node_modules/next/dist/client/dev/hot-reloader/pages/hot-reloader-pages.js:177:46)
    at processMessage (webpack-internal:///(pages-dir-browser)/./node_modules/next/dist/client/dev/hot-reloader/pages/hot-reloader-pages.js:191:17)
    at eval (webpack-internal:///(pages-dir-browser)/./node_modules/next/dist/client/dev/hot-reloader/pages/hot-reloader-pages.js:69:13)
    at WebSocket.handleMessage (webpack-internal:///(pages-dir-browser)/./node_modules/next/dist/client/dev/hot-reloader/pages/websocket.js:68:17) @ webpack-internal:///(pages-dir-browser)/./node_modules/next/dist/next-devtools/shared/forward-logs-shared.js:27
[   64338ms] [ERROR] Failed to load resource: the server responded with a status of 404 (Not Found) @ http://localhost:3111/_next/static/webpack/882bcfdc2ebfc3a1.webpack.hot-update.json:0
[   64357ms] [LOG] [Fast Refresh] rebuilding @ webpack-internal:///(pages-dir-browser)/./node_modules/next/dist/next-devtools/shared/forward-logs-shared.js:27
[   64370ms] [WARNING] [HMR] Invalid message: {"type":"isrManifest","data":{"/":true}}
TypeError: Cannot read properties of undefined (reading 'components')
    at handleStaticIndicator (webpack-internal:///(pages-dir-browser)/./node_modules/next/dist/client/dev/hot-reloader/pages/hot-reloader-pages.js:177:46)
    at processMessage (webpack-internal:///(pages-dir-browser)/./node_modules/next/dist/client/dev/hot-reloader/pages/hot-reloader-pages.js:191:17)
    at eval (webpack-internal:///(pages-dir-browser)/./node_modules/next/dist/client/dev/hot-reloader/pages/hot-reloader-pages.js:69:13)
    at WebSocket.handleMessage (webpack-internal:///(pages-dir-browser)/./node_modules/next/dist/client/dev/hot-reloader/pages/websocket.js:68:17) @ webpack-internal:///(pages-dir-browser)/./node_modules/next/dist/next-devtools/shared/forward-logs-shared.js:27
[   64790ms] [INFO] %cDownload the React DevTools for a better development experience: https://reactjs.org/link/react-devtools font-weight:bold @ webpack-internal:///(pages-dir-browser)/./node_modules/react-dom/cjs/react-dom.development.js:29834
[   64812ms] ReferenceError: __turbopack_load_page_chunks__ is not defined
    at http://localhost:3111/_next/static/chunks/pages/_app.js:1:1
[   64813ms] ReferenceError: __turbopack_load_page_chunks__ is not defined
    at http://localhost:3111/_next/static/chunks/pages/index.js:1:1
[   64818ms] [LOG] [HMR] connected @ webpack-internal:///(pages-dir-browser)/./node_modules/next/dist/next-devtools/shared/forward-logs-shared.js:27
[   64819ms] [WARNING] [HMR] Invalid message: {"type":"isrManifest","data":{"/":true}}
TypeError: Cannot read properties of undefined (reading 'components')
    at handleStaticIndicator (webpack-internal:///(pages-dir-browser)/./node_modules/next/dist/client/dev/hot-reloader/pages/hot-reloader-pages.js:177:46)
    at processMessage (webpack-internal:///(pages-dir-browser)/./node_modules/next/dist/client/dev/hot-reloader/pages/hot-reloader-pages.js:191:17)
    at eval (webpack-internal:///(pages-dir-browser)/./node_modules/next/dist/client/dev/hot-reloader/pages/hot-reloader-pages.js:69:13)
    at WebSocket.handleMessage (webpack-internal:///(pages-dir-browser)/./node_modules/next/dist/client/dev/hot-reloader/pages/websocket.js:68:17) @ webpack-internal:///(pages-dir-browser)/./node_modules/next/dist/next-devtools/shared/forward-logs-shared.js:27
[   64838ms] [ERROR] Failed to load resource: the server responded with a status of 404 (Not Found) @ http://localhost:3111/_next/static/webpack/882bcfdc2ebfc3a1.webpack.hot-update.json:0
[   64887ms] [LOG] [Fast Refresh] rebuilding @ webpack-internal:///(pages-dir-browser)/./node_modules/next/dist/next-devtools/shared/forward-logs-shared.js:27
[   64888ms] [WARNING] [HMR] Invalid message: {"type":"isrManifest","data":{"/":true}}
TypeError: Cannot read properties of undefined (reading 'components')
    at handleStaticIndicator (webpack-internal:///(pages-dir-browser)/./node_modules/next/dist/client/dev/hot-reloader/pages/hot-reloader-pages.js:177:46)
    at processMessage (webpack-internal:///(pages-dir-browser)/./node_modules/next/dist/client/dev/hot-reloader/pages/hot-reloader-pages.js:191:17)
    at eval (webpack-internal:///(pages-dir-browser)/./node_modules/next/dist/client/dev/hot-reloader/pages/hot-reloader-pages.js:69:13)
    at WebSocket.handleMessage (webpack-internal:///(pages-dir-browser)/./node_modules/next/dist/client/dev/hot-reloader/pages/websocket.js:68:17) @ webpack-internal:///(pages-dir-browser)/./node_modules/next/dist/next-devtools/shared/forward-logs-shared.js:27
[   65265ms] [INFO] %cDownload the React DevTools for a better development experience: https://reactjs.org/link/react-devtools font-weight:bold @ webpack-internal:///(pages-dir-browser)/./node_modules/react-dom/cjs/react-dom.development.js:29834
[   65283ms] ReferenceError: __turbopack_load_page_chunks__ is not defined
    at http://localhost:3111/_next/static/chunks/pages/_app.js:1:1
[   65284ms] ReferenceError: __turbopack_load_page_chunks__ is not defined
    at http://localhost:3111/_next/static/chunks/pages/index.js:1:1
[   65289ms] [LOG] [HMR] connected @ webpack-internal:///(pages-dir-browser)/./node_modules/next/dist/next-devtools/shared/forward-logs-shared.js:27
[   65289ms] [WARNING] [HMR] Invalid message: {"type":"isrManifest","data":{"/":true}}
TypeError: Cannot read properties of undefined (reading 'components')
    at handleStaticIndicator (webpack-internal:///(pages-dir-browser)/./node_modules/next/dist/client/dev/hot-reloader/pages/hot-reloader-pages.js:177:46)
    at processMessage (webpack-internal:///(pages-dir-browser)/./node_modules/next/dist/client/dev/hot-reloader/pages/hot-reloader-pages.js:191:17)
    at eval (webpack-internal:///(pages-dir-browser)/./node_modules/next/dist/client/dev/hot-reloader/pages/hot-reloader-pages.js:69:13)
    at WebSocket.handleMessage (webpack-internal:///(pages-dir-browser)/./node_modules/next/dist/client/dev/hot-reloader/pages/websocket.js:68:17) @ webpack-internal:///(pages-dir-browser)/./node_modules/next/dist/next-devtools/shared/forward-logs-shared.js:27
[   65302ms] [ERROR] Failed to load resource: the server responded with a status of 404 (Not Found) @ http://localhost:3111/_next/static/webpack/882bcfdc2ebfc3a1.webpack.hot-update.json:0
[   65321ms] [LOG] [Fast Refresh] rebuilding @ webpack-internal:///(pages-dir-browser)/./node_modules/next/dist/next-devtools/shared/forward-logs-shared.js:27
[   65337ms] [WARNING] [HMR] Invalid message: {"type":"isrManifest","data":{"/":true}}
TypeError: Cannot read properties of undefined (reading 'components')
    at handleStaticIndicator (webpack-internal:///(pages-dir-browser)/./node_modules/next/dist/client/dev/hot-reloader/pages/hot-reloader-pages.js:177:46)
    at processMessage (webpack-internal:///(pages-dir-browser)/./node_modules/next/dist/client/dev/hot-reloader/pages/hot-reloader-pages.js:191:17)
    at eval (webpack-internal:///(pages-dir-browser)/./node_modules/next/dist/client/dev/hot-reloader/pages/hot-reloader-pages.js:69:13)
    at WebSocket.handleMessage (webpack-internal:///(pages-dir-browser)/./node_modules/next/dist/client/dev/hot-reloader/pages/websocket.js:68:17) @ webpack-internal:///(pages-dir-browser)/./node_modules/next/dist/next-devtools/shared/forward-logs-shared.js:27
[   65821ms] [INFO] %cDownload the React DevTools for a better development experience: https://reactjs.org/link/react-devtools font-weight:bold @ webpack-internal:///(pages-dir-browser)/./node_modules/react-dom/cjs/react-dom.development.js:29834
[   65857ms] ReferenceError: __turbopack_load_page_chunks__ is not defined
    at http://localhost:3111/_next/static/chunks/pages/_app.js:1:1
[   65859ms] ReferenceError: __turbopack_load_page_chunks__ is not defined
    at http://localhost:3111/_next/static/chunks/pages/index.js:1:1
[   65865ms] [LOG] [HMR] connected @ webpack-internal:///(pages-dir-browser)/./node_modules/next/dist/next-devtools/shared/forward-logs-shared.js:27
[   65866ms] [WARNING] [HMR] Invalid message: {"type":"isrManifest","data":{"/":true}}
TypeError: Cannot read properties of undefined (reading 'components')
    at handleStaticIndicator (webpack-internal:///(pages-dir-browser)/./node_modules/next/dist/client/dev/hot-reloader/pages/hot-reloader-pages.js:177:46)
    at processMessage (webpack-internal:///(pages-dir-browser)/./node_modules/next/dist/client/dev/hot-reloader/pages/hot-reloader-pages.js:191:17)
    at eval (webpack-internal:///(pages-dir-browser)/./node_modules/next/dist/client/dev/hot-reloader/pages/hot-reloader-pages.js:69:13)
    at WebSocket.handleMessage (webpack-internal:///(pages-dir-browser)/./node_modules/next/dist/client/dev/hot-reloader/pages/websocket.js:68:17) @ webpack-internal:///(pages-dir-browser)/./node_modules/next/dist/next-devtools/shared/forward-logs-shared.js:27
[   65885ms] [ERROR] Failed to load resource: the server responded with a status of 404 (Not Found) @ http://localhost:3111/_next/static/webpack/882bcfdc2ebfc3a1.webpack.hot-update.json:0
[   66379ms] [INFO] %cDownload the React DevTools for a better development experience: https://reactjs.org/link/react-devtools font-weight:bold @ webpack-internal:///(pages-dir-browser)/./node_modules/react-dom/cjs/react-dom.development.js:29834
[   66404ms] ReferenceError: __turbopack_load_page_chunks__ is not defined
    at http://localhost:3111/_next/static/chunks/pages/_app.js:1:1
[   66405ms] ReferenceError: __turbopack_load_page_chunks__ is not defined
    at http://localhost:3111/_next/static/chunks/pages/index.js:1:1
[   66410ms] [LOG] [HMR] connected @ webpack-internal:///(pages-dir-browser)/./node_modules/next/dist/next-devtools/shared/forward-logs-shared.js:27
[   66411ms] [WARNING] [HMR] Invalid message: {"type":"isrManifest","data":{"/":true}}
TypeError: Cannot read properties of undefined (reading 'components')
    at handleStaticIndicator (webpack-internal:///(pages-dir-browser)/./node_modules/next/dist/client/dev/hot-reloader/pages/hot-reloader-pages.js:177:46)
    at processMessage (webpack-internal:///(pages-dir-browser)/./node_modules/next/dist/client/dev/hot-reloader/pages/hot-reloader-pages.js:191:17)
    at eval (webpack-internal:///(pages-dir-browser)/./node_modules/next/dist/client/dev/hot-reloader/pages/hot-reloader-pages.js:69:13)
    at WebSocket.handleMessage (webpack-internal:///(pages-dir-browser)/./node_modules/next/dist/client/dev/hot-reloader/pages/websocket.js:68:17) @ webpack-internal:///(pages-dir-browser)/./node_modules/next/dist/next-devtools/shared/forward-logs-shared.js:27
[   66457ms] [ERROR] Failed to load resource: the server responded with a status of 404 (Not Found) @ http://localhost:3111/_next/static/webpack/882bcfdc2ebfc3a1.webpack.hot-update.json:0
[   66472ms] [LOG] [Fast Refresh] rebuilding @ webpack-internal:///(pages-dir-browser)/./node_modules/next/dist/next-devtools/shared/forward-logs-shared.js:27
[   66484ms] [WARNING] [HMR] Invalid message: {"type":"isrManifest","data":{"/":true}}
TypeError: Cannot read properties of undefined (reading 'components')
    at handleStaticIndicator (webpack-internal:///(pages-dir-browser)/./node_modules/next/dist/client/dev/hot-reloader/pages/hot-reloader-pages.js:177:46)
    at processMessage (webpack-internal:///(pages-dir-browser)/./node_modules/next/dist/client/dev/hot-reloader/pages/hot-reloader-pages.js:191:17)
    at eval (webpack-internal:///(pages-dir-browser)/./node_modules/next/dist/client/dev/hot-reloader/pages/hot-reloader-pages.js:69:13)
    at WebSocket.handleMessage (webpack-internal:///(pages-dir-browser)/./node_modules/next/dist/client/dev/hot-reloader/pages/websocket.js:68:17) @ webpack-internal:///(pages-dir-browser)/./node_modules/next/dist/next-devtools/shared/forward-logs-shared.js:27
[   66905ms] [INFO] %cDownload the React DevTools for a better development experience: https://reactjs.org/link/react-devtools font-weight:bold @ webpack-internal:///(pages-dir-browser)/./node_modules/react-dom/cjs/react-dom.development.js:29834
[   66929ms] ReferenceError: __turbopack_load_page_chunks__ is not defined
    at http://localhost:3111/_next/static/chunks/pages/_app.js:1:1
[   66929ms] ReferenceError: __turbopack_load_page_chunks__ is not defined
    at http://localhost:3111/_next/static/chunks/pages/index.js:1:1
[   66935ms] [LOG] [HMR] connected @ webpack-internal:///(pages-dir-browser)/./node_modules/next/dist/next-devtools/shared/forward-logs-shared.js:27
[   66935ms] [WARNING] [HMR] Invalid message: {"type":"isrManifest","data":{"/":true}}
TypeError: Cannot read properties of undefined (reading 'components')
    at handleStaticIndicator (webpack-internal:///(pages-dir-browser)/./node_modules/next/dist/client/dev/hot-reloader/pages/hot-reloader-pages.js:177:46)
    at processMessage (webpack-internal:///(pages-dir-browser)/./node_modules/next/dist/client/dev/hot-reloader/pages/hot-reloader-pages.js:191:17)
    at eval (webpack-internal:///(pages-dir-browser)/./node_modules/next/dist/client/dev/hot-reloader/pages/hot-reloader-pages.js:69:13)
    at WebSocket.handleMessage (webpack-internal:///(pages-dir-browser)/./node_modules/next/dist/client/dev/hot-reloader/pages/websocket.js:68:17) @ webpack-internal:///(pages-dir-browser)/./node_modules/next/dist/next-devtools/shared/forward-logs-shared.js:27
[   66985ms] [ERROR] Failed to load resource: the server responded with a status of 404 (Not Found) @ http://localhost:3111/_next/static/webpack/882bcfdc2ebfc3a1.webpack.hot-update.json:0
[   67003ms] [LOG] [Fast Refresh] rebuilding @ webpack-internal:///(pages-dir-browser)/./node_modules/next/dist/next-devtools/shared/forward-logs-shared.js:27
[   67017ms] [WARNING] [HMR] Invalid message: {"type":"isrManifest","data":{"/":true}}
TypeError: Cannot read properties of undefined (reading 'components')
    at handleStaticIndicator (webpack-internal:///(pages-dir-browser)/./node_modules/next/dist/client/dev/hot-reloader/pages/hot-reloader-pages.js:177:46)
    at processMessage (webpack-internal:///(pages-dir-browser)/./node_modules/next/dist/client/dev/hot-reloader/pages/hot-reloader-pages.js:191:17)
    at eval (webpack-internal:///(pages-dir-browser)/./node_modules/next/dist/client/dev/hot-reloader/pages/hot-reloader-pages.js:69:13)
    at WebSocket.handleMessage (webpack-internal:///(pages-dir-browser)/./node_modules/next/dist/client/dev/hot-reloader/pages/websocket.js:68:17) @ webpack-internal:///(pages-dir-browser)/./node_modules/next/dist/next-devtools/shared/forward-logs-shared.js:27
[   67462ms] [INFO] %cDownload the React DevTools for a better development experience: https://reactjs.org/link/react-devtools font-weight:bold @ webpack-internal:///(pages-dir-browser)/./node_modules/react-dom/cjs/react-dom.development.js:29834
[   67490ms] ReferenceError: __turbopack_load_page_chunks__ is not defined
    at http://localhost:3111/_next/static/chunks/pages/_app.js:1:1
[   67491ms] ReferenceError: __turbopack_load_page_chunks__ is not defined
    at http://localhost:3111/_next/static/chunks/pages/index.js:1:1
[   67496ms] [LOG] [HMR] connected @ webpack-internal:///(pages-dir-browser)/./node_modules/next/dist/next-devtools/shared/forward-logs-shared.js:27
[   67496ms] [WARNING] [HMR] Invalid message: {"type":"isrManifest","data":{"/":true}}
TypeError: Cannot read properties of undefined (reading 'components')
    at handleStaticIndicator (webpack-internal:///(pages-dir-browser)/./node_modules/next/dist/client/dev/hot-reloader/pages/hot-reloader-pages.js:177:46)
    at processMessage (webpack-internal:///(pages-dir-browser)/./node_modules/next/dist/client/dev/hot-reloader/pages/hot-reloader-pages.js:191:17)
    at eval (webpack-internal:///(pages-dir-browser)/./node_modules/next/dist/client/dev/hot-reloader/pages/hot-reloader-pages.js:69:13)
    at WebSocket.handleMessage (webpack-internal:///(pages-dir-browser)/./node_modules/next/dist/client/dev/hot-reloader/pages/websocket.js:68:17) @ webpack-internal:///(pages-dir-browser)/./node_modules/next/dist/next-devtools/shared/forward-logs-shared.js:27
[   67547ms] [ERROR] Failed to load resource: the server responded with a status of 404 (Not Found) @ http://localhost:3111/_next/static/webpack/882bcfdc2ebfc3a1.webpack.hot-update.json:0
[   67564ms] [LOG] [Fast Refresh] rebuilding @ webpack-internal:///(pages-dir-browser)/./node_modules/next/dist/next-devtools/shared/forward-logs-shared.js:27
[   67580ms] [WARNING] [HMR] Invalid message: {"type":"isrManifest","data":{"/":true}}
TypeError: Cannot read properties of undefined (reading 'components')
    at handleStaticIndicator (webpack-internal:///(pages-dir-browser)/./node_modules/next/dist/client/dev/hot-reloader/pages/hot-reloader-pages.js:177:46)
    at processMessage (webpack-internal:///(pages-dir-browser)/./node_modules/next/dist/client/dev/hot-reloader/pages/hot-reloader-pages.js:191:17)
    at eval (webpack-internal:///(pages-dir-browser)/./node_modules/next/dist/client/dev/hot-reloader/pages/hot-reloader-pages.js:69:13)
    at WebSocket.handleMessage (webpack-internal:///(pages-dir-browser)/./node_modules/next/dist/client/dev/hot-reloader/pages/websocket.js:68:17) @ webpack-internal:///(pages-dir-browser)/./node_modules/next/dist/next-devtools/shared/forward-logs-shared.js:27
[   67985ms] [INFO] %cDownload the React DevTools for a better development experience: https://reactjs.org/link/react-devtools font-weight:bold @ webpack-internal:///(pages-dir-browser)/./node_modules/react-dom/cjs/react-dom.development.js:29834
[   68010ms] ReferenceError: __turbopack_load_page_chunks__ is not defined
    at http://localhost:3111/_next/static/chunks/pages/_app.js:1:1
[   68011ms] ReferenceError: __turbopack_load_page_chunks__ is not defined
    at http://localhost:3111/_next/static/chunks/pages/index.js:1:1
[   68017ms] [LOG] [HMR] connected @ webpack-internal:///(pages-dir-browser)/./node_modules/next/dist/next-devtools/shared/forward-logs-shared.js:27
[   68018ms] [WARNING] [HMR] Invalid message: {"type":"isrManifest","data":{"/":true}}
TypeError: Cannot read properties of undefined (reading 'components')
    at handleStaticIndicator (webpack-internal:///(pages-dir-browser)/./node_modules/next/dist/client/dev/hot-reloader/pages/hot-reloader-pages.js:177:46)
    at processMessage (webpack-internal:///(pages-dir-browser)/./node_modules/next/dist/client/dev/hot-reloader/pages/hot-reloader-pages.js:191:17)
    at eval (webpack-internal:///(pages-dir-browser)/./node_modules/next/dist/client/dev/hot-reloader/pages/hot-reloader-pages.js:69:13)
    at WebSocket.handleMessage (webpack-internal:///(pages-dir-browser)/./node_modules/next/dist/client/dev/hot-reloader/pages/websocket.js:68:17) @ webpack-internal:///(pages-dir-browser)/./node_modules/next/dist/next-devtools/shared/forward-logs-shared.js:27
[   68068ms] [ERROR] Failed to load resource: the server responded with a status of 404 (Not Found) @ http://localhost:3111/_next/static/webpack/882bcfdc2ebfc3a1.webpack.hot-update.json:0
[   68083ms] [LOG] [Fast Refresh] rebuilding @ webpack-internal:///(pages-dir-browser)/./node_modules/next/dist/next-devtools/shared/forward-logs-shared.js:27
[   68093ms] [WARNING] [HMR] Invalid message: {"type":"isrManifest","data":{"/":true}}
TypeError: Cannot read properties of undefined (reading 'components')
    at handleStaticIndicator (webpack-internal:///(pages-dir-browser)/./node_modules/next/dist/client/dev/hot-reloader/pages/hot-reloader-pages.js:177:46)
    at processMessage (webpack-internal:///(pages-dir-browser)/./node_modules/next/dist/client/dev/hot-reloader/pages/hot-reloader-pages.js:191:17)
    at eval (webpack-internal:///(pages-dir-browser)/./node_modules/next/dist/client/dev/hot-reloader/pages/hot-reloader-pages.js:69:13)
    at WebSocket.handleMessage (webpack-internal:///(pages-dir-browser)/./node_modules/next/dist/client/dev/hot-reloader/pages/websocket.js:68:17) @ webpack-internal:///(pages-dir-browser)/./node_modules/next/dist/next-devtools/shared/forward-logs-shared.js:27
[   68524ms] [INFO] %cDownload the React DevTools for a better development experience: https://reactjs.org/link/react-devtools font-weight:bold @ webpack-internal:///(pages-dir-browser)/./node_modules/react-dom/cjs/react-dom.development.js:29834
[   68550ms] ReferenceError: __turbopack_load_page_chunks__ is not defined
    at http://localhost:3111/_next/static/chunks/pages/_app.js:1:1
[   68550ms] ReferenceError: __turbopack_load_page_chunks__ is not defined
    at http://localhost:3111/_next/static/chunks/pages/index.js:1:1
[   68555ms] [LOG] [HMR] connected @ webpack-internal:///(pages-dir-browser)/./node_modules/next/dist/next-devtools/shared/forward-logs-shared.js:27
[   68556ms] [WARNING] [HMR] Invalid message: {"type":"isrManifest","data":{"/":true}}
TypeError: Cannot read properties of undefined (reading 'components')
    at handleStaticIndicator (webpack-internal:///(pages-dir-browser)/./node_modules/next/dist/client/dev/hot-reloader/pages/hot-reloader-pages.js:177:46)
    at processMessage (webpack-internal:///(pages-dir-browser)/./node_modules/next/dist/client/dev/hot-reloader/pages/hot-reloader-pages.js:191:17)
    at eval (webpack-internal:///(pages-dir-browser)/./node_modules/next/dist/client/dev/hot-reloader/pages/hot-reloader-pages.js:69:13)
    at WebSocket.handleMessage (webpack-internal:///(pages-dir-browser)/./node_modules/next/dist/client/dev/hot-reloader/pages/websocket.js:68:17) @ webpack-internal:///(pages-dir-browser)/./node_modules/next/dist/next-devtools/shared/forward-logs-shared.js:27
[   68608ms] [ERROR] Failed to load resource: the server responded with a status of 404 (Not Found) @ http://localhost:3111/_next/static/webpack/882bcfdc2ebfc3a1.webpack.hot-update.json:0
[   68629ms] [LOG] [Fast Refresh] rebuilding @ webpack-internal:///(pages-dir-browser)/./node_modules/next/dist/next-devtools/shared/forward-logs-shared.js:27
[   68643ms] [WARNING] [HMR] Invalid message: {"type":"isrManifest","data":{"/":true}}
TypeError: Cannot read properties of undefined (reading 'components')
    at handleStaticIndicator (webpack-internal:///(pages-dir-browser)/./node_modules/next/dist/client/dev/hot-reloader/pages/hot-reloader-pages.js:177:46)
    at processMessage (webpack-internal:///(pages-dir-browser)/./node_modules/next/dist/client/dev/hot-reloader/pages/hot-reloader-pages.js:191:17)
    at eval (webpack-internal:///(pages-dir-browser)/./node_modules/next/dist/client/dev/hot-reloader/pages/hot-reloader-pages.js:69:13)
    at WebSocket.handleMessage (webpack-internal:///(pages-dir-browser)/./node_modules/next/dist/client/dev/hot-reloader/pages/websocket.js:68:17) @ webpack-internal:///(pages-dir-browser)/./node_modules/next/dist/next-devtools/shared/forward-logs-shared.js:27
[   69095ms] [INFO] %cDownload the React DevTools for a better development experience: https://reactjs.org/link/react-devtools font-weight:bold @ webpack-internal:///(pages-dir-browser)/./node_modules/react-dom/cjs/react-dom.development.js:29834
[   69119ms] ReferenceError: __turbopack_load_page_chunks__ is not defined
    at http://localhost:3111/_next/static/chunks/pages/_app.js:1:1
[   69119ms] ReferenceError: __turbopack_load_page_chunks__ is not defined
    at http://localhost:3111/_next/static/chunks/pages/index.js:1:1
[   69125ms] [LOG] [HMR] connected @ webpack-internal:///(pages-dir-browser)/./node_modules/next/dist/next-devtools/shared/forward-logs-shared.js:27
[   69126ms] [WARNING] [HMR] Invalid message: {"type":"isrManifest","data":{"/":true}}
TypeError: Cannot read properties of undefined (reading 'components')
    at handleStaticIndicator (webpack-internal:///(pages-dir-browser)/./node_modules/next/dist/client/dev/hot-reloader/pages/hot-reloader-pages.js:177:46)
    at processMessage (webpack-internal:///(pages-dir-browser)/./node_modules/next/dist/client/dev/hot-reloader/pages/hot-reloader-pages.js:191:17)
    at eval (webpack-internal:///(pages-dir-browser)/./node_modules/next/dist/client/dev/hot-reloader/pages/hot-reloader-pages.js:69:13)
    at WebSocket.handleMessage (webpack-internal:///(pages-dir-browser)/./node_modules/next/dist/client/dev/hot-reloader/pages/websocket.js:68:17) @ webpack-internal:///(pages-dir-browser)/./node_modules/next/dist/next-devtools/shared/forward-logs-shared.js:27
[   69145ms] [ERROR] Failed to load resource: the server responded with a status of 404 (Not Found) @ http://localhost:3111/_next/static/webpack/882bcfdc2ebfc3a1.webpack.hot-update.json:0
[   69593ms] [INFO] %cDownload the React DevTools for a better development experience: https://reactjs.org/link/react-devtools font-weight:bold @ webpack-internal:///(pages-dir-browser)/./node_modules/react-dom/cjs/react-dom.development.js:29834
[   69618ms] ReferenceError: __turbopack_load_page_chunks__ is not defined
    at http://localhost:3111/_next/static/chunks/pages/_app.js:1:1
[   69619ms] ReferenceError: __turbopack_load_page_chunks__ is not defined
    at http://localhost:3111/_next/static/chunks/pages/index.js:1:1
[   69623ms] [LOG] [HMR] connected @ webpack-internal:///(pages-dir-browser)/./node_modules/next/dist/next-devtools/shared/forward-logs-shared.js:27
[   69624ms] [WARNING] [HMR] Invalid message: {"type":"isrManifest","data":{"/":true}}
TypeError: Cannot read properties of undefined (reading 'components')
    at handleStaticIndicator (webpack-internal:///(pages-dir-browser)/./node_modules/next/dist/client/dev/hot-reloader/pages/hot-reloader-pages.js:177:46)
    at processMessage (webpack-internal:///(pages-dir-browser)/./node_modules/next/dist/client/dev/hot-reloader/pages/hot-reloader-pages.js:191:17)
    at eval (webpack-internal:///(pages-dir-browser)/./node_modules/next/dist/client/dev/hot-reloader/pages/hot-reloader-pages.js:69:13)
    at WebSocket.handleMessage (webpack-internal:///(pages-dir-browser)/./node_modules/next/dist/client/dev/hot-reloader/pages/websocket.js:68:17) @ webpack-internal:///(pages-dir-browser)/./node_modules/next/dist/next-devtools/shared/forward-logs-shared.js:27
[   69671ms] [ERROR] Failed to load resource: the server responded with a status of 404 (Not Found) @ http://localhost:3111/_next/static/webpack/882bcfdc2ebfc3a1.webpack.hot-update.json:0
[   69689ms] [LOG] [Fast Refresh] rebuilding @ webpack-internal:///(pages-dir-browser)/./node_modules/next/dist/next-devtools/shared/forward-logs-shared.js:27
[   69701ms] [WARNING] [HMR] Invalid message: {"type":"isrManifest","data":{"/":true}}
TypeError: Cannot read properties of undefined (reading 'components')
    at handleStaticIndicator (webpack-internal:///(pages-dir-browser)/./node_modules/next/dist/client/dev/hot-reloader/pages/hot-reloader-pages.js:177:46)
    at processMessage (webpack-internal:///(pages-dir-browser)/./node_modules/next/dist/client/dev/hot-reloader/pages/hot-reloader-pages.js:191:17)
    at eval (webpack-internal:///(pages-dir-browser)/./node_modules/next/dist/client/dev/hot-reloader/pages/hot-reloader-pages.js:69:13)
    at WebSocket.handleMessage (webpack-internal:///(pages-dir-browser)/./node_modules/next/dist/client/dev/hot-reloader/pages/websocket.js:68:17) @ webpack-internal:///(pages-dir-browser)/./node_modules/next/dist/next-devtools/shared/forward-logs-shared.js:27
[   70161ms] [INFO] %cDownload the React DevTools for a better development experience: https://reactjs.org/link/react-devtools font-weight:bold @ webpack-internal:///(pages-dir-browser)/./node_modules/react-dom/cjs/react-dom.development.js:29834
[   70184ms] ReferenceError: __turbopack_load_page_chunks__ is not defined
    at http://localhost:3111/_next/static/chunks/pages/_app.js:1:1
[   70185ms] ReferenceError: __turbopack_load_page_chunks__ is not defined
    at http://localhost:3111/_next/static/chunks/pages/index.js:1:1
[   70189ms] [LOG] [HMR] connected @ webpack-internal:///(pages-dir-browser)/./node_modules/next/dist/next-devtools/shared/forward-logs-shared.js:27
[   70189ms] [WARNING] [HMR] Invalid message: {"type":"isrManifest","data":{"/":true}}
TypeError: Cannot read properties of undefined (reading 'components')
    at handleStaticIndicator (webpack-internal:///(pages-dir-browser)/./node_modules/next/dist/client/dev/hot-reloader/pages/hot-reloader-pages.js:177:46)
    at processMessage (webpack-internal:///(pages-dir-browser)/./node_modules/next/dist/client/dev/hot-reloader/pages/hot-reloader-pages.js:191:17)
    at eval (webpack-internal:///(pages-dir-browser)/./node_modules/next/dist/client/dev/hot-reloader/pages/hot-reloader-pages.js:69:13)
    at WebSocket.handleMessage (webpack-internal:///(pages-dir-browser)/./node_modules/next/dist/client/dev/hot-reloader/pages/websocket.js:68:17) @ webpack-internal:///(pages-dir-browser)/./node_modules/next/dist/next-devtools/shared/forward-logs-shared.js:27
[   70240ms] [ERROR] Failed to load resource: the server responded with a status of 404 (Not Found) @ http://localhost:3111/_next/static/webpack/882bcfdc2ebfc3a1.webpack.hot-update.json:0
[   70256ms] [LOG] [Fast Refresh] rebuilding @ webpack-internal:///(pages-dir-browser)/./node_modules/next/dist/next-devtools/shared/forward-logs-shared.js:27
[   70268ms] [WARNING] [HMR] Invalid message: {"type":"isrManifest","data":{"/":true}}
TypeError: Cannot read properties of undefined (reading 'components')
    at handleStaticIndicator (webpack-internal:///(pages-dir-browser)/./node_modules/next/dist/client/dev/hot-reloader/pages/hot-reloader-pages.js:177:46)
    at processMessage (webpack-internal:///(pages-dir-browser)/./node_modules/next/dist/client/dev/hot-reloader/pages/hot-reloader-pages.js:191:17)
    at eval (webpack-internal:///(pages-dir-browser)/./node_modules/next/dist/client/dev/hot-reloader/pages/hot-reloader-pages.js:69:13)
    at WebSocket.handleMessage (webpack-internal:///(pages-dir-browser)/./node_modules/next/dist/client/dev/hot-reloader/pages/websocket.js:68:17) @ webpack-internal:///(pages-dir-browser)/./node_modules/next/dist/next-devtools/shared/forward-logs-shared.js:27
[   70656ms] [INFO] %cDownload the React DevTools for a better development experience: https://reactjs.org/link/react-devtools font-weight:bold @ webpack-internal:///(pages-dir-browser)/./node_modules/react-dom/cjs/react-dom.development.js:29834
[   70680ms] ReferenceError: __turbopack_load_page_chunks__ is not defined
    at http://localhost:3111/_next/static/chunks/pages/_app.js:1:1
[   70680ms] ReferenceError: __turbopack_load_page_chunks__ is not defined
    at http://localhost:3111/_next/static/chunks/pages/index.js:1:1
[   70707ms] [LOG] [HMR] connected @ webpack-internal:///(pages-dir-browser)/./node_modules/next/dist/next-devtools/shared/forward-logs-shared.js:27
[   70708ms] [WARNING] [HMR] Invalid message: {"type":"isrManifest","data":{"/":true}}
TypeError: Cannot read properties of undefined (reading 'components')
    at handleStaticIndicator (webpack-internal:///(pages-dir-browser)/./node_modules/next/dist/client/dev/hot-reloader/pages/hot-reloader-pages.js:177:46)
    at processMessage (webpack-internal:///(pages-dir-browser)/./node_modules/next/dist/client/dev/hot-reloader/pages/hot-reloader-pages.js:191:17)
    at eval (webpack-internal:///(pages-dir-browser)/./node_modules/next/dist/client/dev/hot-reloader/pages/hot-reloader-pages.js:69:13)
    at WebSocket.handleMessage (webpack-internal:///(pages-dir-browser)/./node_modules/next/dist/client/dev/hot-reloader/pages/websocket.js:68:17) @ webpack-internal:///(pages-dir-browser)/./node_modules/next/dist/next-devtools/shared/forward-logs-shared.js:27
[   70757ms] [ERROR] Failed to load resource: the server responded with a status of 404 (Not Found) @ http://localhost:3111/_next/static/webpack/882bcfdc2ebfc3a1.webpack.hot-update.json:0
[   70772ms] [LOG] [Fast Refresh] rebuilding @ webpack-internal:///(pages-dir-browser)/./node_modules/next/dist/next-devtools/shared/forward-logs-shared.js:27
[   70784ms] [WARNING] [HMR] Invalid message: {"type":"isrManifest","data":{"/":true}}
TypeError: Cannot read properties of undefined (reading 'components')
    at handleStaticIndicator (webpack-internal:///(pages-dir-browser)/./node_modules/next/dist/client/dev/hot-reloader/pages/hot-reloader-pages.js:177:46)
    at processMessage (webpack-internal:///(pages-dir-browser)/./node_modules/next/dist/client/dev/hot-reloader/pages/hot-reloader-pages.js:191:17)
    at eval (webpack-internal:///(pages-dir-browser)/./node_modules/next/dist/client/dev/hot-reloader/pages/hot-reloader-pages.js:69:13)
    at WebSocket.handleMessage (webpack-internal:///(pages-dir-browser)/./node_modules/next/dist/client/dev/hot-reloader/pages/websocket.js:68:17) @ webpack-internal:///(pages-dir-browser)/./node_modules/next/dist/next-devtools/shared/forward-logs-shared.js:27
[   71180ms] [INFO] %cDownload the React DevTools for a better development experience: https://reactjs.org/link/react-devtools font-weight:bold @ webpack-internal:///(pages-dir-browser)/./node_modules/react-dom/cjs/react-dom.development.js:29834
[   71197ms] ReferenceError: __turbopack_load_page_chunks__ is not defined
    at http://localhost:3111/_next/static/chunks/pages/_app.js:1:1
[   71198ms] ReferenceError: __turbopack_load_page_chunks__ is not defined
    at http://localhost:3111/_next/static/chunks/pages/index.js:1:1
[   71203ms] [LOG] [HMR] connected @ webpack-internal:///(pages-dir-browser)/./node_modules/next/dist/next-devtools/shared/forward-logs-shared.js:27
[   71204ms] [WARNING] [HMR] Invalid message: {"type":"isrManifest","data":{"/":true}}
TypeError: Cannot read properties of undefined (reading 'components')
    at handleStaticIndicator (webpack-internal:///(pages-dir-browser)/./node_modules/next/dist/client/dev/hot-reloader/pages/hot-reloader-pages.js:177:46)
    at processMessage (webpack-internal:///(pages-dir-browser)/./node_modules/next/dist/client/dev/hot-reloader/pages/hot-reloader-pages.js:191:17)
    at eval (webpack-internal:///(pages-dir-browser)/./node_modules/next/dist/client/dev/hot-reloader/pages/hot-reloader-pages.js:69:13)
    at WebSocket.handleMessage (webpack-internal:///(pages-dir-browser)/./node_modules/next/dist/client/dev/hot-reloader/pages/websocket.js:68:17) @ webpack-internal:///(pages-dir-browser)/./node_modules/next/dist/next-devtools/shared/forward-logs-shared.js:27
[   71252ms] [ERROR] Failed to load resource: the server responded with a status of 404 (Not Found) @ http://localhost:3111/_next/static/webpack/882bcfdc2ebfc3a1.webpack.hot-update.json:0
[   71269ms] [LOG] [Fast Refresh] rebuilding @ webpack-internal:///(pages-dir-browser)/./node_modules/next/dist/next-devtools/shared/forward-logs-shared.js:27
[   71282ms] [WARNING] [HMR] Invalid message: {"type":"isrManifest","data":{"/":true}}
TypeError: Cannot read properties of undefined (reading 'components')
    at handleStaticIndicator (webpack-internal:///(pages-dir-browser)/./node_modules/next/dist/client/dev/hot-reloader/pages/hot-reloader-pages.js:177:46)
    at processMessage (webpack-internal:///(pages-dir-browser)/./node_modules/next/dist/client/dev/hot-reloader/pages/hot-reloader-pages.js:191:17)
    at eval (webpack-internal:///(pages-dir-browser)/./node_modules/next/dist/client/dev/hot-reloader/pages/hot-reloader-pages.js:69:13)
    at WebSocket.handleMessage (webpack-internal:///(pages-dir-browser)/./node_modules/next/dist/client/dev/hot-reloader/pages/websocket.js:68:17) @ webpack-internal:///(pages-dir-browser)/./node_modules/next/dist/next-devtools/shared/forward-logs-shared.js:27
[   71677ms] [INFO] %cDownload the React DevTools for a better development experience: https://reactjs.org/link/react-devtools font-weight:bold @ webpack-internal:///(pages-dir-browser)/./node_modules/react-dom/cjs/react-dom.development.js:29834
[   71698ms] ReferenceError: __turbopack_load_page_chunks__ is not defined
    at http://localhost:3111/_next/static/chunks/pages/_app.js:1:1
[   71698ms] ReferenceError: __turbopack_load_page_chunks__ is not defined
    at http://localhost:3111/_next/static/chunks/pages/index.js:1:1
[   71703ms] [LOG] [HMR] connected @ webpack-internal:///(pages-dir-browser)/./node_modules/next/dist/next-devtools/shared/forward-logs-shared.js:27
[   71703ms] [WARNING] [HMR] Invalid message: {"type":"isrManifest","data":{"/":true}}
TypeError: Cannot read properties of undefined (reading 'components')
    at handleStaticIndicator (webpack-internal:///(pages-dir-browser)/./node_modules/next/dist/client/dev/hot-reloader/pages/hot-reloader-pages.js:177:46)
    at processMessage (webpack-internal:///(pages-dir-browser)/./node_modules/next/dist/client/dev/hot-reloader/pages/hot-reloader-pages.js:191:17)
    at eval (webpack-internal:///(pages-dir-browser)/./node_modules/next/dist/client/dev/hot-reloader/pages/hot-reloader-pages.js:69:13)
    at WebSocket.handleMessage (webpack-internal:///(pages-dir-browser)/./node_modules/next/dist/client/dev/hot-reloader/pages/websocket.js:68:17) @ webpack-internal:///(pages-dir-browser)/./node_modules/next/dist/next-devtools/shared/forward-logs-shared.js:27
[   71749ms] [ERROR] Failed to load resource: the server responded with a status of 404 (Not Found) @ http://localhost:3111/_next/static/webpack/882bcfdc2ebfc3a1.webpack.hot-update.json:0
[   71764ms] [LOG] [Fast Refresh] rebuilding @ webpack-internal:///(pages-dir-browser)/./node_modules/next/dist/next-devtools/shared/forward-logs-shared.js:27
[   71777ms] [WARNING] [HMR] Invalid message: {"type":"isrManifest","data":{"/":true}}
TypeError: Cannot read properties of undefined (reading 'components')
    at handleStaticIndicator (webpack-internal:///(pages-dir-browser)/./node_modules/next/dist/client/dev/hot-reloader/pages/hot-reloader-pages.js:177:46)
    at processMessage (webpack-internal:///(pages-dir-browser)/./node_modules/next/dist/client/dev/hot-reloader/pages/hot-reloader-pages.js:191:17)
    at eval (webpack-internal:///(pages-dir-browser)/./node_modules/next/dist/client/dev/hot-reloader/pages/hot-reloader-pages.js:69:13)
    at WebSocket.handleMessage (webpack-internal:///(pages-dir-browser)/./node_modules/next/dist/client/dev/hot-reloader/pages/websocket.js:68:17) @ webpack-internal:///(pages-dir-browser)/./node_modules/next/dist/next-devtools/shared/forward-logs-shared.js:27
[   72179ms] [INFO] %cDownload the React DevTools for a better development experience: https://reactjs.org/link/react-devtools font-weight:bold @ webpack-internal:///(pages-dir-browser)/./node_modules/react-dom/cjs/react-dom.development.js:29834
[   72197ms] ReferenceError: __turbopack_load_page_chunks__ is not defined
    at http://localhost:3111/_next/static/chunks/pages/_app.js:1:1
[   72198ms] ReferenceError: __turbopack_load_page_chunks__ is not defined
    at http://localhost:3111/_next/static/chunks/pages/index.js:1:1
[   72203ms] [LOG] [HMR] connected @ webpack-internal:///(pages-dir-browser)/./node_modules/next/dist/next-devtools/shared/forward-logs-shared.js:27
[   72204ms] [WARNING] [HMR] Invalid message: {"type":"isrManifest","data":{"/":true}}
TypeError: Cannot read properties of undefined (reading 'components')
    at handleStaticIndicator (webpack-internal:///(pages-dir-browser)/./node_modules/next/dist/client/dev/hot-reloader/pages/hot-reloader-pages.js:177:46)
    at processMessage (webpack-internal:///(pages-dir-browser)/./node_modules/next/dist/client/dev/hot-reloader/pages/hot-reloader-pages.js:191:17)
    at eval (webpack-internal:///(pages-dir-browser)/./node_modules/next/dist/client/dev/hot-reloader/pages/hot-reloader-pages.js:69:13)
    at WebSocket.handleMessage (webpack-internal:///(pages-dir-browser)/./node_modules/next/dist/client/dev/hot-reloader/pages/websocket.js:68:17) @ webpack-internal:///(pages-dir-browser)/./node_modules/next/dist/next-devtools/shared/forward-logs-shared.js:27
[   72249ms] [ERROR] Failed to load resource: the server responded with a status of 404 (Not Found) @ http://localhost:3111/_next/static/webpack/882bcfdc2ebfc3a1.webpack.hot-update.json:0
[   72266ms] [LOG] [Fast Refresh] rebuilding @ webpack-internal:///(pages-dir-browser)/./node_modules/next/dist/next-devtools/shared/forward-logs-shared.js:27
[   72278ms] [WARNING] [HMR] Invalid message: {"type":"isrManifest","data":{"/":true}}
TypeError: Cannot read properties of undefined (reading 'components')
    at handleStaticIndicator (webpack-internal:///(pages-dir-browser)/./node_modules/next/dist/client/dev/hot-reloader/pages/hot-reloader-pages.js:177:46)
    at processMessage (webpack-internal:///(pages-dir-browser)/./node_modules/next/dist/client/dev/hot-reloader/pages/hot-reloader-pages.js:191:17)
    at eval (webpack-internal:///(pages-dir-browser)/./node_modules/next/dist/client/dev/hot-reloader/pages/hot-reloader-pages.js:69:13)
    at WebSocket.handleMessage (webpack-internal:///(pages-dir-browser)/./node_modules/next/dist/client/dev/hot-reloader/pages/websocket.js:68:17) @ webpack-internal:///(pages-dir-browser)/./node_modules/next/dist/next-devtools/shared/forward-logs-shared.js:27
[   72678ms] [INFO] %cDownload the React DevTools for a better development experience: https://reactjs.org/link/react-devtools font-weight:bold @ webpack-internal:///(pages-dir-browser)/./node_modules/react-dom/cjs/react-dom.development.js:29834
[   72702ms] ReferenceError: __turbopack_load_page_chunks__ is not defined
    at http://localhost:3111/_next/static/chunks/pages/_app.js:1:1
[   72703ms] ReferenceError: __turbopack_load_page_chunks__ is not defined
    at http://localhost:3111/_next/static/chunks/pages/index.js:1:1
[   72708ms] [LOG] [HMR] connected @ webpack-internal:///(pages-dir-browser)/./node_modules/next/dist/next-devtools/shared/forward-logs-shared.js:27
[   72709ms] [WARNING] [HMR] Invalid message: {"type":"isrManifest","data":{"/":true}}
TypeError: Cannot read properties of undefined (reading 'components')
    at handleStaticIndicator (webpack-internal:///(pages-dir-browser)/./node_modules/next/dist/client/dev/hot-reloader/pages/hot-reloader-pages.js:177:46)
    at processMessage (webpack-internal:///(pages-dir-browser)/./node_modules/next/dist/client/dev/hot-reloader/pages/hot-reloader-pages.js:191:17)
    at eval (webpack-internal:///(pages-dir-browser)/./node_modules/next/dist/client/dev/hot-reloader/pages/hot-reloader-pages.js:69:13)
    at WebSocket.handleMessage (webpack-internal:///(pages-dir-browser)/./node_modules/next/dist/client/dev/hot-reloader/pages/websocket.js:68:17) @ webpack-internal:///(pages-dir-browser)/./node_modules/next/dist/next-devtools/shared/forward-logs-shared.js:27
[   72733ms] [ERROR] Failed to load resource: the server responded with a status of 404 (Not Found) @ http://localhost:3111/_next/static/webpack/882bcfdc2ebfc3a1.webpack.hot-update.json:0
[   72782ms] [LOG] [Fast Refresh] rebuilding @ webpack-internal:///(pages-dir-browser)/./node_modules/next/dist/next-devtools/shared/forward-logs-shared.js:27
[   72783ms] [WARNING] [HMR] Invalid message: {"type":"isrManifest","data":{"/":true}}
TypeError: Cannot read properties of undefined (reading 'components')
    at handleStaticIndicator (webpack-internal:///(pages-dir-browser)/./node_modules/next/dist/client/dev/hot-reloader/pages/hot-reloader-pages.js:177:46)
    at processMessage (webpack-internal:///(pages-dir-browser)/./node_modules/next/dist/client/dev/hot-reloader/pages/hot-reloader-pages.js:191:17)
    at eval (webpack-internal:///(pages-dir-browser)/./node_modules/next/dist/client/dev/hot-reloader/pages/hot-reloader-pages.js:69:13)
    at WebSocket.handleMessage (webpack-internal:///(pages-dir-browser)/./node_modules/next/dist/client/dev/hot-reloader/pages/websocket.js:68:17) @ webpack-internal:///(pages-dir-browser)/./node_modules/next/dist/next-devtools/shared/forward-logs-shared.js:27
[   73211ms] [INFO] %cDownload the React DevTools for a better development experience: https://reactjs.org/link/react-devtools font-weight:bold @ webpack-internal:///(pages-dir-browser)/./node_modules/react-dom/cjs/react-dom.development.js:29834
[   73236ms] ReferenceError: __turbopack_load_page_chunks__ is not defined
    at http://localhost:3111/_next/static/chunks/pages/_app.js:1:1
[   73239ms] ReferenceError: __turbopack_load_page_chunks__ is not defined
    at http://localhost:3111/_next/static/chunks/pages/index.js:1:1
[   73245ms] [LOG] [HMR] connected @ webpack-internal:///(pages-dir-browser)/./node_modules/next/dist/next-devtools/shared/forward-logs-shared.js:27
[   73246ms] [WARNING] [HMR] Invalid message: {"type":"isrManifest","data":{"/":true}}
TypeError: Cannot read properties of undefined (reading 'components')
    at handleStaticIndicator (webpack-internal:///(pages-dir-browser)/./node_modules/next/dist/client/dev/hot-reloader/pages/hot-reloader-pages.js:177:46)
    at processMessage (webpack-internal:///(pages-dir-browser)/./node_modules/next/dist/client/dev/hot-reloader/pages/hot-reloader-pages.js:191:17)
    at eval (webpack-internal:///(pages-dir-browser)/./node_modules/next/dist/client/dev/hot-reloader/pages/hot-reloader-pages.js:69:13)
    at WebSocket.handleMessage (webpack-internal:///(pages-dir-browser)/./node_modules/next/dist/client/dev/hot-reloader/pages/websocket.js:68:17) @ webpack-internal:///(pages-dir-browser)/./node_modules/next/dist/next-devtools/shared/forward-logs-shared.js:27
[   73280ms] [ERROR] Failed to load resource: the server responded with a status of 404 (Not Found) @ http://localhost:3111/_next/static/webpack/882bcfdc2ebfc3a1.webpack.hot-update.json:0
[   73309ms] [LOG] [Fast Refresh] rebuilding @ webpack-internal:///(pages-dir-browser)/./node_modules/next/dist/next-devtools/shared/forward-logs-shared.js:27
[   73323ms] [WARNING] [HMR] Invalid message: {"type":"isrManifest","data":{"/":true}}
TypeError: Cannot read properties of undefined (reading 'components')
    at handleStaticIndicator (webpack-internal:///(pages-dir-browser)/./node_modules/next/dist/client/dev/hot-reloader/pages/hot-reloader-pages.js:177:46)
    at processMessage (webpack-internal:///(pages-dir-browser)/./node_modules/next/dist/client/dev/hot-reloader/pages/hot-reloader-pages.js:191:17)
    at eval (webpack-internal:///(pages-dir-browser)/./node_modules/next/dist/client/dev/hot-reloader/pages/hot-reloader-pages.js:69:13)
    at WebSocket.handleMessage (webpack-internal:///(pages-dir-browser)/./node_modules/next/dist/client/dev/hot-reloader/pages/websocket.js:68:17) @ webpack-internal:///(pages-dir-browser)/./node_modules/next/dist/next-devtools/shared/forward-logs-shared.js:27
[   73876ms] [INFO] %cDownload the React DevTools for a better development experience: https://reactjs.org/link/react-devtools font-weight:bold @ webpack-internal:///(pages-dir-browser)/./node_modules/react-dom/cjs/react-dom.development.js:29834
[   73919ms] ReferenceError: __turbopack_load_page_chunks__ is not defined
    at http://localhost:3111/_next/static/chunks/pages/_app.js:1:1
[   73922ms] ReferenceError: __turbopack_load_page_chunks__ is not defined
    at http://localhost:3111/_next/static/chunks/pages/index.js:1:1
[   73925ms] [LOG] [HMR] connected @ webpack-internal:///(pages-dir-browser)/./node_modules/next/dist/next-devtools/shared/forward-logs-shared.js:27
[   73926ms] [WARNING] [HMR] Invalid message: {"type":"isrManifest","data":{"/":true}}
TypeError: Cannot read properties of undefined (reading 'components')
    at handleStaticIndicator (webpack-internal:///(pages-dir-browser)/./node_modules/next/dist/client/dev/hot-reloader/pages/hot-reloader-pages.js:177:46)
    at processMessage (webpack-internal:///(pages-dir-browser)/./node_modules/next/dist/client/dev/hot-reloader/pages/hot-reloader-pages.js:191:17)
    at eval (webpack-internal:///(pages-dir-browser)/./node_modules/next/dist/client/dev/hot-reloader/pages/hot-reloader-pages.js:69:13)
    at WebSocket.handleMessage (webpack-internal:///(pages-dir-browser)/./node_modules/next/dist/client/dev/hot-reloader/pages/websocket.js:68:17) @ webpack-internal:///(pages-dir-browser)/./node_modules/next/dist/next-devtools/shared/forward-logs-shared.js:27
[   73965ms] [ERROR] Failed to load resource: the server responded with a status of 404 (Not Found) @ http://localhost:3111/_next/static/webpack/882bcfdc2ebfc3a1.webpack.hot-update.json:0
[   74019ms] [LOG] [Fast Refresh] rebuilding @ webpack-internal:///(pages-dir-browser)/./node_modules/next/dist/next-devtools/shared/forward-logs-shared.js:27
[   74022ms] [WARNING] [HMR] Invalid message: {"type":"isrManifest","data":{"/":true}}
TypeError: Cannot read properties of undefined (reading 'components')
    at handleStaticIndicator (webpack-internal:///(pages-dir-browser)/./node_modules/next/dist/client/dev/hot-reloader/pages/hot-reloader-pages.js:177:46)
    at processMessage (webpack-internal:///(pages-dir-browser)/./node_modules/next/dist/client/dev/hot-reloader/pages/hot-reloader-pages.js:191:17)
    at eval (webpack-internal:///(pages-dir-browser)/./node_modules/next/dist/client/dev/hot-reloader/pages/hot-reloader-pages.js:69:13)
    at WebSocket.handleMessage (webpack-internal:///(pages-dir-browser)/./node_modules/next/dist/client/dev/hot-reloader/pages/websocket.js:68:17) @ webpack-internal:///(pages-dir-browser)/./node_modules/next/dist/next-devtools/shared/forward-logs-shared.js:27
[   74530ms] [INFO] %cDownload the React DevTools for a better development experience: https://reactjs.org/link/react-devtools font-weight:bold @ webpack-internal:///(pages-dir-browser)/./node_modules/react-dom/cjs/react-dom.development.js:29834
[   74555ms] ReferenceError: __turbopack_load_page_chunks__ is not defined
    at http://localhost:3111/_next/static/chunks/pages/_app.js:1:1
[   74556ms] ReferenceError: __turbopack_load_page_chunks__ is not defined
    at http://localhost:3111/_next/static/chunks/pages/index.js:1:1
[   74561ms] [LOG] [HMR] connected @ webpack-internal:///(pages-dir-browser)/./node_modules/next/dist/next-devtools/shared/forward-logs-shared.js:27
[   74562ms] [WARNING] [HMR] Invalid message: {"type":"isrManifest","data":{"/":true}}
TypeError: Cannot read properties of undefined (reading 'components')
    at handleStaticIndicator (webpack-internal:///(pages-dir-browser)/./node_modules/next/dist/client/dev/hot-reloader/pages/hot-reloader-pages.js:177:46)
    at processMessage (webpack-internal:///(pages-dir-browser)/./node_modules/next/dist/client/dev/hot-reloader/pages/hot-reloader-pages.js:191:17)
    at eval (webpack-internal:///(pages-dir-browser)/./node_modules/next/dist/client/dev/hot-reloader/pages/hot-reloader-pages.js:69:13)
    at WebSocket.handleMessage (webpack-internal:///(pages-dir-browser)/./node_modules/next/dist/client/dev/hot-reloader/pages/websocket.js:68:17) @ webpack-internal:///(pages-dir-browser)/./node_modules/next/dist/next-devtools/shared/forward-logs-shared.js:27
[   74576ms] [ERROR] Failed to load resource: the server responded with a status of 404 (Not Found) @ http://localhost:3111/_next/static/webpack/882bcfdc2ebfc3a1.webpack.hot-update.json:0
[   74593ms] [LOG] [Fast Refresh] rebuilding @ webpack-internal:///(pages-dir-browser)/./node_modules/next/dist/next-devtools/shared/forward-logs-shared.js:27
[   74606ms] [WARNING] [HMR] Invalid message: {"type":"isrManifest","data":{"/":true}}
TypeError: Cannot read properties of undefined (reading 'components')
    at handleStaticIndicator (webpack-internal:///(pages-dir-browser)/./node_modules/next/dist/client/dev/hot-reloader/pages/hot-reloader-pages.js:177:46)
    at processMessage (webpack-internal:///(pages-dir-browser)/./node_modules/next/dist/client/dev/hot-reloader/pages/hot-reloader-pages.js:191:17)
    at eval (webpack-internal:///(pages-dir-browser)/./node_modules/next/dist/client/dev/hot-reloader/pages/hot-reloader-pages.js:69:13)
    at WebSocket.handleMessage (webpack-internal:///(pages-dir-browser)/./node_modules/next/dist/client/dev/hot-reloader/pages/websocket.js:68:17) @ webpack-internal:///(pages-dir-browser)/./node_modules/next/dist/next-devtools/shared/forward-logs-shared.js:27
[   75037ms] [INFO] %cDownload the React DevTools for a better development experience: https://reactjs.org/link/react-devtools font-weight:bold @ webpack-internal:///(pages-dir-browser)/./node_modules/react-dom/cjs/react-dom.development.js:29834
[   75065ms] ReferenceError: __turbopack_load_page_chunks__ is not defined
    at http://localhost:3111/_next/static/chunks/pages/_app.js:1:1
[   75066ms] ReferenceError: __turbopack_load_page_chunks__ is not defined
    at http://localhost:3111/_next/static/chunks/pages/index.js:1:1
[   75070ms] [LOG] [HMR] connected @ webpack-internal:///(pages-dir-browser)/./node_modules/next/dist/next-devtools/shared/forward-logs-shared.js:27
[   75071ms] [WARNING] [HMR] Invalid message: {"type":"isrManifest","data":{"/":true}}
TypeError: Cannot read properties of undefined (reading 'components')
    at handleStaticIndicator (webpack-internal:///(pages-dir-browser)/./node_modules/next/dist/client/dev/hot-reloader/pages/hot-reloader-pages.js:177:46)
    at processMessage (webpack-internal:///(pages-dir-browser)/./node_modules/next/dist/client/dev/hot-reloader/pages/hot-reloader-pages.js:191:17)
    at eval (webpack-internal:///(pages-dir-browser)/./node_modules/next/dist/client/dev/hot-reloader/pages/hot-reloader-pages.js:69:13)
    at WebSocket.handleMessage (webpack-internal:///(pages-dir-browser)/./node_modules/next/dist/client/dev/hot-reloader/pages/websocket.js:68:17) @ webpack-internal:///(pages-dir-browser)/./node_modules/next/dist/next-devtools/shared/forward-logs-shared.js:27
[   75090ms] [ERROR] Failed to load resource: the server responded with a status of 404 (Not Found) @ http://localhost:3111/_next/static/webpack/882bcfdc2ebfc3a1.webpack.hot-update.json:0
[   75538ms] [INFO] %cDownload the React DevTools for a better development experience: https://reactjs.org/link/react-devtools font-weight:bold @ webpack-internal:///(pages-dir-browser)/./node_modules/react-dom/cjs/react-dom.development.js:29834
[   75562ms] ReferenceError: __turbopack_load_page_chunks__ is not defined
    at http://localhost:3111/_next/static/chunks/pages/_app.js:1:1
[   75562ms] ReferenceError: __turbopack_load_page_chunks__ is not defined
    at http://localhost:3111/_next/static/chunks/pages/index.js:1:1
[   75568ms] [LOG] [HMR] connected @ webpack-internal:///(pages-dir-browser)/./node_modules/next/dist/next-devtools/shared/forward-logs-shared.js:27
[   75568ms] [WARNING] [HMR] Invalid message: {"type":"isrManifest","data":{"/":true}}
TypeError: Cannot read properties of undefined (reading 'components')
    at handleStaticIndicator (webpack-internal:///(pages-dir-browser)/./node_modules/next/dist/client/dev/hot-reloader/pages/hot-reloader-pages.js:177:46)
    at processMessage (webpack-internal:///(pages-dir-browser)/./node_modules/next/dist/client/dev/hot-reloader/pages/hot-reloader-pages.js:191:17)
    at eval (webpack-internal:///(pages-dir-browser)/./node_modules/next/dist/client/dev/hot-reloader/pages/hot-reloader-pages.js:69:13)
    at WebSocket.handleMessage (webpack-internal:///(pages-dir-browser)/./node_modules/next/dist/client/dev/hot-reloader/pages/websocket.js:68:17) @ webpack-internal:///(pages-dir-browser)/./node_modules/next/dist/next-devtools/shared/forward-logs-shared.js:27
[   75611ms] [ERROR] Failed to load resource: the server responded with a status of 404 (Not Found) @ http://localhost:3111/_next/static/webpack/882bcfdc2ebfc3a1.webpack.hot-update.json:0
[   75625ms] [LOG] [Fast Refresh] rebuilding @ webpack-internal:///(pages-dir-browser)/./node_modules/next/dist/next-devtools/shared/forward-logs-shared.js:27
[   75637ms] [WARNING] [HMR] Invalid message: {"type":"isrManifest","data":{"/":true}}
TypeError: Cannot read properties of undefined (reading 'components')
    at handleStaticIndicator (webpack-internal:///(pages-dir-browser)/./node_modules/next/dist/client/dev/hot-reloader/pages/hot-reloader-pages.js:177:46)
    at processMessage (webpack-internal:///(pages-dir-browser)/./node_modules/next/dist/client/dev/hot-reloader/pages/hot-reloader-pages.js:191:17)
    at eval (webpack-internal:///(pages-dir-browser)/./node_modules/next/dist/client/dev/hot-reloader/pages/hot-reloader-pages.js:69:13)
    at WebSocket.handleMessage (webpack-internal:///(pages-dir-browser)/./node_modules/next/dist/client/dev/hot-reloader/pages/websocket.js:68:17) @ webpack-internal:///(pages-dir-browser)/./node_modules/next/dist/next-devtools/shared/forward-logs-shared.js:27
[   76031ms] [INFO] %cDownload the React DevTools for a better development experience: https://reactjs.org/link/react-devtools font-weight:bold @ webpack-internal:///(pages-dir-browser)/./node_modules/react-dom/cjs/react-dom.development.js:29834
[   76049ms] ReferenceError: __turbopack_load_page_chunks__ is not defined
    at http://localhost:3111/_next/static/chunks/pages/_app.js:1:1
[   76050ms] ReferenceError: __turbopack_load_page_chunks__ is not defined
    at http://localhost:3111/_next/static/chunks/pages/index.js:1:1
[   76055ms] [LOG] [HMR] connected @ webpack-internal:///(pages-dir-browser)/./node_modules/next/dist/next-devtools/shared/forward-logs-shared.js:27
[   76056ms] [WARNING] [HMR] Invalid message: {"type":"isrManifest","data":{"/":true}}
TypeError: Cannot read properties of undefined (reading 'components')
    at handleStaticIndicator (webpack-internal:///(pages-dir-browser)/./node_modules/next/dist/client/dev/hot-reloader/pages/hot-reloader-pages.js:177:46)
    at processMessage (webpack-internal:///(pages-dir-browser)/./node_modules/next/dist/client/dev/hot-reloader/pages/hot-reloader-pages.js:191:17)
    at eval (webpack-internal:///(pages-dir-browser)/./node_modules/next/dist/client/dev/hot-reloader/pages/hot-reloader-pages.js:69:13)
    at WebSocket.handleMessage (webpack-internal:///(pages-dir-browser)/./node_modules/next/dist/client/dev/hot-reloader/pages/websocket.js:68:17) @ webpack-internal:///(pages-dir-browser)/./node_modules/next/dist/next-devtools/shared/forward-logs-shared.js:27
[   76106ms] [ERROR] Failed to load resource: the server responded with a status of 404 (Not Found) @ http://localhost:3111/_next/static/webpack/882bcfdc2ebfc3a1.webpack.hot-update.json:0
[   76124ms] [LOG] [Fast Refresh] rebuilding @ webpack-internal:///(pages-dir-browser)/./node_modules/next/dist/next-devtools/shared/forward-logs-shared.js:27
[   76137ms] [WARNING] [HMR] Invalid message: {"type":"isrManifest","data":{"/":true}}
TypeError: Cannot read properties of undefined (reading 'components')
    at handleStaticIndicator (webpack-internal:///(pages-dir-browser)/./node_modules/next/dist/client/dev/hot-reloader/pages/hot-reloader-pages.js:177:46)
    at processMessage (webpack-internal:///(pages-dir-browser)/./node_modules/next/dist/client/dev/hot-reloader/pages/hot-reloader-pages.js:191:17)
    at eval (webpack-internal:///(pages-dir-browser)/./node_modules/next/dist/client/dev/hot-reloader/pages/hot-reloader-pages.js:69:13)
    at WebSocket.handleMessage (webpack-internal:///(pages-dir-browser)/./node_modules/next/dist/client/dev/hot-reloader/pages/websocket.js:68:17) @ webpack-internal:///(pages-dir-browser)/./node_modules/next/dist/next-devtools/shared/forward-logs-shared.js:27
[   76539ms] [INFO] %cDownload the React DevTools for a better development experience: https://reactjs.org/link/react-devtools font-weight:bold @ webpack-internal:///(pages-dir-browser)/./node_modules/react-dom/cjs/react-dom.development.js:29834
[   76557ms] ReferenceError: __turbopack_load_page_chunks__ is not defined
    at http://localhost:3111/_next/static/chunks/pages/_app.js:1:1
[   76558ms] ReferenceError: __turbopack_load_page_chunks__ is not defined
    at http://localhost:3111/_next/static/chunks/pages/index.js:1:1
[   76563ms] [LOG] [HMR] connected @ webpack-internal:///(pages-dir-browser)/./node_modules/next/dist/next-devtools/shared/forward-logs-shared.js:27
[   76566ms] [WARNING] [HMR] Invalid message: {"type":"isrManifest","data":{"/":true}}
TypeError: Cannot read properties of undefined (reading 'components')
    at handleStaticIndicator (webpack-internal:///(pages-dir-browser)/./node_modules/next/dist/client/dev/hot-reloader/pages/hot-reloader-pages.js:177:46)
    at processMessage (webpack-internal:///(pages-dir-browser)/./node_modules/next/dist/client/dev/hot-reloader/pages/hot-reloader-pages.js:191:17)
    at eval (webpack-internal:///(pages-dir-browser)/./node_modules/next/dist/client/dev/hot-reloader/pages/hot-reloader-pages.js:69:13)
    at WebSocket.handleMessage (webpack-internal:///(pages-dir-browser)/./node_modules/next/dist/client/dev/hot-reloader/pages/websocket.js:68:17) @ webpack-internal:///(pages-dir-browser)/./node_modules/next/dist/next-devtools/shared/forward-logs-shared.js:27
[   76610ms] [ERROR] Failed to load resource: the server responded with a status of 404 (Not Found) @ http://localhost:3111/_next/static/webpack/882bcfdc2ebfc3a1.webpack.hot-update.json:0
[   76626ms] [LOG] [Fast Refresh] rebuilding @ webpack-internal:///(pages-dir-browser)/./node_modules/next/dist/next-devtools/shared/forward-logs-shared.js:27
[   76639ms] [WARNING] [HMR] Invalid message: {"type":"isrManifest","data":{"/":true}}
TypeError: Cannot read properties of undefined (reading 'components')
    at handleStaticIndicator (webpack-internal:///(pages-dir-browser)/./node_modules/next/dist/client/dev/hot-reloader/pages/hot-reloader-pages.js:177:46)
    at processMessage (webpack-internal:///(pages-dir-browser)/./node_modules/next/dist/client/dev/hot-reloader/pages/hot-reloader-pages.js:191:17)
    at eval (webpack-internal:///(pages-dir-browser)/./node_modules/next/dist/client/dev/hot-reloader/pages/hot-reloader-pages.js:69:13)
    at WebSocket.handleMessage (webpack-internal:///(pages-dir-browser)/./node_modules/next/dist/client/dev/hot-reloader/pages/websocket.js:68:17) @ webpack-internal:///(pages-dir-browser)/./node_modules/next/dist/next-devtools/shared/forward-logs-shared.js:27
[   77040ms] [INFO] %cDownload the React DevTools for a better development experience: https://reactjs.org/link/react-devtools font-weight:bold @ webpack-internal:///(pages-dir-browser)/./node_modules/react-dom/cjs/react-dom.development.js:29834
[   77058ms] ReferenceError: __turbopack_load_page_chunks__ is not defined
    at http://localhost:3111/_next/static/chunks/pages/_app.js:1:1
[   77058ms] ReferenceError: __turbopack_load_page_chunks__ is not defined
    at http://localhost:3111/_next/static/chunks/pages/index.js:1:1
[   77063ms] [LOG] [HMR] connected @ webpack-internal:///(pages-dir-browser)/./node_modules/next/dist/next-devtools/shared/forward-logs-shared.js:27
[   77064ms] [WARNING] [HMR] Invalid message: {"type":"isrManifest","data":{"/":true}}
TypeError: Cannot read properties of undefined (reading 'components')
    at handleStaticIndicator (webpack-internal:///(pages-dir-browser)/./node_modules/next/dist/client/dev/hot-reloader/pages/hot-reloader-pages.js:177:46)
    at processMessage (webpack-internal:///(pages-dir-browser)/./node_modules/next/dist/client/dev/hot-reloader/pages/hot-reloader-pages.js:191:17)
    at eval (webpack-internal:///(pages-dir-browser)/./node_modules/next/dist/client/dev/hot-reloader/pages/hot-reloader-pages.js:69:13)
    at WebSocket.handleMessage (webpack-internal:///(pages-dir-browser)/./node_modules/next/dist/client/dev/hot-reloader/pages/websocket.js:68:17) @ webpack-internal:///(pages-dir-browser)/./node_modules/next/dist/next-devtools/shared/forward-logs-shared.js:27
[   77116ms] [ERROR] Failed to load resource: the server responded with a status of 404 (Not Found) @ http://localhost:3111/_next/static/webpack/882bcfdc2ebfc3a1.webpack.hot-update.json:0
[   77132ms] [LOG] [Fast Refresh] rebuilding @ webpack-internal:///(pages-dir-browser)/./node_modules/next/dist/next-devtools/shared/forward-logs-shared.js:27
[   77144ms] [WARNING] [HMR] Invalid message: {"type":"isrManifest","data":{"/":true}}
TypeError: Cannot read properties of undefined (reading 'components')
    at handleStaticIndicator (webpack-internal:///(pages-dir-browser)/./node_modules/next/dist/client/dev/hot-reloader/pages/hot-reloader-pages.js:177:46)
    at processMessage (webpack-internal:///(pages-dir-browser)/./node_modules/next/dist/client/dev/hot-reloader/pages/hot-reloader-pages.js:191:17)
    at eval (webpack-internal:///(pages-dir-browser)/./node_modules/next/dist/client/dev/hot-reloader/pages/hot-reloader-pages.js:69:13)
    at WebSocket.handleMessage (webpack-internal:///(pages-dir-browser)/./node_modules/next/dist/client/dev/hot-reloader/pages/websocket.js:68:17) @ webpack-internal:///(pages-dir-browser)/./node_modules/next/dist/next-devtools/shared/forward-logs-shared.js:27
[   77568ms] [INFO] %cDownload the React DevTools for a better development experience: https://reactjs.org/link/react-devtools font-weight:bold @ webpack-internal:///(pages-dir-browser)/./node_modules/react-dom/cjs/react-dom.development.js:29834
[   77592ms] ReferenceError: __turbopack_load_page_chunks__ is not defined
    at http://localhost:3111/_next/static/chunks/pages/_app.js:1:1
[   77593ms] ReferenceError: __turbopack_load_page_chunks__ is not defined
    at http://localhost:3111/_next/static/chunks/pages/index.js:1:1
[   77601ms] [LOG] [HMR] connected @ webpack-internal:///(pages-dir-browser)/./node_modules/next/dist/next-devtools/shared/forward-logs-shared.js:27
[   77602ms] [WARNING] [HMR] Invalid message: {"type":"isrManifest","data":{"/":true}}
TypeError: Cannot read properties of undefined (reading 'components')
    at handleStaticIndicator (webpack-internal:///(pages-dir-browser)/./node_modules/next/dist/client/dev/hot-reloader/pages/hot-reloader-pages.js:177:46)
    at processMessage (webpack-internal:///(pages-dir-browser)/./node_modules/next/dist/client/dev/hot-reloader/pages/hot-reloader-pages.js:191:17)
    at eval (webpack-internal:///(pages-dir-browser)/./node_modules/next/dist/client/dev/hot-reloader/pages/hot-reloader-pages.js:69:13)
    at WebSocket.handleMessage (webpack-internal:///(pages-dir-browser)/./node_modules/next/dist/client/dev/hot-reloader/pages/websocket.js:68:17) @ webpack-internal:///(pages-dir-browser)/./node_modules/next/dist/next-devtools/shared/forward-logs-shared.js:27
[   77647ms] [ERROR] Failed to load resource: the server responded with a status of 404 (Not Found) @ http://localhost:3111/_next/static/webpack/882bcfdc2ebfc3a1.webpack.hot-update.json:0
[   77661ms] [LOG] [Fast Refresh] rebuilding @ webpack-internal:///(pages-dir-browser)/./node_modules/next/dist/next-devtools/shared/forward-logs-shared.js:27
[   77672ms] [WARNING] [HMR] Invalid message: {"type":"isrManifest","data":{"/":true}}
TypeError: Cannot read properties of undefined (reading 'components')
    at handleStaticIndicator (webpack-internal:///(pages-dir-browser)/./node_modules/next/dist/client/dev/hot-reloader/pages/hot-reloader-pages.js:177:46)
    at processMessage (webpack-internal:///(pages-dir-browser)/./node_modules/next/dist/client/dev/hot-reloader/pages/hot-reloader-pages.js:191:17)
    at eval (webpack-internal:///(pages-dir-browser)/./node_modules/next/dist/client/dev/hot-reloader/pages/hot-reloader-pages.js:69:13)
    at WebSocket.handleMessage (webpack-internal:///(pages-dir-browser)/./node_modules/next/dist/client/dev/hot-reloader/pages/websocket.js:68:17) @ webpack-internal:///(pages-dir-browser)/./node_modules/next/dist/next-devtools/shared/forward-logs-shared.js:27
[   78085ms] [INFO] %cDownload the React DevTools for a better development experience: https://reactjs.org/link/react-devtools font-weight:bold @ webpack-internal:///(pages-dir-browser)/./node_modules/react-dom/cjs/react-dom.development.js:29834
[   78113ms] ReferenceError: __turbopack_load_page_chunks__ is not defined
    at http://localhost:3111/_next/static/chunks/pages/_app.js:1:1
[   78113ms] ReferenceError: __turbopack_load_page_chunks__ is not defined
    at http://localhost:3111/_next/static/chunks/pages/index.js:1:1
[   78119ms] [LOG] [HMR] connected @ webpack-internal:///(pages-dir-browser)/./node_modules/next/dist/next-devtools/shared/forward-logs-shared.js:27
[   78119ms] [WARNING] [HMR] Invalid message: {"type":"isrManifest","data":{"/":true}}
TypeError: Cannot read properties of undefined (reading 'components')
    at handleStaticIndicator (webpack-internal:///(pages-dir-browser)/./node_modules/next/dist/client/dev/hot-reloader/pages/hot-reloader-pages.js:177:46)
    at processMessage (webpack-internal:///(pages-dir-browser)/./node_modules/next/dist/client/dev/hot-reloader/pages/hot-reloader-pages.js:191:17)
    at eval (webpack-internal:///(pages-dir-browser)/./node_modules/next/dist/client/dev/hot-reloader/pages/hot-reloader-pages.js:69:13)
    at WebSocket.handleMessage (webpack-internal:///(pages-dir-browser)/./node_modules/next/dist/client/dev/hot-reloader/pages/websocket.js:68:17) @ webpack-internal:///(pages-dir-browser)/./node_modules/next/dist/next-devtools/shared/forward-logs-shared.js:27
[   78137ms] [ERROR] Failed to load resource: the server responded with a status of 404 (Not Found) @ http://localhost:3111/_next/static/webpack/882bcfdc2ebfc3a1.webpack.hot-update.json:0
[   78601ms] [INFO] %cDownload the React DevTools for a better development experience: https://reactjs.org/link/react-devtools font-weight:bold @ webpack-internal:///(pages-dir-browser)/./node_modules/react-dom/cjs/react-dom.development.js:29834
[   78624ms] ReferenceError: __turbopack_load_page_chunks__ is not defined
    at http://localhost:3111/_next/static/chunks/pages/_app.js:1:1
[   78625ms] ReferenceError: __turbopack_load_page_chunks__ is not defined
    at http://localhost:3111/_next/static/chunks/pages/index.js:1:1
[   78632ms] [LOG] [HMR] connected @ webpack-internal:///(pages-dir-browser)/./node_modules/next/dist/next-devtools/shared/forward-logs-shared.js:27
[   78632ms] [WARNING] [HMR] Invalid message: {"type":"isrManifest","data":{"/":true}}
TypeError: Cannot read properties of undefined (reading 'components')
    at handleStaticIndicator (webpack-internal:///(pages-dir-browser)/./node_modules/next/dist/client/dev/hot-reloader/pages/hot-reloader-pages.js:177:46)
    at processMessage (webpack-internal:///(pages-dir-browser)/./node_modules/next/dist/client/dev/hot-reloader/pages/hot-reloader-pages.js:191:17)
    at eval (webpack-internal:///(pages-dir-browser)/./node_modules/next/dist/client/dev/hot-reloader/pages/hot-reloader-pages.js:69:13)
    at WebSocket.handleMessage (webpack-internal:///(pages-dir-browser)/./node_modules/next/dist/client/dev/hot-reloader/pages/websocket.js:68:17) @ webpack-internal:///(pages-dir-browser)/./node_modules/next/dist/next-devtools/shared/forward-logs-shared.js:27
[   78648ms] [ERROR] Failed to load resource: the server responded with a status of 404 (Not Found) @ http://localhost:3111/_next/static/webpack/882bcfdc2ebfc3a1.webpack.hot-update.json:0
[   79203ms] [INFO] %cDownload the React DevTools for a better development experience: https://reactjs.org/link/react-devtools font-weight:bold @ webpack-internal:///(pages-dir-browser)/./node_modules/react-dom/cjs/react-dom.development.js:29834
[   79231ms] ReferenceError: __turbopack_load_page_chunks__ is not defined
    at http://localhost:3111/_next/static/chunks/pages/_app.js:1:1
[   79236ms] ReferenceError: __turbopack_load_page_chunks__ is not defined
    at http://localhost:3111/_next/static/chunks/pages/index.js:1:1
[   79238ms] [LOG] [HMR] connected @ webpack-internal:///(pages-dir-browser)/./node_modules/next/dist/next-devtools/shared/forward-logs-shared.js:27
[   79241ms] [WARNING] [HMR] Invalid message: {"type":"isrManifest","data":{"/":true}}
TypeError: Cannot read properties of undefined (reading 'components')
    at handleStaticIndicator (webpack-internal:///(pages-dir-browser)/./node_modules/next/dist/client/dev/hot-reloader/pages/hot-reloader-pages.js:177:46)
    at processMessage (webpack-internal:///(pages-dir-browser)/./node_modules/next/dist/client/dev/hot-reloader/pages/hot-reloader-pages.js:191:17)
    at eval (webpack-internal:///(pages-dir-browser)/./node_modules/next/dist/client/dev/hot-reloader/pages/hot-reloader-pages.js:69:13)
    at WebSocket.handleMessage (webpack-internal:///(pages-dir-browser)/./node_modules/next/dist/client/dev/hot-reloader/pages/websocket.js:68:17) @ webpack-internal:///(pages-dir-browser)/./node_modules/next/dist/next-devtools/shared/forward-logs-shared.js:27
[   79260ms] [ERROR] Failed to load resource: the server responded with a status of 404 (Not Found) @ http://localhost:3111/_next/static/webpack/882bcfdc2ebfc3a1.webpack.hot-update.json:0
[   79316ms] [LOG] [Fast Refresh] rebuilding @ webpack-internal:///(pages-dir-browser)/./node_modules/next/dist/next-devtools/shared/forward-logs-shared.js:27
[   79317ms] [WARNING] [HMR] Invalid message: {"type":"isrManifest","data":{"/":true}}
TypeError: Cannot read properties of undefined (reading 'components')
    at handleStaticIndicator (webpack-internal:///(pages-dir-browser)/./node_modules/next/dist/client/dev/hot-reloader/pages/hot-reloader-pages.js:177:46)
    at processMessage (webpack-internal:///(pages-dir-browser)/./node_modules/next/dist/client/dev/hot-reloader/pages/hot-reloader-pages.js:191:17)
    at eval (webpack-internal:///(pages-dir-browser)/./node_modules/next/dist/client/dev/hot-reloader/pages/hot-reloader-pages.js:69:13)
    at WebSocket.handleMessage (webpack-internal:///(pages-dir-browser)/./node_modules/next/dist/client/dev/hot-reloader/pages/websocket.js:68:17) @ webpack-internal:///(pages-dir-browser)/./node_modules/next/dist/next-devtools/shared/forward-logs-shared.js:27
[   79752ms] [INFO] %cDownload the React DevTools for a better development experience: https://reactjs.org/link/react-devtools font-weight:bold @ webpack-internal:///(pages-dir-browser)/./node_modules/react-dom/cjs/react-dom.development.js:29834
[   79774ms] ReferenceError: __turbopack_load_page_chunks__ is not defined
    at http://localhost:3111/_next/static/chunks/pages/_app.js:1:1
[   79775ms] ReferenceError: __turbopack_load_page_chunks__ is not defined
    at http://localhost:3111/_next/static/chunks/pages/index.js:1:1
[   79779ms] [LOG] [HMR] connected @ webpack-internal:///(pages-dir-browser)/./node_modules/next/dist/next-devtools/shared/forward-logs-shared.js:27
[   79780ms] [WARNING] [HMR] Invalid message: {"type":"isrManifest","data":{"/":true}}
TypeError: Cannot read properties of undefined (reading 'components')
    at handleStaticIndicator (webpack-internal:///(pages-dir-browser)/./node_modules/next/dist/client/dev/hot-reloader/pages/hot-reloader-pages.js:177:46)
    at processMessage (webpack-internal:///(pages-dir-browser)/./node_modules/next/dist/client/dev/hot-reloader/pages/hot-reloader-pages.js:191:17)
    at eval (webpack-internal:///(pages-dir-browser)/./node_modules/next/dist/client/dev/hot-reloader/pages/hot-reloader-pages.js:69:13)
    at WebSocket.handleMessage (webpack-internal:///(pages-dir-browser)/./node_modules/next/dist/client/dev/hot-reloader/pages/websocket.js:68:17) @ webpack-internal:///(pages-dir-browser)/./node_modules/next/dist/next-devtools/shared/forward-logs-shared.js:27
[   79791ms] [ERROR] Failed to load resource: the server responded with a status of 404 (Not Found) @ http://localhost:3111/_next/static/webpack/882bcfdc2ebfc3a1.webpack.hot-update.json:0
[   79808ms] [LOG] [Fast Refresh] rebuilding @ webpack-internal:///(pages-dir-browser)/./node_modules/next/dist/next-devtools/shared/forward-logs-shared.js:27
[   79820ms] [WARNING] [HMR] Invalid message: {"type":"isrManifest","data":{"/":true}}
TypeError: Cannot read properties of undefined (reading 'components')
    at handleStaticIndicator (webpack-internal:///(pages-dir-browser)/./node_modules/next/dist/client/dev/hot-reloader/pages/hot-reloader-pages.js:177:46)
    at processMessage (webpack-internal:///(pages-dir-browser)/./node_modules/next/dist/client/dev/hot-reloader/pages/hot-reloader-pages.js:191:17)
    at eval (webpack-internal:///(pages-dir-browser)/./node_modules/next/dist/client/dev/hot-reloader/pages/hot-reloader-pages.js:69:13)
    at WebSocket.handleMessage (webpack-internal:///(pages-dir-browser)/./node_modules/next/dist/client/dev/hot-reloader/pages/websocket.js:68:17) @ webpack-internal:///(pages-dir-browser)/./node_modules/next/dist/next-devtools/shared/forward-logs-shared.js:27
[   80228ms] [INFO] %cDownload the React DevTools for a better development experience: https://reactjs.org/link/react-devtools font-weight:bold @ webpack-internal:///(pages-dir-browser)/./node_modules/react-dom/cjs/react-dom.development.js:29834
[   80252ms] ReferenceError: __turbopack_load_page_chunks__ is not defined
    at http://localhost:3111/_next/static/chunks/pages/_app.js:1:1
[   80253ms] ReferenceError: __turbopack_load_page_chunks__ is not defined
    at http://localhost:3111/_next/static/chunks/pages/index.js:1:1
[   80256ms] [LOG] [HMR] connected @ webpack-internal:///(pages-dir-browser)/./node_modules/next/dist/next-devtools/shared/forward-logs-shared.js:27
[   80257ms] [WARNING] [HMR] Invalid message: {"type":"isrManifest","data":{"/":true}}
TypeError: Cannot read properties of undefined (reading 'components')
    at handleStaticIndicator (webpack-internal:///(pages-dir-browser)/./node_modules/next/dist/client/dev/hot-reloader/pages/hot-reloader-pages.js:177:46)
    at processMessage (webpack-internal:///(pages-dir-browser)/./node_modules/next/dist/client/dev/hot-reloader/pages/hot-reloader-pages.js:191:17)
    at eval (webpack-internal:///(pages-dir-browser)/./node_modules/next/dist/client/dev/hot-reloader/pages/hot-reloader-pages.js:69:13)
    at WebSocket.handleMessage (webpack-internal:///(pages-dir-browser)/./node_modules/next/dist/client/dev/hot-reloader/pages/websocket.js:68:17) @ webpack-internal:///(pages-dir-browser)/./node_modules/next/dist/next-devtools/shared/forward-logs-shared.js:27
[   80324ms] [ERROR] Failed to load resource: the server responded with a status of 404 (Not Found) @ http://localhost:3111/_next/static/webpack/882bcfdc2ebfc3a1.webpack.hot-update.json:0
[   80341ms] [LOG] [Fast Refresh] rebuilding @ webpack-internal:///(pages-dir-browser)/./node_modules/next/dist/next-devtools/shared/forward-logs-shared.js:27
[   80353ms] [WARNING] [HMR] Invalid message: {"type":"isrManifest","data":{"/":true}}
TypeError: Cannot read properties of undefined (reading 'components')
    at handleStaticIndicator (webpack-internal:///(pages-dir-browser)/./node_modules/next/dist/client/dev/hot-reloader/pages/hot-reloader-pages.js:177:46)
    at processMessage (webpack-internal:///(pages-dir-browser)/./node_modules/next/dist/client/dev/hot-reloader/pages/hot-reloader-pages.js:191:17)
    at eval (webpack-internal:///(pages-dir-browser)/./node_modules/next/dist/client/dev/hot-reloader/pages/hot-reloader-pages.js:69:13)
    at WebSocket.handleMessage (webpack-internal:///(pages-dir-browser)/./node_modules/next/dist/client/dev/hot-reloader/pages/websocket.js:68:17) @ webpack-internal:///(pages-dir-browser)/./node_modules/next/dist/next-devtools/shared/forward-logs-shared.js:27
[   80805ms] [INFO] %cDownload the React DevTools for a better development experience: https://reactjs.org/link/react-devtools font-weight:bold @ webpack-internal:///(pages-dir-browser)/./node_modules/react-dom/cjs/react-dom.development.js:29834
[   80833ms] ReferenceError: __turbopack_load_page_chunks__ is not defined
    at http://localhost:3111/_next/static/chunks/pages/_app.js:1:1
[   80834ms] ReferenceError: __turbopack_load_page_chunks__ is not defined
    at http://localhost:3111/_next/static/chunks/pages/index.js:1:1
[   80840ms] [LOG] [HMR] connected @ webpack-internal:///(pages-dir-browser)/./node_modules/next/dist/next-devtools/shared/forward-logs-shared.js:27
[   80840ms] [WARNING] [HMR] Invalid message: {"type":"isrManifest","data":{"/":true}}
TypeError: Cannot read properties of undefined (reading 'components')
    at handleStaticIndicator (webpack-internal:///(pages-dir-browser)/./node_modules/next/dist/client/dev/hot-reloader/pages/hot-reloader-pages.js:177:46)
    at processMessage (webpack-internal:///(pages-dir-browser)/./node_modules/next/dist/client/dev/hot-reloader/pages/hot-reloader-pages.js:191:17)
    at eval (webpack-internal:///(pages-dir-browser)/./node_modules/next/dist/client/dev/hot-reloader/pages/hot-reloader-pages.js:69:13)
    at WebSocket.handleMessage (webpack-internal:///(pages-dir-browser)/./node_modules/next/dist/client/dev/hot-reloader/pages/websocket.js:68:17) @ webpack-internal:///(pages-dir-browser)/./node_modules/next/dist/next-devtools/shared/forward-logs-shared.js:27
[   80896ms] [ERROR] Failed to load resource: the server responded with a status of 404 (Not Found) @ http://localhost:3111/_next/static/webpack/882bcfdc2ebfc3a1.webpack.hot-update.json:0
[   80912ms] [LOG] [Fast Refresh] rebuilding @ webpack-internal:///(pages-dir-browser)/./node_modules/next/dist/next-devtools/shared/forward-logs-shared.js:27
[   80924ms] [WARNING] [HMR] Invalid message: {"type":"isrManifest","data":{"/":true}}
TypeError: Cannot read properties of undefined (reading 'components')
    at handleStaticIndicator (webpack-internal:///(pages-dir-browser)/./node_modules/next/dist/client/dev/hot-reloader/pages/hot-reloader-pages.js:177:46)
    at processMessage (webpack-internal:///(pages-dir-browser)/./node_modules/next/dist/client/dev/hot-reloader/pages/hot-reloader-pages.js:191:17)
    at eval (webpack-internal:///(pages-dir-browser)/./node_modules/next/dist/client/dev/hot-reloader/pages/hot-reloader-pages.js:69:13)
    at WebSocket.handleMessage (webpack-internal:///(pages-dir-browser)/./node_modules/next/dist/client/dev/hot-reloader/pages/websocket.js:68:17) @ webpack-internal:///(pages-dir-browser)/./node_modules/next/dist/next-devtools/shared/forward-logs-shared.js:27
[   81339ms] [INFO] %cDownload the React DevTools for a better development experience: https://reactjs.org/link/react-devtools font-weight:bold @ webpack-internal:///(pages-dir-browser)/./node_modules/react-dom/cjs/react-dom.development.js:29834
[   81361ms] ReferenceError: __turbopack_load_page_chunks__ is not defined
    at http://localhost:3111/_next/static/chunks/pages/_app.js:1:1
[   81363ms] ReferenceError: __turbopack_load_page_chunks__ is not defined
    at http://localhost:3111/_next/static/chunks/pages/index.js:1:1
[   81383ms] [LOG] [HMR] connected @ webpack-internal:///(pages-dir-browser)/./node_modules/next/dist/next-devtools/shared/forward-logs-shared.js:27
[   81386ms] [WARNING] [HMR] Invalid message: {"type":"isrManifest","data":{"/":true}}
TypeError: Cannot read properties of undefined (reading 'components')
    at handleStaticIndicator (webpack-internal:///(pages-dir-browser)/./node_modules/next/dist/client/dev/hot-reloader/pages/hot-reloader-pages.js:177:46)
    at processMessage (webpack-internal:///(pages-dir-browser)/./node_modules/next/dist/client/dev/hot-reloader/pages/hot-reloader-pages.js:191:17)
    at eval (webpack-internal:///(pages-dir-browser)/./node_modules/next/dist/client/dev/hot-reloader/pages/hot-reloader-pages.js:69:13)
    at WebSocket.handleMessage (webpack-internal:///(pages-dir-browser)/./node_modules/next/dist/client/dev/hot-reloader/pages/websocket.js:68:17) @ webpack-internal:///(pages-dir-browser)/./node_modules/next/dist/next-devtools/shared/forward-logs-shared.js:27
[   81437ms] [ERROR] Failed to load resource: the server responded with a status of 404 (Not Found) @ http://localhost:3111/_next/static/webpack/882bcfdc2ebfc3a1.webpack.hot-update.json:0
[   81452ms] [LOG] [Fast Refresh] rebuilding @ webpack-internal:///(pages-dir-browser)/./node_modules/next/dist/next-devtools/shared/forward-logs-shared.js:27
[   81464ms] [WARNING] [HMR] Invalid message: {"type":"isrManifest","data":{"/":true}}
TypeError: Cannot read properties of undefined (reading 'components')
    at handleStaticIndicator (webpack-internal:///(pages-dir-browser)/./node_modules/next/dist/client/dev/hot-reloader/pages/hot-reloader-pages.js:177:46)
    at processMessage (webpack-internal:///(pages-dir-browser)/./node_modules/next/dist/client/dev/hot-reloader/pages/hot-reloader-pages.js:191:17)
    at eval (webpack-internal:///(pages-dir-browser)/./node_modules/next/dist/client/dev/hot-reloader/pages/hot-reloader-pages.js:69:13)
    at WebSocket.handleMessage (webpack-internal:///(pages-dir-browser)/./node_modules/next/dist/client/dev/hot-reloader/pages/websocket.js:68:17) @ webpack-internal:///(pages-dir-browser)/./node_modules/next/dist/next-devtools/shared/forward-logs-shared.js:27
